"5,5,5,5","[-0.8790101147920303, -0.7967940479457184, -0.7921226117907897, -0.766221182013667, -0.7625418170282259, -0.7620333509841896, -0.7607511455777679, -0.7598360833728457, -0.7541547017871455, -0.7530522131543884, -0.7511333919049067, -0.7509671714868641, -0.7498799349939507, -0.7469169713716871, -0.7412340295433261, -0.7381019099796415, -0.7369577593764502, -0.7361281598397944, -0.7349481245879617, -0.7332305029128371, -0.7326218626213917, -0.729496794596869, -0.7285845371857321, -0.7284056629210597, -0.7277842376494866, -0.726136223596003, -0.7251395988519111, -0.7227026102210652, -0.7176180706427095, -0.7168202764858297, -0.7163909327663159, -0.7161607664632251, -0.7155385589747375, -0.7144512586529455, -0.7144512586529455, -0.7130945288688133, -0.7094099508101216, -0.7090825777403513, -0.7057917944666542, -0.7056785274467896, -0.7053219961530814, -0.7044970359332225, -0.7008579295911564, -0.6973214505253059, -0.6973214505253059, -0.6952341974431232, -0.6826189710156954, -0.6790533848887402, -0.6663857968061144, -0.6610247109443412]"
"5,5,5,10","[2.202531545127488, 2.206041563739286, 2.21461423358996, 2.2264620174575125, 2.2270244919306816, 2.2272360041995283, 2.2292130791168967, 2.230112319025009, 2.2312471525877777, 2.2316736799407364, 2.2316736799407364, 2.232421500439081, 2.2330368962557903, 2.2333951403477936, 2.2367707344954573, 2.2374934601538246, 2.23758097919995, 2.2422838390332434, 2.2424773377396865, 2.242560834722726, 2.242903865092645, 2.2451551543364623, 2.2483599294875676, 2.2487372865722914, 2.2487372865722914, 2.2487372865722914, 2.2496437937155216, 2.2501003736617293, 2.2501084717822075, 2.2501512193104247, 2.2501512193104247, 2.2501512193104247, 2.2501512193104247, 2.25022584404513, 2.250344937975166, 2.2505007871824794, 2.2505577443130003, 2.2508663350020752, 2.2509073805120865, 2.2518550300020532, 2.2526163237091015, 2.2546276713013835, 2.255341452674804, 2.256652527054884, 2.260205661829473, 2.260608344950715, 2.2655733588510056, 2.2675092163486967, 2.2705578772954187, 2.2865869933108254]"
"5,5,5,50","[-2.94519983895585, -2.8489364944563005, -2.6740431329857977, -2.6503907442320997, -2.499406953677058, -2.387285095560218, -2.3838828953693327, -2.362392584638193, -2.362170770458538, -2.362170770458538, -2.3613387716843217, -2.3595833415969016, -2.3595833415969016, -2.3595833415969016, -2.357365186051812, -2.3563341970968428, -2.3556874333528937, -2.3556424361148145, -2.3552736975496114, -2.355255318099928, -2.3550928869041217, -2.3542479923075663, -2.3533685084631073, -2.352070109546675, -2.351709595121043, -2.351709595121043, -2.351468412220134, -2.347967823639553, -2.3475275067380466, -2.3471670966250686, -2.3436930692454876, -2.3415532197978277, -2.341524402905283, -2.3404711532044034, -2.338867710982216, -2.3378712166861075, -2.337691874721316, -2.333750106496077, -2.330902995800427, -2.330833039762822, -2.3291436241622545, -2.327111241268055, -2.3243398836280735, -2.321832535381091, -2.319882199411581, -2.3183112445925045, -2.1573914960919027, -0.06148166235954877, 0.24300622321410503, 0.5595246987419313]"
"5,5,10,5","[4.669081476879529, 4.680936364581225, 4.68756000678982, 4.690304291327563, 4.6932059435651485, 4.693769517874061, 4.695239990065152, 4.696218172149043, 4.696981674435977, 4.698289091370044, 4.700903763934795, 4.701441815666804, 4.704499643146705, 4.706181339305878, 4.706430899298118, 4.706681405254445, 4.706681405254445, 4.708528197592978, 4.709323997142624, 4.709493834375642, 4.709620874195133, 4.710261928367075, 4.710445021569206, 4.710445021569206, 4.710445021569206, 4.710445021569206, 4.716356067776166, 4.721855349528471, 4.7230371076005815, 4.7238169153006835, 4.724635269209755, 4.726167365898949, 4.726414385875392, 4.73081813426803, 4.73122299132363, 4.732990740950014, 4.733211261274923, 4.733947732721616, 4.734743743032086, 4.734743743032086, 4.735157148120752, 4.736000315313288, 4.736245334753886, 4.73680880138724, 4.738081209959172, 4.7418595637532155, 4.743760089103544, 4.748582185210195, 4.754136293936457, 4.763988008479666]"
"5,5,10,10","[7.270611215769442, 7.270611215769442, 7.272590208395123, 7.273248984641679, 7.276524666659925, 7.276582041746344, 7.276601892373131, 7.277050943942287, 7.277894504259361, 7.281474439677454, 7.28160559637492, 7.284697196383481, 7.287843092233778, 7.288030442140117, 7.289843048360081, 7.290017921505731, 7.290341869731092, 7.290341869731092, 7.291044535794976, 7.291108100729275, 7.2913963500154315, 7.2913963500154315, 7.291795663526905, 7.29273040963575, 7.29273040963575, 7.29404301715392, 7.294645088617173, 7.295310745306624, 7.295538114046121, 7.296498888009742, 7.2965148270674565, 7.296759027518533, 7.297550371284933, 7.298100667110039, 7.298700023885149, 7.298904530453047, 7.300332780490182, 7.300351944407014, 7.301134018022585, 7.3016023665927055, 7.3017672318295865, 7.304864998224053, 7.306965742827744, 7.309336316751359, 7.310682542936776, 7.310682542936776, 7.310682542936776, 7.313395730141519, 7.315087812657883, 7.318142738796142]"
"5,5,10,50","[-7.36191054638026, -7.016864221785818, -6.766520338590633, -6.09274714850957, -6.037786216044248, -4.7561245030598585, -4.592093108433218, -4.561896132242765, -4.0778403951900914, -3.127198798689743, -3.126932805183555, -3.1235060470794944, -3.1121236904409297, -3.1102456880136065, -3.1067769915450185, -3.0987909994309333, -3.0931886712984564, -3.087269358172255, -3.0819161401407222, -3.081594416423433, -3.081594416423433, -3.0777360296871237, -2.8619102955576903, -2.5242707017772075, -2.4450879174473843, -2.4360872745184983, -2.3965165484792252, -2.380425905863089, -2.3772497650462094, -2.3747844711929513, -2.3172021559651843, -2.2855296377431116, -2.2786599687284026, -2.2742455206030714, -2.27215136016014, -2.2585612124603274, -2.2432693824746743, -2.2283800220946937, -1.961005571360766, -1.745479879031975, -1.4115391205219048, -0.8350112651676156, -0.832460930783145, -0.7648205611389249, 0.3520354715062073, 0.43966372224558636, 0.6352854085693296, 0.6926092857593895, 1.3527728925243596, 1.6344671736120722]"
"5,5,50,5","[-2.5281815156923133, -2.522632901020292, -2.5219478914677405, -2.5204923981210916, -2.5181355595514985, -2.514787377613386, -2.512275509928053, -2.5095429416100994, -2.5048246630593067, -2.5045015140321354, -2.504073832667581, -2.5038256914600727, -2.502880756469068, -2.5015887479846417, -2.500958348635666, -2.500939995083079, -2.498614540489024, -2.496961826253431, -2.4968053657506695, -2.4960788261313986, -2.4960788261313986, -2.4960788261313986, -2.496078192479964, -2.4945860853624824, -2.494392538984815, -2.4940114310419563, -2.493963777655696, -2.4934051105943134, -2.493102473554945, -2.4928824989533434, -2.4923577634627128, -2.491857098187548, -2.490285776919838, -2.4896137764641537, -2.4893814327847084, -2.488556872612179, -2.4843107454291724, -2.4833763990722617, -2.4820144222379463, -2.476627054482015, -2.474758400202907, -2.4735725916451656, -2.472262460677344, -2.4701948215579876, -2.4661315924818457, -2.4659512517555284, -2.46341999041657, -2.4627766996503104, -2.4562287084706473, -2.4539399765037495]"
"5,5,50,10","[-3.5696761941407082, -3.555399798479239, -3.5357372378423975, -3.523282148847246, -3.521143921133288, -3.521143921133288, -3.5187456472049026, -3.517099024714929, -3.5109099406844617, -3.509339632421149, -3.498939098006227, -3.478919357420428, -3.475026655883841, -3.4654375407827738, -3.463101471047822, -3.4588754043185563, -3.4480399553799694, -3.4447550095384187, -3.4444901855040317, -3.4428502992360865, -3.4418607493896767, -3.438826707990279, -3.434948708041369, -3.433565149272944, -3.4301000158085815, -3.4289927100103457, -3.428290345633089, -3.4256876921405555, -3.424038823024175, -3.4236220392600885, -3.4228708318568595, -3.4211293361851736, -3.419911074621629, -3.419569345038256, -3.4188407362241184, -3.4174405025151113, -3.4130267915242127, -3.4121178160860395, -3.410892708759174, -3.410811672255705, -3.410484153523395, -3.4101708041400327, -3.408413249166247, -3.408413249166247, -3.403478825873699, -3.3896966975483704, -3.3870742398339466, -3.3870742398339466, -3.373817552930178, -3.3714395296360085]"
"5,5,50,50","[-5.957441647490997, -5.267597026347781, -5.259511760388861, -4.120057678556131, -3.162277643290927, -2.529512759008445, -2.5140843125598518, -2.5097252468816436, -2.5031126266593833, -1.9740677266933455, -1.9231979621139628, -1.1367051039564968, -1.1244900588530007, -1.0051766847557753, -0.6704053822709862, -0.6696441372469008, -0.6674737320089873, -0.6670212353198492, -0.6664372960120982, -0.6664372960120982, -0.6664372960120982, -0.6664372960120982, -0.6649366002384817, -0.6647707414215154, -0.6607587652067572, -0.6573650829857263, -0.6557518902600284, -0.6499506289370528, -0.6402729495026009, -0.48546103976389365, -0.20389894350787507, -0.13686053983333202, 0.011976572825591447, 0.6496867424934062, 0.8065840834759126, 0.8086508538406052, 0.8093473047561666, 0.8106501123481791, 0.8178572493722582, 1.2475754456237107, 1.2834747512018818, 1.5170280324102048, 1.9960854774663888, 2.787915320855235, 2.7928640062514853, 3.118257796807713, 3.2452320789252433, 4.061111365213143, 4.066409896326691, 7.131491053100701]"
"5,10,5,5","[-1.0687939006625298, -1.0167337650794235, -1.0084356471865654, -0.996601565998013, -0.993317863499728, -0.9927933011262731, -0.9871375614459388, -0.985704015890452, -0.9849667010033543, -0.9825655547458583, -0.9815630979357639, -0.9807485426199138, -0.9783099859234219, -0.9783099859234219, -0.9781106269522271, -0.9778622819538414, -0.9776091389082802, -0.9770693957467054, -0.9746264630698438, -0.9742827039093687, -0.97280186363799, -0.97280186363799, -0.9727308061046238, -0.9720273947726086, -0.9710065751423553, -0.969188429235432, -0.969001501328824, -0.9684616274703264, -0.9667163172361353, -0.9646166663989981, -0.9643831995985317, -0.9634644551623353, -0.9605149484884019, -0.9575021210988075, -0.9568962737391133, -0.9565230953885386, -0.9561664906119305, -0.9540350440443557, -0.9529405530753587, -0.9521094286503811, -0.9519386247669488, -0.9478607244031352, -0.9477902550325572, -0.9456219913989512, -0.9419370188643841, -0.9399598602211654, -0.9395615744351666, -0.9359086039051139, -0.9314824143729281, -0.9173423974421562]"
"5,10,5,10","[3.8674521452378197, 3.8749275229475817, 3.8771957743917786, 3.879726842242844, 3.879910571297775, 3.8825417679448924, 3.8833913209405244, 3.885048392770194, 3.885719033125298, 3.88622039220731, 3.8879850560499696, 3.888124853446057, 3.888124853446057, 3.889047449474176, 3.8899768592734825, 3.890943293995642, 3.891483997095727, 3.891609233436745, 3.8922632800033092, 3.893275681236561, 3.893374633008399, 3.8933969698040074, 3.8944848035566153, 3.894750253834056, 3.895014077556327, 3.895099642423353, 3.8956404958075, 3.8958227867939805, 3.8965040869464924, 3.8965147165686496, 3.897071492611017, 3.8973941913685812, 3.8974748550963234, 3.897673157094391, 3.897673157094391, 3.897969183547303, 3.897969183547303, 3.897969183547303, 3.897969183547303, 3.897969183547303, 3.8979691835473034, 3.8987534968300617, 3.8988477657127616, 3.899921084100493, 3.9007523491614267, 3.902979778609464, 3.908032429765097, 3.90912766131634, 3.9108842983224568, 3.913286151175361]"
"5,10,5,50","[0.5980409380017064, 1.9429134510130992, 2.027844072604223, 2.0566402944817606, 2.0590010089388064, 2.073101318275507, 2.0839573272931418, 2.103607940127871, 2.2085036421184023, 2.2520003481790973, 2.2657695642305273, 2.2662371709124556, 2.278928241070648, 2.290933914833027, 2.293294668850202, 2.297393437139377, 2.2974224190094477, 2.297831964611609, 2.2986978305663053, 2.300843612001764, 2.3087451987707324, 2.310111703907511, 2.3231363628784543, 2.3234472914470317, 2.3268796412515163, 2.3281371277007175, 2.32926518090636, 2.331211968114615, 2.3369866803589168, 2.337388111330719, 2.345635348918356, 2.3594190168219207, 2.3702159766852775, 2.388593527028803, 2.391944513534166, 2.4067482201046877, 2.4530239103843616, 2.5304700397509374, 2.5803731824681297, 2.6271525475178423, 2.628744453239782, 2.677817318687974, 2.795233725176855, 2.887184683608063, 2.934036872612778, 2.9657957760120324, 3.1580597491982907, 3.1669747398438854, 3.3939728185118883, 3.7958341767830786]"
"5,10,10,5","[-4.003013605856983, -3.271979435831639, -2.761147995369418, -2.7508085965521465, -2.7508085965521465, -2.7498597095355306, -2.6692786950352345, -1.433007087784063, -1.335080981280436, -1.3306739586005438, -1.3306739586005438, -1.3196375494831916, -1.2263233812818326, -1.013865969295911, -0.9981656444585842, -0.9979528144302456, -0.9957958534300562, -0.9901439640699623, -0.9866491743117796, -0.9866411590018349, -0.985895431254042, -0.9850009471446626, -0.9810650453864014, -0.9791218383980378, -0.9783852066642122, -0.97823278000594, -0.9757487848445594, -0.9756300408425447, -0.9756300408425447, -0.9738546464056732, -0.9697637006675328, -0.9695523742167986, -0.9684244774756126, -0.9674517136743765, -0.9581746763208256, -0.9581746763208256, -0.953426011256858, -0.9530042240918695, -0.9520321787504766, -0.9518021799703513, -0.9503186164617947, -0.947170716346704, -0.9462180510449727, -0.5636852065043991, -0.3806238951352423, 0.1197647605844323, 0.1197647605844323, 0.13453018699847652, 0.3094554321949752, 0.46827101819284467]"
"5,10,10,10","[-7.143421720969691, -6.7268156499091525, -6.412003088756554, -6.256009995981927, -6.2389285577899845, -5.939780227137378, -5.60386651759695, -5.539510391248109, -5.248786920770083, -5.247094338821748, -5.241977314143214, -5.240108907751301, -5.229401792520745, -5.228610336520797, -5.228152830306274, -5.224795339200432, -5.224038403123491, -5.223368927018981, -5.2178019514631675, -5.214592036833379, -5.211054245079553, -5.20581807171611, -5.205644378653375, -5.204963435116383, -5.2041836777383335, -5.176915704435912, -4.479331272493016, -4.329010118826902, -4.303772064643259, -4.121303455083719, -3.933999808241682, -3.7929811493762853, -3.734425080258771, -2.868579197530175, -2.8674282698197198, -2.8643185886750357, -2.859525362709227, -2.8570561224700066, -2.851369341494705, -2.850182947131805, -2.8459037469989443, -2.8426465016230322, -2.839796711012658, -2.83818934019989, -2.8299767994605203, -2.8194335496190757, -2.506575575265131, -1.6799083055211106, -1.3451772388403782, -0.963002925741779]"
"5,10,10,50","[-1.777366074133748, -1.7770129749495767, -1.7770129749495767, -1.7770129749495767, -1.7666807527928785, -1.766065182426333, -1.7655486054013925, -1.7641038360370904, -1.7640975113694477, -1.762514500782792, -1.762141070517591, -1.7618768810477046, -1.7606827401938296, -1.7606827401938296, -1.7606827401938296, -1.7606827401938296, -1.7606827401938296, -1.7606827401938296, -1.7603502282690346, -1.7585876934759685, -1.7569754512783682, -1.756780938684143, -1.7559615981547871, -1.7549416533541118, -1.7549288607878448, -1.7539198971332328, -1.7539198971332324, -1.7539198971332324, -1.7539198971332324, -1.7539198971332322, -1.753919897133232, -1.7532491852349534, -1.7529324137574764, -1.7526006617445047, -1.7523980592129156, -1.7518040961719374, -1.751192790409488, -1.750927778976489, -1.7495799350194288, -1.74855817879855, -1.7479644491753807, -1.7452768848985585, -1.7444915025670853, -1.7444678434828829, -1.7439659885143142, -1.7432124185349314, -1.7412967595845061, -1.7405417628805968, -1.7348844269146673, -1.7304269181338756]"
"5,10,50,5","[-0.27019285888942246, -0.2695900863354872, -0.2653386880196802, -0.26533064262138506, -0.26325966002838586, -0.26309463904996244, -0.26221334364505555, -0.25905644189640675, -0.2582199032718022, -0.2577998636855119, -0.24899943684344183, -0.2477828264334776, -0.2438382399829644, -0.24363478793735727, -0.24363478793735727, -0.2430221124137475, -0.2430221124137475, -0.24142424862056355, -0.2401191408945329, -0.23787716907363876, -0.23632993644482791, -0.23371250243743757, -0.2328226693840234, -0.23112154577825494, -0.23040411487487455, -0.22966303800283194, -0.22879329229264211, -0.2265208400252403, -0.22613467866448644, -0.22555779659610042, -0.2225745794337115, -0.22237291071533782, -0.22233637399146478, -0.22216156429101108, -0.22021444767262732, -0.21680750880837696, -0.2161761955019026, -0.21547518471587823, -0.21445408987431946, -0.21296994722749352, -0.21288414709009773, -0.20894692193087216, -0.20894692193087216, -0.20861343582773717, -0.20077373050361835, -0.19236815509119154, -0.19236815509119154, -0.18539021760065566, -0.182629043029078, -0.17094111467939888]"
"5,10,50,10","[12.617311506127262, 12.641660639563591, 12.642657555420692, 12.64457913592944, 12.64477934907424, 12.645198894585153, 12.647190422620888, 12.647607653578932, 12.649425066617447, 12.649460330724471, 12.65507017274259, 12.657817654166443, 12.658404006720147, 12.658404006720147, 12.661603920126254, 12.66219228262702, 12.662626978047914, 12.662955417869444, 12.665327991517607, 12.66544460180949, 12.66644940931559, 12.666645840756658, 12.667285012126168, 12.667285012126168, 12.66743092512742, 12.66743092512742, 12.667488559000681, 12.668125899249283, 12.668928822174898, 12.669150975602893, 12.669455225963201, 12.67076618420636, 12.67098844311159, 12.676894771131103, 12.678714145346518, 12.678943151107031, 12.680909669772078, 12.681149204923596, 12.681255795918126, 12.68591539260067, 12.687726420379647, 12.6973715506584, 12.699968857020785, 12.701308385904497, 12.702999976639486, 12.704427743225946, 12.704811733559826, 12.705406491052374, 12.705425663613568, 12.707218914342647]"
"5,10,50,50","[-6.240459032827954, 2.2820122875166606, 3.2747641064415793, 4.490543139052724, 5.143986009616581, 5.425896355853903, 5.480512076138841, 5.578385714120387, 5.581925448222042, 5.5832301277948435, 5.5851468396958435, 5.586152315521314, 5.587260618308497, 5.587260618308497, 5.587260618308499, 5.600317345925083, 5.601115067879063, 5.605026158310473, 5.613626800917599, 5.613626800917599, 6.016711420178054, 7.025229121646331, 7.500518105186007, 8.19932885634542, 8.493448604957349, 8.567173719983082, 8.569194466300592, 8.572206367403851, 8.572206367403851, 8.668056615166908, 9.453589444501771, 9.956964297987522, 10.874866058778803, 11.147228761503243, 11.800490414026362, 13.15396815220145, 13.231437730220142, 14.467152712271632, 15.525878465147155, 15.703337923912994, 16.65804617333081, 17.080652671973436, 17.088095854496668, 17.088095854496668, 17.088095854496668, 17.088095854496668, 17.102127931654937, 18.172853290922163, 19.416580893432723, 27.819098026377343]"
"5,50,5,5","[-2.234426473911494, -2.2040848513272673, -2.1975525218804206, -2.189618246819284, -2.188476788115945, -2.180585096584891, -2.179854090232442, -2.1797976279903652, -2.1796636342466975, -2.1785118490375384, -2.1783318763251716, -2.178188915711406, -2.177428902764684, -2.177054864049573, -2.1746358274038364, -2.1743997590285886, -2.172229419623335, -2.1718795642690716, -2.1701384361396148, -2.169630755160721, -2.1692841479757776, -2.1675818678086696, -2.1670320174301274, -2.1652910869616875, -2.1652371825792005, -2.1629067450948907, -2.161611983538987, -2.1610995403130353, -2.1598149587832998, -2.159073256121008, -2.1572449418852946, -2.1548445759806425, -2.1545558685902564, -2.152996447333701, -2.1504242773982094, -2.1489697030849157, -2.1466542840452996, -2.144851258163796, -2.141771581564978, -2.141159699973013, -2.1376449761253085, -2.1353491295375893, -2.134418885361781, -2.1240229437498552, -2.1207937786508726, -2.119985786182194, -2.100039785613732, -2.0980647583092384, -2.0980647583092384, -2.097598710711759]"
"5,50,5,10","[0.47879354266884544, 1.500038762805051, 1.8054851338811426, 1.9881464094332504, 2.1598977144116893, 2.5058684120652437, 2.891105570571826, 2.930061300272552, 2.9347179422915475, 2.9645576087785814, 2.9654194157056644, 2.9654194157056644, 2.9654194157056644, 2.968658957568563, 2.975385772623219, 2.981194202304973, 2.9813242174849917, 2.988209773818631, 2.988209773818631, 2.99096419972669, 2.995139037567785, 2.995139037567785, 3.005829500102985, 3.006377488512526, 3.019117316849948, 3.020450653469421, 3.024105144136069, 3.02547645909772, 3.6079390957705177, 3.9910962967008143, 4.209489420325646, 4.371591456515164, 4.491838589982174, 5.456707399538784, 5.577205413764119, 5.57900965748296, 5.581898899131602, 5.582818736980171, 5.590014162260033, 5.591979251511946, 5.591979251511946, 5.598480810424259, 5.599503147892044, 5.601440931237514, 5.610447407363591, 5.661372973611849, 6.454914768287882, 6.607555886770881, 6.775831471212243, 8.098173597522614]"
"5,50,5,50","[-5.723976770562636, -5.248490319370108, -4.751150043718065, -4.499872168332921, -4.4892229520294995, -4.477787488937339, -4.466141098788893, -4.448960367666847, -4.236049124100267, -4.026232377484858, -3.9761670007105483, -3.157960396035556, -3.157960396035556, -3.157960396035556, -2.494578137979341, -2.479425208582803, -2.4775044989516557, -2.469879380948832, -2.377363141749253, -2.0130322246547028, -1.9167844976141248, -1.8407900038970655, -1.6049955015354593, -1.4657831580055, -0.795939128671276, -0.7235550298249789, -0.08651925300475893, 0.4078684068192636, 0.4090807460537653, 0.4111395776387594, 0.4117629067890547, 0.4142004211331102, 0.41908096524572547, 0.42087744132480087, 0.4213731415558737, 0.4213731415558737, 0.4213731415558737, 0.4213731415558737, 0.4213731415558738, 0.4213731415558738, 0.4213731415558738, 0.4213731415558738, 0.42165292747696215, 0.4228841414897123, 0.42367399062201017, 0.6221370765522065, 0.6301317894023807, 0.6482694690055589, 0.7408897098650593, 1.3430668775452972]"
"5,50,10,5","[-1.2051011156524263, -1.1908407397807261, -1.1863445330160323, -1.1821179882929638, -1.1818004889971787, -1.1817614483300831, -1.1789718392247268, -1.1766204257818345, -1.174811449870302, -1.1724878639554097, -1.1717380002584523, -1.1714581990993311, -1.1687043725354158, -1.1679482276808972, -1.1676586224728283, -1.16640635458256, -1.1658213386120142, -1.1653660303206639, -1.165192421837994, -1.1650030622346552, -1.1646527333272019, -1.1643226097229453, -1.1643001850641195, -1.1629414955822082, -1.16263617674484, -1.1597962924256677, -1.1597962924256677, -1.159325624771494, -1.159325624771494, -1.1592885823849324, -1.1577102661153695, -1.1572064846505024, -1.1549738255903401, -1.1535425569078814, -1.1535196176421607, -1.1517901834504185, -1.150632326843187, -1.150632326843187, -1.150399460720787, -1.147287185791062, -1.1468270281773378, -1.14584362617477, -1.145242652679503, -1.142415101492567, -1.1419724772639634, -1.1417005947870669, -1.141205480490866, -1.1379449240386732, -1.1317593060914897, -1.124343399749927]"
"5,50,10,10","[5.573092013629691, 5.600080891567693, 5.600161688181154, 5.600363969178036, 5.600411478202895, 5.601403580555647, 5.603846201470491, 5.6060646321919085, 5.606649191456552, 5.608555006658757, 5.609058969919414, 5.609926581365355, 5.610165008170211, 5.614319373193859, 5.615690979848117, 5.616155507232142, 5.616466480741982, 5.616498328710637, 5.617238888381807, 5.617499213532224, 5.618111083771827, 5.619431192397927, 5.620103363895496, 5.620542802958776, 5.620690207088697, 5.620845347800147, 5.621259930550992, 5.621259930550992, 5.627041904532459, 5.6271035423182845, 5.627438817115241, 5.628727695741424, 5.629631664690925, 5.629811168029809, 5.630224207002742, 5.630442521853476, 5.630876459985523, 5.6321571126481125, 5.63430797674354, 5.637511846760492, 5.637741701454967, 5.639463582183365, 5.641366096121437, 5.642746099960234, 5.645258758828419, 5.645258758828419, 5.6458623197787166, 5.648485168775521, 5.64982872798598, 5.654960522164932]"
"5,50,10,50","[-12.587775818398162, -8.921656407040452, -6.882072597951903, -6.290788012058333, -5.981706421165975, -5.958872078077659, -5.660120833541578, -5.566106933388673, -5.467569806505349, -5.3876401136888035, -5.22909424832319, -5.0990625238232745, -5.087007351940157, -5.085583397792195, -5.078706064077806, -5.078706064077806, -5.078706064077806, -5.077630797115285, -5.062013034778657, -4.990026435627068, -4.630701642634825, -4.418820603712515, -4.168115715859302, -4.142625295280524, -3.6213960197663777, -3.464999395224422, -2.765549557886145, -2.115710588163072, -2.0981778248451333, -1.611937743562882, -1.5832436518522512, -1.321192631810503, -1.2202598434450875, -1.0999525299878532, -1.0170684892122124, -0.8660323908853382, -0.7966587965896119, -0.7304053287931717, -0.6795029814320976, -0.651948108544872, -0.651948108544872, -0.651948108544872, -0.651948108544872, -0.651948108544872, -0.6519481085448717, -0.6510916585563955, -0.6497661989281827, -0.1305770649302258, 3.17359411048617, 3.2427273508578547]"
"5,50,50,5","[0.8126371414427238, 0.8266324184121112, 0.8276528155030105, 0.8361132852101694, 0.839430235145004, 0.8403847526770729, 0.8412044612755558, 0.8418719430736745, 0.842145945429297, 0.8437033873219919, 0.8467167104978452, 0.8487180704969361, 0.848850668134987, 0.849052343931251, 0.8527270611210795, 0.852981405235905, 0.8532634590590682, 0.8532634590590682, 0.853964727546412, 0.8551987999857902, 0.856798482529924, 0.8573953340962417, 0.8577995146380752, 0.8582325150692913, 0.8582325150692913, 0.8582325150692913, 0.8589265961286836, 0.8593973946575133, 0.8605161594505013, 0.8609323621856779, 0.8609898829530875, 0.8609898829530884, 0.8622979311322476, 0.8627580334337708, 0.8636630715564486, 0.863906607634016, 0.8656962024391319, 0.8662482529434792, 0.866615149606492, 0.8669238269389687, 0.8694313393810749, 0.8706117911105045, 0.8724620709053585, 0.8729375605381335, 0.8832161617930661, 0.8915382758812429, 0.8917141228971381, 0.8928245339777217, 0.8941761785084985, 0.9027045850588546]"
"5,50,50,10","[3.9286348746848025, 3.934023055342286, 3.934219598217676, 3.9347077213276815, 3.9354432942544983, 3.935820922970378, 3.9363186853922114, 3.9363186853922114, 3.9388502240104524, 3.939557604730894, 3.939586513684966, 3.9423484852892487, 3.9425496925902372, 3.9437723459132132, 3.9439812217875714, 3.9440029702885715, 3.944220086310686, 3.945651277960233, 3.946736794593853, 3.946736794593853, 3.9468684278305366, 3.947177837506877, 3.947177837506877, 3.9477955509475087, 3.9483656388449253, 3.9508856078376997, 3.951903954954733, 3.955125835989941, 3.956228161230203, 3.956228161230203, 3.9571921846018467, 3.9573023376328305, 3.9591362244575503, 3.959564496626904, 3.9625319762083597, 3.9625319762083597, 3.963375260039892, 3.964108516832015, 3.964636777315052, 3.965994503982666, 3.967175516031328, 3.9682063280584767, 3.968626463647933, 3.9838990743944716, 3.984753287205006, 3.985947886504552, 3.991132237229919, 3.991132237229919, 3.9988560685341183, 4.01551229674504]"
"5,50,50,50","[-0.7849743509958955, 0.5754895739584516, 1.418354899622977, 2.882649145257683, 4.069651330143043, 6.3180988688883595, 6.692701227419532, 7.172177355665673, 8.453895142548287, 8.589908364502477, 8.615875138425546, 8.621229762555581, 8.621229762555581, 8.899090808579656, 8.939009371558278, 9.296457055216498, 9.960023877923142, 9.997006571286093, 9.997932215566472, 10.0063394613626, 10.007469430934105, 10.010075625897459, 10.0109335467211, 10.011078688940866, 10.011322656455976, 10.011322656455976, 10.012214577322375, 10.01431780280659, 10.020886802003456, 10.1504730454952, 10.330250425919889, 10.331952712870706, 10.342430398526433, 10.342430398526433, 10.342430398526433, 10.342430398526433, 10.359169400282443, 10.360985688535028, 10.672590850719072, 10.722027355690988, 10.82190652677257, 10.855289185264581, 11.425647857553004, 11.693959920801976, 11.772516742389506, 12.071515569485118, 12.091409716106732, 12.132568045920147, 14.816048009120642, 16.683286322575686]"
"10,5,5,5","[0.5256897833506127, 0.5763066084881789, 0.5796294837255909, 0.5823545202165792, 0.5823545202165792, 0.5823545202165792, 0.5840719111531925, 0.5901414196365509, 0.5907849202057951, 0.5936025819707678, 0.5949295979264997, 0.5965923478461339, 0.5986187790956627, 0.6016372552281106, 0.6070749246531282, 0.6094099257294203, 0.6126881398964075, 0.619112320878606, 0.62136259866882, 0.6299048512352305, 0.6303046195024284, 0.6304190754549659, 0.6310782079125292, 0.6314101121991669, 0.6314101121991669, 0.6314101121991669, 0.6317576453963429, 0.632697769164321, 0.6334911463274688, 0.6356731268628679, 0.6356891271742944, 0.6394624481074804, 0.6403951760765758, 0.6438440064943183, 0.6450879310535953, 0.6457124985185063, 0.650376693852524, 0.6565497893221726, 0.661222383151091, 0.6626493891661798, 0.6677355543941832, 0.669628030216243, 0.6720585492583404, 0.6720585492583404, 0.67275998187646, 0.6787865778864215, 0.6847220863027654, 0.695003769492966, 0.7066151716359781, 0.7426707950952482]"
"10,5,5,10","[-1.0937898659033, -1.0937898659033, -1.0937898659032996, -1.0937898659032996, -1.088165548202118, -1.0862249763504623, -1.08549974885891, -1.0843277459101583, -1.0833692440709495, -1.0809835209653818, -1.0809079252807186, -1.0789595451548823, -1.0773313067372483, -1.0772542962355434, -1.0752239964692638, -1.0614310744432687, -1.0586557678246298, -1.0558274774392538, -1.0554941303042558, -1.054681282345359, -1.0528522308050883, -1.0448796345163083, -1.0445750744409208, -1.0444800288850575, -1.0405585376010937, -1.0391868043659733, -1.0341526053441261, -1.0308998921242951, -1.0297948021395122, -1.0278519882214758, -1.0274736452246498, -1.024487471207674, -1.020116161842057, -1.0187235819706144, -1.014324919050955, -1.012105390992952, -1.0078640095617029, -1.0052345747267284, -1.001544385259757, -0.9983875578416441, -0.9926189020321934, -0.9915058906822778, -0.988873476817393, -0.9875948159017807, -0.98388055707997, -0.9837447700610296, -0.9783103202084447, -0.9680460109134295, -0.9665542743848854, -0.9620082973305792]"
"10,5,5,50","[-4.828433310203694, -4.8200245632800875, -4.81667296010385, -4.81610028048729, -4.813094687713075, -4.809938340443497, -4.805572728459408, -4.803157367069941, -4.8007455023680885, -4.7982541762568, -4.797601675235015, -4.797543232101861, -4.7951035789801715, -4.79430210841382, -4.794071807886618, -4.793632402010628, -4.792219263575664, -4.791955679236322, -4.791764742241913, -4.7909132925787, -4.790913292578699, -4.790913292578699, -4.790913292578699, -4.790913292578699, -4.790913292578699, -4.790913292578699, -4.790913292578699, -4.790913292578698, -4.790913292578698, -4.790913292578698, -4.790913292578698, -4.790913292578698, -4.790913292578698, -4.790913292578698, -4.790913292578698, -4.790913292578697, -4.790913292578697, -4.790913292578697, -4.789158546796029, -4.788845431981199, -4.785000374065081, -4.784831668034383, -4.782809453465549, -4.7818184921591715, -4.780849491129815, -4.7798639109359415, -4.7767540216856315, -4.775312775182936, -4.771416474518626, -4.765480358037326]"
"10,5,10,5","[2.6485466668607303, 2.650879190311299, 2.6584567089621745, 2.665517729709185, 2.666757238592419, 2.6753225982322943, 2.68331634214113, 2.6863168169259977, 2.6877659718320253, 2.694875374301067, 2.6962629447073256, 2.6968889613165166, 2.6973068144204273, 2.698365235198638, 2.699193213006059, 2.7002746713672066, 2.701800823589024, 2.7066476924970972, 2.7083985204892658, 2.7134882888919125, 2.7134882888919125, 2.713691013531789, 2.714381242431215, 2.7188342693419356, 2.7215712506096352, 2.7217078172163927, 2.7221778953625955, 2.7224525493709195, 2.7256138534019576, 2.7256138534019576, 2.7256138534019576, 2.7256138534019585, 2.7256138534019585, 2.7275011497454513, 2.7296415096205644, 2.7301987649068336, 2.7351878450778337, 2.736232921320844, 2.7406571191802316, 2.740783617588014, 2.742306805459199, 2.744812054906591, 2.745411485028142, 2.7470465209443304, 2.7500123443169526, 2.7514080401792027, 2.7532297494748894, 2.763152379558589, 2.7683826607433115, 2.769968027284418]"
"10,5,10,10","[-18.292458222097295, -13.20454355303851, -12.544943597346071, -11.835851905199368, -11.273717059113501, -10.970528445838026, -9.960534821120758, -9.531255093694234, -9.05971597973868, -9.050671917960706, -8.537552986197403, -8.52966480801555, -8.528146384291968, -8.525680921420443, -8.520952499011473, -8.515151945003367, -8.51242361061358, -8.511709490384657, -8.511021287406876, -8.509280212836323, -8.50817661797364, -8.50817661797364, -8.50817661797364, -8.507407264608917, -8.500589519267734, -8.498705294819324, -8.498478752443965, -8.497972841560912, -8.493132456474633, -8.49252642700705, -8.491813701097259, -8.490559163344516, -8.479058469007313, -8.462104284075167, -8.455042527634692, -7.375772472270187, -6.806129132294185, -6.561531167521036, -5.891562383490225, -5.7462484453736025, -5.743788056572743, -5.735503295026515, -5.729937659148059, -5.726806357882299, -5.668079445668191, -5.254920119292986, -4.345185452588498, -2.9235320545082586, -1.688144995203552, 0.7537417624927893]"
"10,5,10,50","[-4.668113981662152, -3.03441284560781, -2.9929225341520183, -2.1437285343096373, -1.7411580622765053, -1.5318003084760314, -1.224105700701963, -0.9909955507369907, 0.050388001402731586, 0.0627537764397631, 0.06322155549058961, 0.0636023075251646, 0.069575734810156, 0.07336303911379038, 0.07469890803194668, 0.07618672726226472, 0.07986009848284459, 0.07997403156589844, 0.07997403156589866, 0.07997403156589944, 0.08155957323254726, 0.08812361257363377, 0.09416492695246015, 0.34474566243861804, 0.5466499813964294, 0.8567041889770296, 1.0521664578529046, 1.4224527310132977, 1.5372251519316267, 1.6336214084621745, 1.6622424095717487, 1.8256582908045331, 1.8360876210186827, 1.8810094267909179, 1.8833582218489933, 1.8844279649245004, 1.889128680843828, 1.8891286808438281, 1.8975223871182239, 1.8996021972446746, 1.9000410729134267, 1.9002504384816459, 1.9080628275710998, 2.910837944744581, 2.9572399705986303, 3.056394073014671, 3.7522623695976463, 4.071044821647872, 5.915078001226698, 7.0132273389426185]"
"10,5,50,5","[5.36779447066667, 5.379420423502027, 5.3802812897270815, 5.380425626336476, 5.3866920342921105, 5.389705509615743, 5.4026049907117795, 5.406481150511894, 5.406532346374992, 5.413705949122863, 5.413705949122863, 5.413705949122863, 5.414848985822508, 5.415836635766868, 5.422442701195781, 5.4229696252537, 5.4235395176933086, 5.423677532282198, 5.4240370242188956, 5.426612145784554, 5.427295606506321, 5.428182692676275, 5.429612405394814, 5.433442656532508, 5.435010961344865, 5.435629768840164, 5.436908627899474, 5.440167068426229, 5.4414263235865725, 5.441856713452288, 5.444426381947983, 5.4444467237961955, 5.449823834252214, 5.4516505301587355, 5.452305708962603, 5.4527185043877235, 5.455415901741851, 5.456601920282646, 5.4581487648089055, 5.458330099158541, 5.467213334404135, 5.4736279021795, 5.4871605309594855, 5.490467114355694, 5.506369379621191, 5.508078428136358, 5.523451023452656, 5.523451023452656, 5.5237415418755225, 5.525475239036102]"
"10,5,50,10","[-1.8502818276091826, -1.8500707800049285, -1.8259212348381824, -1.8244703498909876, -1.820222459329143, -1.817597550911287, -1.8156308844973983, -1.8126608407910076, -1.8125650888614935, -1.8102391357981136, -1.8102391357981136, -1.807983899512387, -1.8064478848822512, -1.8058111068521678, -1.8056029882223985, -1.8056029882223985, -1.8055094989326756, -1.8031578309435148, -1.8027498220868443, -1.8007103240603164, -1.7991916926031886, -1.7983066120056477, -1.7981274687533493, -1.797892970517006, -1.7958722324676222, -1.7958722324676222, -1.7958722324676222, -1.7957876440426246, -1.794652299010027, -1.794652299010027, -1.7944095799617066, -1.7941349719866784, -1.7932170067892221, -1.7927562128917036, -1.7927562128917036, -1.7924884664076841, -1.7924884664076841, -1.7920184782916069, -1.7897905389322704, -1.7896548140830617, -1.7895466985587254, -1.789518600222511, -1.7845722214964455, -1.782774270656567, -1.7824948572125425, -1.7823907777237125, -1.7782438360330846, -1.772950738107312, -1.7672188135786557, -1.7660541815866626]"
"10,5,50,50","[-8.91328487424293, -5.429216991314401, -2.995369851152048, -2.321385855383965, -0.5151052719642037, 2.8237340004489946, 3.395864537911843, 3.4544100493627203, 3.4558944824352533, 3.4579318049112144, 3.467011847220226, 3.471823222265118, 3.4778651380950767, 3.4792929898393146, 3.4795936892438135, 3.481647972274294, 3.4824605548956566, 3.48247134970274, 3.4931021072900807, 3.493102107290081, 3.493102107290081, 3.493102107290081, 3.493102107290081, 3.493102107290082, 3.493102107290082, 3.493102107290082, 3.493102107290082, 3.493102107290082, 3.493102107290082, 3.4938947076850506, 3.4987598636932136, 3.5007564983452752, 3.5007564983452752, 3.5010389334553107, 3.5164317299965, 3.5310368277304978, 4.730717972571913, 4.834002393081776, 5.407890709136547, 5.451337134247391, 6.731778306076272, 6.74460953618437, 6.74460953618437, 6.748790994928242, 7.106051123466508, 7.407514361385166, 9.317067175774854, 11.942539960673232, 17.69863720895815, 17.69863720895815]"
"10,10,5,5","[-6.51573941232354, -6.514378682655687, -6.5141726603601375, -6.5072540782274855, -6.5072540782274855, -6.497211754013652, -6.488258289162039, -6.486495047623903, -6.483275994235032, -6.481177154186334, -6.477786052078617, -6.477148288660773, -6.476220090680979, -6.4693567839402855, -6.468440981646105, -6.465551812987112, -6.461170924670581, -6.455799558111001, -6.455574723591049, -6.452870635650054, -6.448674953682797, -6.445572942002846, -6.445285893120275, -6.4290692660926725, -6.4277324983036666, -6.4254551297009055, -6.405921442262738, -6.4041485505813895, -6.403119879044615, -6.399950077363186, -6.391885201064865, -6.390857229598551, -6.389689118267555, -6.38909850122931, -6.38113823350484, -6.378944216301544, -6.378944216301544, -6.373751172622012, -6.373751172622012, -6.371213421897107, -6.3681749351390655, -6.362754581116383, -6.359900813584291, -6.356103060212368, -6.345599788684456, -6.344957768119869, -6.340093770190732, -6.308327161767359, -6.304522123725658, -6.295474738893329]"
"10,10,5,10","[1.6344294156980663, 1.6473184403813603, 1.6507582323209666, 1.651590199562723, 1.6532862222527644, 1.6537902750020168, 1.654869120653643, 1.6552137496391601, 1.6604899727928322, 1.6630353332545476, 1.6730975575661395, 1.6759864831271947, 1.6768793063250933, 1.677966687466053, 1.6790613507572965, 1.6793293725518417, 1.6819717481286243, 1.6826060331636334, 1.6835799509714189, 1.6855831699912798, 1.690303148364185, 1.6935322212485642, 1.6937335747685853, 1.6937335747685853, 1.6940329890733064, 1.6940329890733064, 1.696543524277773, 1.6966099832571986, 1.6980601304429936, 1.7016121142328262, 1.7022642653362987, 1.7029133940798422, 1.7044837438001035, 1.7066271348970492, 1.706788039652659, 1.709312099021139, 1.7099463553605365, 1.7156839613374446, 1.7156923837746842, 1.7169295052543039, 1.7196523230019727, 1.7247162633668929, 1.731772554799985, 1.732596961131267, 1.733675806782895, 1.7389910826451518, 1.7413955126300755, 1.743113422020607, 1.7446763334658901, 1.7530097505015336]"
"10,10,5,50","[-6.464350330235556, -4.775896841652227, -3.982237160087233, -3.5841706758610603, -3.5725663655112556, -3.5646491394774804, -3.561555776617843, -3.559771464736148, -3.5584407761415173, -3.5549081182586297, -3.554738214658668, -3.55265465264797, -3.5499238626122143, -3.547967110802672, -3.547268921489886, -3.545416922308401, -3.545416048685101, -3.5448359062500896, -3.5427777030753718, -3.5427777030753713, -3.5427777030753713, -3.5418875672022496, -3.541421247699223, -3.5412880652371155, -3.539060731447031, -3.539060731447031, -3.537788019069276, -3.5354793148208934, -3.535163308654208, -3.5346210066572836, -3.5310267138591556, -3.524853376438176, -3.5111054503508012, -3.1338379285411673, -2.9794522700593444, -2.9570553668238047, -2.797175648959266, -2.5450858471184223, -2.2144905937088355, -2.0397673116487636, -2.0395499518934015, -1.2647946469292104, -1.1868474164459315, -0.2649762276301842, -0.2546282246440533, 0.30571906214674016, 0.8443957759123, 1.0351502076489356, 1.5151034751905348, 2.183491249999044]"
"10,10,10,5","[0.9426851532380899, 0.9525990200121794, 0.9719793184246053, 1.00529401311326, 1.0215001495870515, 1.0341916783644685, 1.034784250841233, 1.038180211330122, 1.0408579661621156, 1.0545236250686658, 1.0545236250686658, 1.0667200579117675, 1.0689607002103525, 1.0719680189404208, 1.077620774329728, 1.0780173152352515, 1.0809396153425057, 1.0823589327253775, 1.083352456952218, 1.0960291712796206, 1.098754197948705, 1.1020800128729382, 1.1062989836952772, 1.1066872798517196, 1.1077685043823715, 1.1098115928159136, 1.1111699735608238, 1.1124290227541986, 1.1127560826042102, 1.1127560826042102, 1.1134284352793846, 1.1141002578016512, 1.1145777888772388, 1.1161746250099998, 1.1185132598794318, 1.1196013376801495, 1.1210915319710975, 1.1212131392217186, 1.1212783013637337, 1.1237038083332722, 1.126855214936477, 1.1290395900681522, 1.1290395900681522, 1.133778851372268, 1.133778851372268, 1.1407265418648556, 1.1418391812713693, 1.150834682244698, 1.1586890871649076, 1.193353862247744]"
"10,10,10,10","[11.094897282103792, 11.102668086285233, 11.103352156897394, 11.106580803907198, 11.110299804345821, 11.111702666842817, 11.113625410994509, 11.120414956840136, 11.121464870021871, 11.121573676746554, 11.121878561893984, 11.121878561893984, 11.123062543055335, 11.12367350870477, 11.124913324916104, 11.125859952185138, 11.128001494328423, 11.128487151359781, 11.129778141107133, 11.129778141107133, 11.131751357516828, 11.133947159891864, 11.135168626028877, 11.1367775335191, 11.138719049260494, 11.138719049260494, 11.138719049260494, 11.1399540361583, 11.140725214908512, 11.140729838786408, 11.141744711595546, 11.143001009094316, 11.143168155695605, 11.144169509736873, 11.144463392076602, 11.150731795690668, 11.153529168698167, 11.1537258787784, 11.154662710792845, 11.156427368900538, 11.157859924805734, 11.162507027089811, 11.1635588468204, 11.165527067478873, 11.169416936942794, 11.169795782129466, 11.176467185595783, 11.18036164746711, 11.180596803656833, 11.188704559676879]"
"10,10,10,50","[-5.734006868390173, -5.7071947646197785, -5.703980628269473, -5.7027301295611394, -5.702073364353464, -5.701478529867508, -5.701191816550069, -5.697564526801602, -5.695891034881226, -5.69243021002144, -5.691391740186349, -5.6887469231106635, -5.6887469231106635, -5.6887469231106635, -5.688155659967753, -5.686006957312683, -5.685317906161442, -5.684862508876436, -5.683223906439094, -5.681621209002139, -5.681621209002138, -5.681621209002138, -5.681621209002138, -5.681621209002138, -5.681621209002136, -5.681621209002136, -5.681621209002136, -5.681621209002136, -5.681621209002135, -5.681621209002134, -5.68127556687532, -5.680748995031819, -5.679785961169063, -5.679400910065158, -5.678782094745483, -5.678176421783682, -5.676610208846949, -5.676514504787109, -5.675786831862937, -5.675402665034835, -5.6741361008044855, -5.673528377411953, -5.6716771501587555, -5.660900246420077, -5.6571336435616635, -5.65613125024397, -5.6551187950038315, -5.6511302949355064, -5.648434564807226, -5.643608375231815]"
"10,10,50,5","[4.121847791065571, 4.176286154574421, 4.180335349003268, 4.193623706800619, 4.196155681852564, 4.202526009029304, 4.202587278034811, 4.205716049413955, 4.210699148535906, 4.2119395411586975, 4.216122290256035, 4.2220528954826975, 4.2276172233593226, 4.228940113481689, 4.2300696693100495, 4.233330368651727, 4.235442438040783, 4.235752832247435, 4.240127884214684, 4.247465361468411, 4.253244842203788, 4.254245889571945, 4.257236034589544, 4.262520191235612, 4.264276390084289, 4.264747472243771, 4.266809652519104, 4.2702615638895765, 4.2722137034799115, 4.273085478356222, 4.27612070814428, 4.279738269532983, 4.2805494876829755, 4.282329616093437, 4.2824860249043235, 4.28332563082847, 4.285380517421334, 4.285847642009845, 4.285857438385497, 4.288266354434545, 4.2884557679947495, 4.2888319406525355, 4.290894704636969, 4.292458376802782, 4.294489356941725, 4.295321470950531, 4.298629306876784, 4.299451285514461, 4.300102282310675, 4.330047165215239]"
"10,10,50,10","[-8.624685155032504, -8.6109476007477, -8.604910213137464, -8.597896831539412, -8.595637314454914, -8.593462758243994, -8.591006870184206, -8.591006870184206, -8.58728547913069, -8.586542269835963, -8.586317095946049, -8.583473228718066, -8.583072698876927, -8.583072698876927, -8.576871542128131, -8.576700265095106, -8.573491672368748, -8.573326962387183, -8.573261828456806, -8.573261828456806, -8.571470639324147, -8.571115880526978, -8.570797779361413, -8.568124288606628, -8.567830616285871, -8.567286180153133, -8.566141346097048, -8.566026305946387, -8.562485240345131, -8.561832593192241, -8.561832593192241, -8.561282187208192, -8.561282187208192, -8.560902283904703, -8.560723445908785, -8.555702311280879, -8.555312246062577, -8.555294606940635, -8.552883892244697, -8.551999616290399, -8.546057414819852, -8.545386926586035, -8.543878449290077, -8.540967432746928, -8.54036918048681, -8.536160452289355, -8.529272531396742, -8.522222626090874, -8.517246300503619, -8.49393722600161]"
"10,10,50,50","[-3.577537212081801, -3.5370531643127268, -3.5320268439676226, -3.51532422029414, -3.5139359891280737, -3.5120327208269186, -3.511691445942701, -3.5112857719581947, -3.5100711656868286, -3.5092612386004256, -3.509151612769314, -3.5088813808200285, -3.508690725514985, -3.506988994785023, -3.5068971042425408, -3.5061426053490266, -3.5058634584885198, -3.5048693882696242, -3.504869388269624, -3.504869388269624, -3.504869388269624, -3.504869388269624, -3.504869388269624, -3.5048693882696234, -3.5048693882696234, -3.5048693882696234, -3.504869388269623, -3.504869388269623, -3.504869388269623, -3.504869388269623, -3.504869388269623, -3.5048693882696225, -3.5048693882696225, -3.5048693882696225, -3.5048693882696225, -3.5048693882696225, -3.5018935949765484, -3.5005953045065104, -3.5004683108210406, -3.499905144424251, -3.4996162595139837, -3.4988281300470145, -3.4987061469072365, -3.497973769300213, -3.4972702642337077, -3.495124901417348, -3.492641851388368, -3.4869939869938804, -3.4746668176619533, -3.4713637861916458]"
"10,50,5,5","[-15.358251301722653, -15.313994645651611, -15.30523391040466, -15.30523391040466, -15.30523391040466, -15.30523391040466, -15.304479334346876, -15.304479334346876, -15.301195594650167, -15.299223903019506, -15.297504843069477, -15.294589291742389, -15.294226933676873, -15.294226933676873, -15.294226933676873, -15.293638517224933, -15.29204646303116, -15.29204646303116, -15.291260484809708, -15.290020107060865, -15.289887085883151, -15.28934871043613, -15.284119008775937, -15.283230251696803, -15.281717395322254, -15.277443816866105, -15.2771577736745, -15.276860831644722, -15.273656905512814, -15.273656905512814, -15.273412598352369, -15.272293731889336, -15.271289155025784, -15.271095374444752, -15.269269998295044, -15.268367663485186, -15.265097686401994, -15.26279825509664, -15.261261977702219, -15.260768294558453, -15.260409473701326, -15.260272827133528, -15.260088691459636, -15.260088691459636, -15.25795178462653, -15.247072249502843, -15.245585610298566, -15.245585610298566, -15.244859615197, -15.223949758379707]"
"10,50,5,10","[-2.7679163522217713, -2.7308233622419023, -2.7209050062382283, -2.714019085963039, -2.712484851373431, -2.710992683280341, -2.7083108565315164, -2.7059893445080627, -2.7042954697311274, -2.7042954697311274, -2.7011077488706325, -2.699574748799881, -2.6989397536523674, -2.698709559721507, -2.697456739331116, -2.6968274203304574, -2.695335877609421, -2.6945755121680453, -2.694353840190903, -2.693874788878186, -2.6924211401841576, -2.6916294410508064, -2.6915038830935343, -2.6895103426396956, -2.6854668622417117, -2.68352848158233, -2.6826164737725398, -2.681805182742128, -2.680756877212745, -2.6794254706686313, -2.678610748248497, -2.676193097197073, -2.67560001433098, -2.6727460935081426, -2.672195792919597, -2.6662772903455982, -2.6645670143551587, -2.6537802951527345, -2.650244893054113, -2.6492205495572447, -2.6443553249343434, -2.639694059881771, -2.6375528525583762, -2.631766638381816, -2.6249321425203607, -2.619733774646295, -2.6163401405194753, -2.606815839718012, -2.606815839718012, -2.600960652824832]"
"10,50,5,50","[-8.89461218155221, -3.1804787759171425, -3.0998279262951387, -1.9895706913014823, -1.9842753956092736, -1.5477824952776196, -1.4120991430940557, -1.4098926904946685, -1.3931541054953616, -1.2621559716269797, -1.132818173304396, -0.8734341837979263, -0.6955364910696475, -0.6910014013661765, 0.0726186464301306, 0.7646444977199911, 0.9904792697363056, 1.324498785782461, 1.3821738833075516, 1.613503468852186, 1.849337604512894, 2.0104570439439757, 2.624243995103253, 2.6265562212998352, 2.629060068675863, 3.1255513577985115, 3.1701640830976303, 3.194329253543843, 3.2142840255833436, 3.595101278816259, 5.142881655562194, 5.170345563167556, 5.288310137313471, 5.292470189053587, 5.292647948096449, 5.292842340625695, 5.293119467923889, 5.295664679240947, 5.302294998612557, 5.302294998612557, 5.302294998612557, 6.594106116887831, 6.7423468954635375, 6.746073669253899, 6.746073669253899, 6.746073669253899, 6.9246956229936245, 7.93698175386956, 8.162947818252626, 10.42296296522497]"
"10,50,10,5","[-6.878904131701419, -6.836339297282066, -6.833647120414652, -6.825160968878011, -6.822189164830201, -6.817330483347064, -6.811461089811263, -6.809101721709581, -6.806441410219347, -6.803843105268646, -6.791281119170119, -6.791263702765159, -6.78788359585827, -6.787821203865555, -6.787735305190205, -6.786153168604694, -6.783392440799506, -6.7804117815531875, -6.778510954912573, -6.777114068141145, -6.774416666557947, -6.772927726151275, -6.772776095365086, -6.772475092995843, -6.771511783164468, -6.7705034432337925, -6.768883289690499, -6.76874947243475, -6.767172114853296, -6.766653738260967, -6.762615299864391, -6.7623652269116175, -6.7623652269116175, -6.756774375980132, -6.75444913989409, -6.754414315920731, -6.754130598545305, -6.752541682945526, -6.750830508782855, -6.750441704945459, -6.748083061986204, -6.748083061986204, -6.747080619893892, -6.74470219858533, -6.738857658090365, -6.738445846315306, -6.736575246602748, -6.728895084285588, -6.713596213595348, -6.704913519181144]"
"10,50,10,10","[13.486264465190597, 13.4915776183479, 13.496851101343434, 13.503315646575707, 13.503636151910037, 13.51178975931859, 13.522845986523757, 13.524732002449285, 13.526466051089075, 13.526722883972678, 13.527315945844865, 13.528270001339255, 13.533220796024183, 13.536052756790056, 13.5362578568659, 13.538628587332337, 13.53977525900567, 13.54064697278723, 13.544745709523228, 13.546151970260857, 13.549628361321972, 13.549979558472682, 13.550272098085763, 13.550974056146194, 13.551874633161368, 13.553076720568125, 13.554666936319768, 13.557932873278428, 13.558323486785312, 13.558323486785312, 13.558323486785312, 13.559315882839487, 13.562875976654169, 13.5629830027048, 13.563998220268052, 13.565456275359919, 13.566468559785541, 13.567805088590145, 13.567805088590145, 13.567805088590145, 13.56940400987756, 13.573613867873732, 13.577140590483054, 13.577290021290198, 13.577290021290198, 13.577290021290198, 13.58105130152376, 13.592207779902399, 13.593033680432896, 13.597274075058863]"
"10,50,10,50","[0.43616393043414137, 1.059378475797936, 1.2537154838312283, 1.9515538617596695, 2.8885169900802783, 3.2708460491491076, 3.2741010606825327, 3.2741010606825327, 3.2741010606825327, 3.2741010606825327, 3.7506165877424538, 4.166773133751954, 4.186371415541641, 4.186944784769361, 4.188824566371031, 4.189122921964854, 4.193056599464859, 4.1955097502942476, 4.196170138008469, 4.19967163256616, 4.199932148964148, 4.201273203579296, 4.204891975489596, 4.205518518744078, 4.205518518744078, 4.2081360162085275, 4.210631407823167, 4.212653074156778, 4.213717391556314, 4.214926763134617, 4.219974029395074, 4.225094830012581, 4.2262914658555415, 4.333517718733327, 4.984813464119473, 5.567758500987118, 5.587158128106525, 6.139700165439554, 6.290449105937457, 6.65279887255686, 6.73889932010294, 6.751528867272675, 7.031567520351301, 7.050873846880146, 7.1069300098036265, 7.5711116461380525, 8.63909290328419, 8.63909290328419, 8.641142898555932, 10.911890780922988]"
"10,50,50,5","[-19.518936169519993, -19.51139987861884, -19.502224493982855, -19.492138024377347, -19.487247835934078, -19.477118344764932, -19.474961365803303, -19.4736271260443, -19.471232561074913, -19.45962993674586, -19.456695924761387, -19.454999122369678, -19.45496616686785, -19.45252386659905, -19.449657069655615, -19.448409075304028, -19.448307276204716, -19.44614914495242, -19.44607612663139, -19.44607612663139, -19.44607612663139, -19.44607612663139, -19.44511741431311, -19.444003092868513, -19.443414738537, -19.43888177389131, -19.432539733808348, -19.429573543267466, -19.429215343800777, -19.4279882123556, -19.424759179088564, -19.421514794888488, -19.42138407564964, -19.411223295530625, -19.41042654722574, -19.409335918954188, -19.404731905489207, -19.40218981302884, -19.40195612796004, -19.4001658172261, -19.396996615254213, -19.38787016606195, -19.387390220440878, -19.380530553364608, -19.378630739098227, -19.37834848069673, -19.37236211407626, -19.372049136296383, -19.369185351095314, -19.343837996333555]"
"10,50,50,10","[18.822408216248753, 18.822750114201227, 18.82522225705372, 18.82662967157995, 18.84538708150404, 18.850547517092927, 18.851684480486412, 18.85471950193068, 18.856044955580412, 18.862113394507237, 18.863530836268648, 18.86650277380639, 18.868100411730477, 18.86942505823515, 18.87029507340254, 18.870486001547306, 18.87164946663219, 18.872823874673138, 18.873435111291286, 18.87425550296745, 18.876923841055095, 18.878656466513124, 18.880085643672956, 18.88043518481212, 18.882354574485284, 18.882877323741834, 18.883810865785335, 18.88509708349065, 18.88509708349065, 18.88509708349065, 18.88509708349065, 18.885392296711196, 18.88592291525631, 18.890050768196037, 18.891399055141754, 18.893233974955947, 18.89357767210486, 18.894322383487754, 18.896240504471994, 18.89718798534528, 18.899479383358276, 18.90140118483279, 18.90695784342341, 18.907823926988268, 18.91114522133949, 18.91657219105467, 18.92104621955751, 18.929137977623352, 18.93261205791196, 18.959635759903634]"
"10,50,50,50","[-17.601081459635775, -16.270943723637473, -15.363701955309544, -13.98430860442878, -13.981038897302126, -13.974004655019918, -13.972152278855683, -13.968259360708936, -13.967449191968146, -13.96686852648815, -13.96210451847211, -13.960751920434229, -13.96007038996532, -13.959998485443796, -13.95887077417129, -13.95886937494512, -13.958169213901213, -13.956992803852575, -13.95679889289071, -13.956356207647355, -13.955840555004507, -13.955840555004505, -13.955840555004505, -13.955840555004505, -13.955840555004505, -13.955840555004503, -13.955840555004501, -13.955840555004501, -13.955840555004501, -13.955840555004501, -13.955840555004501, -13.955840555004501, -13.955840555004501, -13.955840555004501, -13.955840555004501, -13.955840555004501, -13.955840555004501, -13.955748169611072, -13.954424045545837, -13.95114921647058, -13.949331926865183, -13.936503208461207, -13.934148173698503, -13.93413495664421, -13.930435099244951, -13.929777333388891, -13.92459729831255, -12.589659387116303, -10.06166515645125, -8.752031524071619]"
"50,5,5,5","[-2.8912269529046792, -2.858903974537069, -2.8143353622426974, -2.778276253368162, -2.767045374057491, -2.7670024643734084, -2.764744679061489, -2.764744679061489, -2.7521250972358424, -2.7368765212719115, -2.7317817159228532, -2.72912580886297, -2.7278364276732727, -2.7251495303682125, -2.7251495303682125, -2.722590217657007, -2.704908395581237, -2.7031374962657413, -2.702652952318898, -2.7020832927990193, -2.68935645293437, -2.6841857226954877, -2.675944004415069, -2.6732046189546486, -2.66518335673161, -2.616768129821497, -2.608283923812799, -2.593433846823887, -2.59065224933842, -2.5900828371626927, -2.5413800655268086, -2.5203998683122246, -2.5144376337146594, -2.507220879885222, -2.4915000083024417, -2.4915000083024417, -2.4707277498035207, -2.45750291023175, -2.453588858108858, -2.427172076327918, -2.4165172973496674, -2.4152264235746785, -2.408391771065915, -2.3993861852662444, -2.361360534466046, -2.284962911337961, -2.260901194067857, -2.2541159381060503, -2.1813272309730363, -2.1148565928435867]"
"50,5,5,10","[5.211265371576562, 5.216268069422146, 5.260877411318203, 5.266461721329623, 5.267860126035357, 5.276383581759367, 5.288685118165577, 5.305774003387453, 5.31145969557155, 5.313120804332227, 5.336736810706833, 5.337032864554276, 5.337189531447825, 5.339113324515795, 5.340449211437985, 5.340449211437985, 5.340449211437985, 5.3432954838781095, 5.34626317622525, 5.347491642691284, 5.348726943594531, 5.351485495770575, 5.360994779650243, 5.37189517189097, 5.372024755683312, 5.374262718296684, 5.378506101857076, 5.378944672875012, 5.379585910298096, 5.381733161962636, 5.387147934283417, 5.395376273619116, 5.398681520888426, 5.402686618427923, 5.40345593465694, 5.409687177765214, 5.41425384685485, 5.418766559413384, 5.424475346081577, 5.428389304544114, 5.428389304544114, 5.435944478371392, 5.453607286228287, 5.458575843880323, 5.461070801193871, 5.467563531840105, 5.467563531840105, 5.467563531840105, 5.499435358900806, 5.518229507769961]"
"50,5,5,50","[-4.680941360403436, 4.157020292592379, 4.171244775901677, 4.186206258112788, 4.213645346658162, 4.21627988875722, 4.220086691687584, 4.2237599181331404, 4.225179408708644, 4.226449887533671, 4.228827903536481, 4.234184636832418, 4.234184636832419, 4.234184636832419, 4.2341846368324205, 4.2341846368324205, 4.2341846368324205, 4.2341846368324205, 4.2341846368324205, 4.2341846368324205, 4.2341846368324205, 4.2341846368324205, 4.2341846368324205, 4.2341846368324205, 4.2341846368324205, 4.2341846368324205, 4.2341846368324205, 4.234184636832421, 4.234184636832422, 4.234184636832422, 4.234184636832422, 4.234184636832422, 4.234184636832423, 4.243625490018124, 4.246167981892363, 4.246487100115605, 4.251372252051042, 4.2526751866602694, 4.256625241297255, 4.256783318418103, 4.258761302492836, 4.263996247758326, 4.272331466014083, 4.275480740280879, 4.27585752186436, 7.492908834572463, 7.496393027255994, 7.496393027255994, 7.496393027255994, 16.405545446434154]"
"50,5,10,5","[-18.58860228288389, -15.296615150044016, -8.443014998426085, -8.402235400533078, -8.393888742580472, -8.385618430636917, -8.385618430636917, -8.375883910510083, -8.34489244002257, -8.344486572579434, -8.343425827138443, -8.328246845656983, -8.324941541353164, -8.319668107701636, -8.315094347841205, -8.31498612763709, -8.314494597864801, -8.310749978971554, -8.306307741620385, -8.299687729146584, -8.298902706138175, -8.297974575475296, -8.289409511061018, -8.289215166699904, -8.286953701071418, -8.28352526434971, -8.28352526434971, -8.278967522311289, -8.27665770673658, -8.265249079010943, -8.265249079010943, -8.263180107408504, -8.254815059276066, -8.248589448397711, -8.245421899520428, -8.24515831925344, -8.243676050723927, -8.243223064802851, -8.235163532300525, -8.230166114406074, -8.226853689555718, -8.223553234350359, -8.223553234350359, -8.218213879711465, -8.21270285024587, -8.160154846188396, -8.122326003332516, -8.109260147452005, -8.099706191398127, 2.1899643064368486]"
"50,5,10,10","[2.516864796447569, 2.5597402051041778, 2.5848376919359732, 2.6011210162633995, 2.6078975730568636, 2.6463651500852716, 2.648432827455513, 2.661149121150295, 2.6611491211502964, 2.6611491211502964, 2.6611491211502964, 2.672225089324175, 2.6790010300402796, 2.6805268032444385, 2.6864120497673785, 2.6880482038452866, 2.698149937113993, 2.6996209156115016, 2.7001639048214128, 2.7119022412688096, 2.724533602446343, 2.732065926439549, 2.732293928594363, 2.733192648144878, 2.7385595997780934, 2.7407070289607356, 2.745840132091531, 2.748929763657681, 2.749275304683037, 2.7789184831529763, 2.7797327475358067, 2.787288880357264, 2.7999646849122106, 2.8035165345517603, 2.8035165345517603, 2.806869913111008, 2.8091534270894103, 2.817703482837926, 2.819333163393246, 2.8230929748000793, 2.8408494240169158, 2.8473873664795875, 2.8496685343180372, 2.865076325825377, 2.8780606837896334, 2.895225109670558, 2.898259688345851, 2.9021188459233382, 2.91024712040936, 2.9451547509555454]"
"50,5,10,50","[-27.516368101315738, -17.48165304155901, -15.573435393525369, -9.085517875880296, -9.067832423763502, -9.04133977865863, -6.850692398625882, -6.001013223266861, -5.98526725906819, -5.982070294766946, -5.966743432027372, -5.961914925960662, -5.9595486020188515, -5.9502579398677735, -5.950145733869412, -5.946484335547496, -5.9379466355752015, -5.936732740526813, -5.932466973926391, -5.9296311577294505, -5.927584766673254, -5.927545561877172, -5.927545561877172, -5.9266178503139315, -5.92554722393207, -5.92554722393207, -5.923080437229317, -5.922299931001247, -5.922299931001247, -5.922299931001247, -5.922299931001247, -5.922299931001247, -5.9222999310012465, -5.9222999310012465, -5.92112333963972, -5.917783407939191, -5.912779220552405, -5.906083154136197, -5.90533003234376, -5.901287845803122, -5.896288093459617, -5.891987627777059, -5.877338962039423, -5.8719337176655575, -5.855313460749998, -5.846071010972073, -5.809904683590748, -5.806126183066213, 2.4936078512205064, 12.510002896760566]"
"50,5,50,5","[-15.024765439581225, -14.906419394661171, -14.89459606668202, -14.88519786910875, -14.831712522444565, -14.82635150488788, -14.825841943782441, -14.816981109538169, -14.81369077048709, -14.809910115486453, -14.807489171374849, -14.804783520071442, -14.782226930279982, -14.781493984359546, -14.781493984359546, -14.779697428743502, -14.776392534324719, -14.768218852197169, -14.767846627713006, -14.766244050951313, -14.763221478829708, -14.751811284873602, -14.73065174471077, -14.719698541575077, -14.712627547523361, -14.71097989220014, -14.706450141832715, -14.685990473436943, -14.683910714756435, -14.676758354427026, -14.672644002030339, -14.651097413189097, -14.647537244499908, -14.6280920797017, -14.607331391295975, -14.600890161572975, -14.583629913650888, -14.577532979370126, -14.574494733865507, -14.557742049111585, -14.552938705227469, -14.549363374209172, -14.534695140595304, -14.528788203197472, -14.528769897073882, -14.528769897073882, -14.509158867476529, -14.49451193981093, -14.473739622672785, -14.450032811843618]"
"50,5,50,10","[8.78351295815626, 8.817085511906422, 8.817085511906422, 8.819647766402053, 8.843588905220482, 8.87421012632793, 8.924487172720877, 8.941968042076754, 8.990313416503119, 8.990313416503119, 8.998258893671217, 9.009775829672321, 9.026656590133793, 9.026656590133793, 9.031816248572422, 9.03336214572029, 9.046549235091792, 9.053939179621109, 9.072469656620868, 9.079242284118124, 9.088681365464698, 9.090835061051946, 9.103347810325838, 9.108012358930768, 9.108012358930768, 9.118345870979924, 9.121459439433758, 9.122187892671551, 9.124492280885612, 9.13547120620914, 9.13901036223212, 9.140356334878893, 9.146567902551263, 9.146695555384683, 9.156429427599566, 9.160142298063263, 9.163394721875163, 9.165854816369784, 9.193350362821853, 9.193350362821853, 9.19983954281995, 9.202319691927602, 9.202319691927602, 9.209099192862576, 9.219001794824713, 9.234182733703975, 9.23486605827836, 9.240787077102222, 9.278850185812706, 9.424723362007732]"
"50,5,50,50","[-25.835311152815677, -21.229606193314943, -17.017758635868166, -15.174574972992081, -14.780313634648381, -14.101887549418207, -13.035361552970318, -12.632098405391208, -12.603394331849966, -12.579465495290098, -12.578722555296757, -12.573958495006519, -12.570688693195706, -12.566001409554389, -12.554214290564836, -12.554214290564836, -12.554214290564836, -12.551677242394081, -12.536849270604273, -12.505573417915194, -12.505573417915194, -12.48057028253838, -12.437899743943479, -6.707150001293381, -6.699576747029231, -6.184588515468395, -5.945736854362465, -5.681428759838745, -5.335404386471141, -5.282848557816059, -5.265600006326701, -5.265600006326701, -5.265600006326701, -5.257648770114369, -5.202066306420387, -3.80912642397659, -3.717926747473329, -2.102797520217912, 3.8290983434610895, 6.468219912840851, 7.559852099039377, 7.855294590679551, 8.259475176973552, 10.40205465608278, 14.584168682366101, 14.66273845405211, 15.16865692428493, 17.25216559689966, 22.05571786911432, 42.06606208374366]"
"50,10,5,5","[-24.278050104522066, -24.25968883278661, -24.25361533281736, -24.246145764094678, -24.22194375326558, -24.21253145735243, -24.210197153981813, -24.17652688394951, -24.172253707850118, -24.16917500957961, -24.164763591127244, -24.164763591127244, -24.161428015890152, -24.156755657494635, -24.15575669548026, -24.15575669548026, -24.148842429243448, -24.1464563714909, -24.14622455605765, -24.143843065864633, -24.143495099549064, -24.141868448587683, -24.139051319901412, -24.137031297794483, -24.137031297794483, -24.136639829152, -24.13116803916586, -24.1263688650861, -24.125097387166893, -24.124437353629443, -24.119055180809397, -24.114843632044614, -24.11383884082464, -24.112258794754652, -24.110891532665423, -24.110702675905582, -24.104864364926264, -24.103468754255317, -24.10067351313487, -24.089470268634066, -24.08385259285851, -24.083120986194597, -24.072125434503974, -24.051382371818313, -24.05000282335376, -24.04873824920514, -24.022758186800193, -24.020456970606872, -24.020307835825744, -24.004569260499192]"
"50,10,5,10","[19.712291648076175, 19.73796333794958, 19.74759459135465, 19.753022085302575, 19.758255642613257, 19.77566961681066, 19.793493959114553, 19.796766024252868, 19.797623841902425, 19.812272441432427, 19.812956752303133, 19.81847335724303, 19.83766122565017, 19.839758549477782, 19.84486468269232, 19.847706926806502, 19.84989104594341, 19.854556042693435, 19.860203904800223, 19.860203904800223, 19.860203904800223, 19.860203904800223, 19.860203904800223, 19.860203904800223, 19.8615175129681, 19.86466114083969, 19.86466114083969, 19.86466114083969, 19.870080036881536, 19.87148370303578, 19.872574477541715, 19.878206586388966, 19.88573052207809, 19.891772291332583, 19.89365128549716, 19.89612466898251, 19.899757877201615, 19.899757877201615, 19.90763162441825, 19.91384879380727, 19.915292465133444, 19.918064308046183, 19.921797038288005, 19.933769116409824, 19.94386416171881, 19.953772720277765, 19.96442908698075, 19.99215783455419, 20.017458421213327, 20.045408171946924]"
"50,10,5,50","[-38.40484198721857, -23.043802129076578, -22.97132907861848, -22.166922548897194, -21.55061649608492, -21.55061649608492, -19.453501795924446, -19.382641767554837, -18.99370519459137, -18.65845874368653, -17.382166578372477, -15.528301615835888, -13.416481260088444, -13.388359713190255, -13.3828826222251, -13.36516319222914, -13.330549106011707, -13.229577369404673, -12.63639490823585, -12.534642929757823, -12.519256173279587, -12.49362031542697, -12.47596567337215, -12.457392937992774, -12.440916399076627, -12.440916399076627, -12.440916399076627, -12.440916399076626, -12.440916399076624, -12.440916399076624, -12.440916399076624, -12.440916399076624, -12.440916399076624, -12.439774635562278, -12.390818898249645, -11.82129507533702, -11.814056984517801, -11.814056984517801, -10.288489385636826, -9.616676494017911, -8.415976597958862, -6.22677682686202, -6.220955898307981, -6.216727679752269, -3.350163954821048, -2.8427197282472156, -1.2098380435476885, -1.0333401850627624, -0.5659678845685558, 3.4849153231793895]"
"50,10,10,5","[-11.55396651729971, -7.9941502245978215, -3.1011375928617704, -3.0671507706275896, -3.0486680896659797, -3.0459226903274805, -3.0448058363378125, -3.0448058363378125, -3.0430864605331616, -3.0430864605331616, -3.032457205735464, -3.014631083667463, -3.0067357509040384, -3.0013285473362012, -2.9965716058370786, -2.9902745691989536, -2.9902745691989536, -2.9902745691989536, -2.9902745691989536, -2.9902745691989536, -2.9872567794262594, -2.9823743698847633, -2.9807011821650806, -2.97516673839729, -2.974230115633393, -2.963989134837123, -2.963989134837123, -2.963989134837123, -2.963989134837123, -2.947985523540755, -2.9236040227380955, -2.8899275631608496, -1.8275225397949637, -1.6936543777560853, -0.8122578130015627, -0.6212221907729116, -0.556935704684008, -0.556935704684008, -0.5500216632926382, -0.5481538516411104, -0.5393217809509494, -0.5247018647637858, -0.5221653448458323, -0.5120311332870255, -0.4920039450558371, -0.49101476023587143, -0.45222319555330537, -0.37214319937645834, 1.1202809222256254, 4.442128729469719]"
"50,10,10,10","[-0.1887023482803487, -0.14875062769875025, -0.06552817673147449, -0.06543450251961103, -0.06337099828814152, -0.06337099828814152, -0.06008684036919343, -0.059665445256141925, -0.05239843985420933, -0.05079837953508015, -0.049857209416148796, -0.049857209416148796, -0.049857209416148796, -0.04694536311169384, -0.04568415966346806, -0.04124990338945511, -0.03759239759983979, -0.03288159327061835, -0.02936754375485673, -0.027588074593741352, -0.02751164202753087, -0.02109439428878246, -0.017182029823544, -0.015408488427763989, -0.013407719071706348, -0.011009091242680347, -0.005352685825406822, -0.003924169842321135, -0.00013957288310240124, 0.00326826779836209, 0.0077043710001883925, 0.008240794742886415, 0.014545080522125664, 0.015265609501501909, 0.018014745601824145, 0.023634899528172992, 0.03408392566110163, 0.045168140673571555, 0.05027602524708574, 0.05324462550033071, 0.054996410258850936, 0.06433665122550536, 0.08118973810436259, 0.08180593876087383, 0.0842834175404148, 0.10686814013337687, 0.10686814013337687, 0.11601600309624649, 0.13403873835959446, 0.1967079673113855]"
"50,10,10,50","[-27.857126916162365, -27.738921940536155, -22.434208704350464, -19.903078908035347, -16.871424999278712, -15.803382228633518, -15.786192146037045, -15.774721531367842, -15.760731969003642, -15.73912664421986, -15.729892341738315, -15.255528076816027, -13.641662377543625, -13.071278188870757, -12.593793288134233, -12.54697312016973, -10.87742116121862, -10.328698008787164, -5.451085312798558, -5.4425814154896255, -3.292332669113674, -3.1908067076068027, -2.8511440451171666, -0.5772679595002257, -0.09156862050412445, 0.5451238896236696, 0.7288407508368151, 1.3774505857013604, 1.6377880244192822, 2.1941061266866946, 2.5537000862100294, 3.5224287199016064, 3.675262379851814, 3.6814999285742984, 3.6976939835758045, 3.7140073291577487, 3.7670470764060244, 3.81206686891827, 3.8251436484390533, 3.8448071385731017, 3.8560631358018433, 3.8560631358018433, 3.8757550054856775, 3.885851186415813, 3.8971798554425514, 4.815259278469173, 6.057339424594694, 11.709832391581374, 14.804591591302886, 18.181503015702]"
"50,10,50,5","[-49.00476952233178, -48.976908985582725, -48.96662786321735, -48.96339799809048, -48.95142833520671, -48.95083961884199, -48.94888369751761, -48.94711387334205, -48.934455052509826, -48.927468890874195, -48.921431754839574, -48.91759508829179, -48.91541764756439, -48.9072761290763, -48.90480188739523, -48.9024116156026, -48.89881492013384, -48.88985263600861, -48.88849030176813, -48.883419294856644, -48.88009411012772, -48.86257569693521, -48.852450966492455, -48.84793382799747, -48.84741074714687, -48.839591167709756, -48.8338236024551, -48.83305576126437, -48.810735894160544, -48.80605976684232, -48.80303634501128, -48.80303634501128, -48.80303634501128, -48.80157175540371, -48.79832201739769, -48.7956504859824, -48.76298963527144, -48.75988079349551, -48.73997884276629, -48.72041137306387, -48.72041137306387, -48.71091819090348, -48.70951155242009, -48.68709537384454, -48.686425924871756, -48.686425924871756, -48.67875582088155, -48.65742775552367, -48.61619761380061, -37.13518676538302]"
"50,10,50,10","[47.4592885156825, 47.50696178409793, 47.54079648136193, 47.5641525733167, 47.56619786769808, 47.56816703396023, 47.56848997838601, 47.56907981967162, 47.58111045841715, 47.58111045841715, 47.5847336658212, 47.59338681872327, 47.60823480956242, 47.613304791395386, 47.63411222674064, 47.63411222674064, 47.63411222674064, 47.64390667622263, 47.644640984320304, 47.65017411243065, 47.660693892353244, 47.67645061188789, 47.67797741243047, 47.68603440044333, 47.68917881151705, 47.69900517352804, 47.71778578891936, 47.7181264538294, 47.737392881967835, 47.738272431593636, 47.778510132176656, 47.782917385203945, 47.782917385203945, 47.782917385203945, 47.782917385203945, 47.782917385203945, 47.799535580185726, 47.80155425877865, 47.802598587571694, 47.812675465876524, 47.8148749478778, 47.8148749478778, 47.88296507020935, 47.88747371145725, 47.907821099884515, 47.9083248245414, 47.913480679302005, 48.06522290507673, 48.0784664550469, 48.217164978389576]"
"50,10,50,50","[39.41855807251823, 41.386032603461615, 41.398059092213906, 42.5752640596574, 42.94754927042756, 43.42232276312347, 44.30648521674209, 44.57915461075254, 48.14878410877439, 50.97609368308576, 51.01064746597148, 51.04002605941718, 51.065424942357076, 51.06900281840575, 51.09311906434811, 51.107157756280756, 51.108154020085244, 51.29920248353851, 53.566497064271125, 53.8929429987752, 54.70828702684947, 54.930957123238606, 55.185489246499195, 55.20751313353167, 55.21729790159953, 55.2423104057086, 55.2423104057086, 55.2423104057086, 55.2423104057086, 55.2423104057086, 55.2423104057086, 55.2423104057086, 55.24563166807641, 55.253361591184564, 55.25667818093267, 55.25893687142368, 55.26313072776348, 55.2688833736537, 55.268977081954375, 55.301091383233135, 55.45749754635865, 57.01643330555549, 57.532922315334886, 58.69827087203167, 58.69827087203167, 60.58527182410785, 62.146225506169294, 63.372530902669, 65.07279824608557, 66.90448175516296]"
"50,50,5,5","[-7.997838348853049, -7.950536007141853, -7.932493290549629, -7.826766869318783, -7.819558593730379, -7.809875715142659, -7.804804250574689, -7.789811313420602, -7.764341121643861, -7.741517925809873, -7.739062350414655, -7.739062350414655, -7.735909240437083, -7.735350466397943, -7.734043584123041, -7.732174281768993, -7.727545358931456, -7.719997869980112, -7.715346166687979, -7.714575568497786, -7.6976267409707235, -7.685294230268175, -7.683797212885, -7.675248676035752, -7.673676605545113, -7.668676214738236, -7.661046910869702, -7.659597709321964, -7.65753544584943, -7.6567943884247835, -7.651202675618858, -7.649154818468972, -7.647735054472844, -7.644689264521448, -7.6433509420151315, -7.6331918720058445, -7.621087950135911, -7.613403566318503, -7.608486110850901, -7.608486110850901, -7.602333155636332, -7.57155914301252, -7.554255919121276, -7.503594957744019, -7.470900868066039, -7.462666464978455, -7.452480364951256, -7.449366652598446, -7.445376569119184, -7.286336360776918]"
"50,50,5,10","[0.85557444351688, 0.9273689101598617, 0.9774091516615604, 0.9970739412528773, 1.0046807210998874, 1.0073774702723606, 1.0214470601319747, 1.0266162805309786, 1.0336489149888513, 1.0341753234651372, 1.0405975359803614, 1.040659990170024, 1.0410251057401685, 1.041333303605981, 1.0442637545959395, 1.0486373181526956, 1.0576275436124627, 1.0629141415258863, 1.0645299863656614, 1.0652751742145021, 1.0695667959266597, 1.0724729713208956, 1.073833420300209, 1.0738334203002111, 1.0738334203002111, 1.0738334203002111, 1.081378212224025, 1.086417303531079, 1.0922344066306544, 1.0922344066306544, 1.0930566310615113, 1.09617732693013, 1.098405485980222, 1.1004442371692633, 1.1029907648632369, 1.1065551729089789, 1.1067610895569104, 1.1067610895569104, 1.1081138980430545, 1.1238985842427014, 1.1272545316643212, 1.1289366234421419, 1.1304310520548642, 1.1307247762434134, 1.1396595406863645, 1.145762691409792, 1.15690784745635, 1.1695803652055865, 1.2247658307228528, 20.20214334210624]"
"50,50,5,50","[-36.016246682238204, -26.410762768193308, -26.37687595038811, -22.178461405526722, -18.690978922392347, -18.677773682849057, -17.54227480810085, -17.387345468022882, -17.378070518009896, -15.591860221767602, -15.38834280820046, -13.200142915146946, -13.127752298682562, -13.029882030905593, -11.07112787526783, -10.384351171796649, -9.608592587056213, -9.60762091385513, -9.604920689634831, -9.597643414680823, -9.58354889258183, -9.574084052545075, -9.574084052545075, -9.574084052545075, -9.574084052545075, -9.526234550882872, -9.51882421116881, -8.904871175962128, -5.972630483271686, -5.786595527329872, -5.5501377792129905, -4.117611409639979, -4.10717508385426, -4.101886545526717, -4.073706835932208, -4.05441080080751, -3.623221629204328, -2.754452300500299, -1.4623981329001312, -0.9825038243347257, -0.5845535701798399, -0.045528432287422094, 1.7818380210321971, 3.8373514053365465, 3.8373514053365465, 3.854119357930524, 4.706639369635343, 5.838336217237768, 9.703820320717703, 9.842426810304637]"
"50,50,10,5","[-10.175544928793727, -10.144460098019929, -5.1956568536288525, -5.1899420593452925, -5.1814495157399785, -5.109874040026737, -5.0886378591728905, -5.088311721183618, -5.073083572297056, -5.0688658019132165, -5.053654023664873, -5.049888268452624, -5.049365653506267, -5.04521583753197, -5.040216835488548, -5.036804834150827, -5.031677633733013, -5.027765096114366, -5.025840422177267, -5.02149619211832, -5.021025031539648, -5.020497539701948, -5.015222641551769, -5.012323001453442, -5.003994324435895, -5.002212721244326, -4.997185524301253, -4.995095859290707, -4.994528355768892, -4.993697732680024, -4.993546385331621, -4.99271317513033, -4.990090043289082, -4.989781172760382, -4.989781172760382, -4.989781172760382, -4.989781172760382, -4.989781172760382, -4.989781172760382, -4.960373189291146, -4.960059812525619, -4.940212444710254, -3.7916011432429224, 6.293302451252801, 6.296573642938067, 6.299048713794386, 6.696614036547223, 7.951486501683809, 11.433626951983399, 12.900289746074895]"
"50,50,10,10","[-1.501765632211875, -1.4391093122844583, -1.4114045569043174, -1.3946201569565537, -1.3850004911900347, -1.3721348292132236, -1.3478798656793645, -1.3447028367525133, -1.3346750872162985, -1.32652880631036, -1.321200258031654, -1.3195968431260545, -1.3195968431260545, -1.3145416224303732, -1.3145416224303732, -1.311740170887476, -1.3098473129938062, -1.3098473129938062, -1.3057649792260135, -1.3047489154008742, -1.2991354302622, -1.2944516502985999, -1.2925915263214782, -1.2920174911588966, -1.2904593652327152, -1.2848662036276708, -1.2783352828839756, -1.2740573482187072, -1.2641139300024684, -1.2578244799524771, -1.2578244799524771, -1.2578244799524771, -1.257440989402954, -1.2443321169727377, -1.2405625455075509, -1.2368806236008463, -1.2299475991448499, -1.2171075434242746, -1.2105440820358804, -1.210219058674837, -1.2046022145397104, -1.2045224482652288, -1.1996385091208057, -1.1874339816099855, -1.1822332777357158, -1.1472144112831035, -1.1410586100679603, -1.131748656751469, -1.1212748485309252, -1.107429040403808]"
"50,50,10,50","[-26.11134704021161, -26.06380294255584, -24.574703952868916, -20.0709983717398, -17.485525370781325, -16.7598710384361, -16.75385514501757, -16.169125714148063, -15.340674612683117, -14.868420148102178, -14.80071336178188, -14.081746049494932, -13.957011424231464, -11.637897347111357, -10.683268763778127, -10.106222208304516, -8.890332383655231, -8.886402166421089, -8.849436094448384, -8.849436094448384, -8.831885816636063, -8.827849302612892, -8.799125634495713, -8.795656850245761, -8.792825072879857, -8.791135811045786, -8.787901414923628, -8.787029073699237, -8.787029073699237, -8.787029073699237, -8.78582195421019, -8.780380216876868, -8.777299131907618, -8.77020024022705, -8.767757470654018, -8.752843971491696, -8.747065656192163, -8.73484023463067, -8.732613359137678, -8.73209387467225, -8.727815782840464, -8.72522829491896, -8.021266022575471, -5.593003303494778, -5.499632578608796, -4.091736103671529, -4.080442208421381, -4.013423623284288, -2.8900648094932793, 2.0653219834022787]"
"50,50,50,5","[-17.537984719720946, -12.84424715325284, -10.817973794867235, -2.945156029365658, -0.8761221384119882, 1.6159393230832464, 1.653134044943771, 1.6710954746883928, 1.6722811364315504, 1.6852926437507225, 1.6866738759995865, 1.6956156287446502, 1.7034155431993394, 1.7042619139463664, 1.7094053594720542, 1.710724449648831, 1.7194890194885746, 1.7265050198693546, 1.7291361662105853, 1.7360731650536296, 1.7394825219111194, 1.7394825219111194, 1.7468706156767588, 1.750008149993012, 1.750933099196354, 1.7513902498396723, 1.752024343708257, 1.75321079246236, 1.755013631485193, 1.758333289176651, 1.7586074956112734, 1.7643640675650456, 1.765965245022584, 1.7715282886623518, 1.7728642477924748, 1.7766481967621148, 1.7791669278208682, 1.7862735037434048, 1.7915396554946703, 1.7941087236593818, 1.7945965544918163, 1.8046572154156983, 1.8081463336381347, 1.8230589188619124, 1.831851444127751, 1.837570064340131, 1.852738336213008, 1.8527928716054518, 1.8884107966078396, 3.796708538684103]"
"50,50,50,10","[24.392649654902428, 24.40475074519447, 24.423656488386182, 24.433846171458597, 24.44063840467309, 24.46685365294761, 24.473071605607345, 24.485265091815407, 24.485265091815414, 24.49009636457241, 24.49035681180593, 24.49577987100652, 24.49911040992662, 24.50110342266402, 24.50567279610878, 24.50673365511601, 24.508864554111977, 24.50886455411198, 24.5091436346828, 24.512349222437482, 24.512349222437482, 24.5156412880965, 24.5266661949779, 24.537932045861986, 24.54614864426819, 24.555577037327602, 24.56181210175331, 24.56564376106323, 24.567230415765337, 24.57090902804104, 24.57380920823266, 24.58055590648574, 24.585301837978683, 24.59343793422478, 24.59875792179861, 24.6025884353554, 24.60361226774715, 24.608388314633476, 24.61317369028265, 24.61755067146732, 24.62892844820063, 24.62892844820063, 24.62892844820063, 24.63148854386995, 24.64184112351957, 24.659139712215485, 24.661018515722308, 24.674894470133456, 24.739708926225823, 24.824284522778914]"
"50,50,50,50","[42.10762393044117, 46.132093947711176, 51.16014335750904, 52.1121162756615, 52.16533494429662, 54.816775634351785, 60.32628815044896, 62.067727559695044, 62.06777828507144, 62.082891546164966, 62.111728389828826, 62.11617020983529, 62.125353385033165, 62.126152620879324, 62.126152620879324, 62.126152620879324, 62.126152620879324, 62.126152620879324, 62.126152620879324, 62.126152620879324, 62.12956541268496, 62.13179982818956, 62.15195201444512, 62.15320720306774, 62.161216828833574, 62.187965073966986, 64.55643324759953, 67.65633338807096, 68.0488171826631, 68.0488171826631, 68.0488171826631, 68.90422912355785, 69.38624030803825, 69.51946794256155, 69.80342022967837, 70.42690520260241, 71.73895541369363, 73.47807001860255, 74.50845495719814, 75.0124546508472, 75.69127638200372, 76.68446794070007, 79.41622302249269, 81.71745147208736, 81.74636101370683, 81.7710342620548, 82.1655717401785, 83.53882661328178, 88.1097208529506, 92.72742232311492]"
