"5,5,5,5","[0.6973267955673812, 0.7167525343475827, 0.7519170491915179, 0.7875369314335655, 0.798760255514454, 0.810786735470255, 0.8747309697681229, 0.9533402360523201, 0.9934926916234235, 1.0139808432012822, 1.0400662293972285, 1.0455248240368058, 1.050824715883882, 1.0607299024713508, 1.0712818423660502, 1.0730753960433888, 1.082057411399902, 1.1128886855934739, 1.1211261334874516, 1.1363679181141442, 1.1517257649409873, 1.1575001719374938, 1.174973077466242, 1.2052917510452468, 1.2093911613238284, 1.2220485256495586, 1.229884159853939, 1.2426425222318445, 1.2597872558847154, 1.2617512703201101, 1.2620209070115265, 1.2742459054632693, 1.285966958103942, 1.3583951831997287, 1.360043873828723, 1.4322263848821346, 1.4366996530958003, 1.4728630777857652, 1.5497864762746185, 1.5568057132555677, 1.565966963880308, 1.6387284160833224, 1.7933096462188878, 1.8359768472463962, 1.8615965534557, 1.8624779047408229, 1.9098282675271516, 2.0135759973482035, 2.086479402613466, 2.248377188541609]"
"5,5,5,10","[0.6533904592641735, 0.6613584090764145, 0.8428439452879044, 0.9194973084200349, 0.9262291689321314, 0.9566552607036375, 0.98983006618902, 1.045654442030584, 1.0664921809673775, 1.0862463974477663, 1.0912897686317002, 1.1109302819028457, 1.1209565624284774, 1.1255592796096192, 1.1388652499679075, 1.1449080597107193, 1.218099785743298, 1.221855940785855, 1.227319253424044, 1.2297354599211325, 1.2562379635732492, 1.2966971864055867, 1.3283263061692119, 1.342692366078889, 1.357153692064958, 1.3688833375144287, 1.3775624145063248, 1.3828700309086677, 1.3869628387760087, 1.4557637561520789, 1.4569190326515007, 1.4762252400720626, 1.4954118716324731, 1.5432938511716894, 1.5436996610133895, 1.576151822046262, 1.6311784172579515, 1.64379083902476, 1.6664838878705983, 1.7175506652728185, 1.7965422255950216, 1.8050634758474087, 1.8656016298915663, 1.941455675245625, 1.9480695992767347, 1.971011745953603, 2.0127327862480238, 2.16111903434408, 2.827732709933071, 2.918347156823272]"
"5,5,5,50","[0.5462824843973259, 0.7808095400232382, 0.8076531513922116, 0.8956370371649978, 0.9301909816755727, 0.9558567302514568, 0.9925714478122488, 1.0095556634966385, 1.018331867252544, 1.0198585428862053, 1.0210604368726708, 1.1097808150627397, 1.13126978745955, 1.1345277002894785, 1.1378875687758672, 1.1382425872358009, 1.1444459302609649, 1.1482943898147044, 1.211064837606145, 1.2158055716719156, 1.234648392257503, 1.2376010224424767, 1.2406722394997387, 1.2514311445120048, 1.2514913394783647, 1.2596904839602223, 1.2707297110542612, 1.2801788974946837, 1.2884985045059179, 1.298671605134977, 1.3090410148329554, 1.3323606031728175, 1.3405734825389235, 1.3596956152044162, 1.382037273380822, 1.3910644777434087, 1.43030006774868, 1.4352587913187462, 1.439329799985232, 1.4641773636288138, 1.4862639059074516, 1.5008061952242426, 1.526409820018611, 1.5744276623729876, 1.5949933000653709, 1.6049076669178803, 1.618397283567863, 1.6380769459665714, 1.8331801890094663, 1.8341623201593755]"
"5,5,10,5","[0.7819978913404684, 0.791658314546776, 0.8180339077544712, 0.8738876214561891, 0.898828676736905, 0.905296201083547, 0.9145856528754693, 0.9356614176978081, 0.9366847500244724, 0.9400738240898241, 0.9568045679385365, 0.9593255428729366, 0.9776715159206895, 1.0544528346083042, 1.0711231468510045, 1.0973324775066882, 1.0979061365814373, 1.1076533757216331, 1.111033655574198, 1.126838132091554, 1.1274790453984849, 1.131568590783582, 1.1385402060546244, 1.1580966005532904, 1.1696185461021147, 1.1963078949292467, 1.2019986483931966, 1.2191289154991467, 1.2296658393327422, 1.2425752606057077, 1.257823016851669, 1.2654279065932763, 1.2736244274455717, 1.2893628685033318, 1.4108225668576262, 1.411937041164619, 1.4411994437972546, 1.4491171881276874, 1.462753597805627, 1.4644677594242004, 1.473781529960237, 1.4872910986405445, 1.5084903312643319, 1.650312287060477, 1.70339819414465, 1.709934266447144, 1.7802184837223698, 1.855444974782829, 2.069082697568756, 2.123899855543531]"
"5,5,10,10","[0.6402677751751191, 0.7321883060542451, 0.7553661922148462, 0.7595121490083081, 0.7649778100009618, 0.7766565658711009, 0.8017134358668618, 0.8185437192693928, 0.8314985363190571, 0.8690276989056651, 0.8928035453943443, 0.9004508543394081, 0.9015514675781766, 0.909169435511072, 0.9199532585129674, 0.9357482760101673, 0.9369880795962171, 0.9564903773181108, 0.9754637983801674, 0.9863002144201591, 0.9978108674481423, 0.9993038839034302, 1.0013191761089508, 1.0035882203266528, 1.0201680441927503, 1.023262605205947, 1.0547989309446044, 1.0638573936547706, 1.064491138159148, 1.0834944819725063, 1.0883194106961103, 1.1298057554812684, 1.1405398976218222, 1.155280238333484, 1.1892914439194435, 1.214873058017464, 1.2177737493065064, 1.2882659442180404, 1.3364823951171274, 1.344200484722797, 1.377532147256685, 1.3969458759307745, 1.4047422581913431, 1.4331322292662716, 1.5009391696571162, 1.5308435237425015, 1.6470672242059152, 1.6650705215689314, 1.8208723031269833, 1.9289516288418682]"
"5,5,10,50","[0.5881857287040202, 0.6506701174560765, 0.6967416301722364, 0.8302009206497187, 0.8711717954702507, 0.913333351550986, 0.9462621256258317, 0.9816782221540606, 1.0366210715881854, 1.0632653131014522, 1.072037317627179, 1.1147770176573732, 1.1280463537020313, 1.1586022252503219, 1.1867268174369197, 1.2029292180781774, 1.2046999300491974, 1.2252324155792222, 1.2283035492061194, 1.2547464939737547, 1.282331214032641, 1.2831873470263662, 1.3003898998494385, 1.3034138039081848, 1.3041247702719596, 1.3166414036085565, 1.3399225615109525, 1.3788918046696632, 1.4144077080041273, 1.438879026546998, 1.444733018444488, 1.4733546182894983, 1.4918428642622537, 1.5108558390142186, 1.5505916854366546, 1.5952931710194467, 1.6021419642846255, 1.6846214878632835, 1.689904505012521, 1.6986256516549936, 1.7005013289411917, 1.7124163411338706, 1.727318414979655, 1.807666794754422, 1.9035005698308545, 2.0476776151024283, 2.145870692174193, 2.1846416897073597, 2.2051020328001174, 2.209020045769428]"
"5,5,50,5","[2.0301075956894308, 2.297079212249359, 2.57007309523729, 2.5873014878007377, 2.614476603788828, 2.6782168458928646, 2.84685739694234, 2.8646677547804194, 2.932087683346217, 2.95660910020218, 2.9634050391256075, 2.988757249445739, 2.9983786323787642, 3.0702203807373296, 3.0704746084586256, 3.100389997467574, 3.197857509998827, 3.2279503165374273, 3.249977106014625, 3.2661728453106065, 3.283980948169538, 3.343445607028843, 3.419968413967497, 3.4269499093788043, 3.4310761230968176, 3.434307572768206, 3.460625466528169, 3.478479037185393, 3.4976479052881095, 3.535099552205169, 3.5373428693582674, 3.5527541588598153, 3.557170563855062, 3.6000467532085367, 3.6216360258596567, 3.64009734022477, 3.6820346680939444, 3.7067794485703955, 3.749328867016574, 3.8301338049071196, 3.8695611155735756, 3.8816634732664013, 3.920558018031683, 3.92806690268607, 3.9798305137311076, 4.013072115396176, 4.104638207453773, 4.1746675372946225, 4.518349690215636, 4.55076520733979]"
"5,5,50,10","[1.5376999812705399, 1.6429791620754977, 1.86275914354175, 1.987829558872064, 2.0219329057463264, 2.0880233208688463, 2.2153704929608233, 2.2864773892140744, 2.3043167798904056, 2.3305911152058103, 2.3541561887049536, 2.3699789912111267, 2.3910865050617476, 2.4126688979459177, 2.433450172946793, 2.5402476993802487, 2.5856356289758824, 2.6406044337956702, 2.693080147969901, 2.696569477543765, 2.7051101407412004, 2.7079757256951353, 2.7358275677554427, 2.7985623110995634, 2.814060910657944, 2.821121103533618, 2.8652679053158634, 2.8990766605205143, 2.9089781405946797, 2.925925110139782, 2.9600980388178257, 2.963989709291009, 2.9716367642902095, 3.008005514589468, 3.043213344882334, 3.0733851382504804, 3.103513493426246, 3.1176615804480092, 3.1235757818233645, 3.1269978347270833, 3.2231973715468483, 3.2607350168654, 3.2694290637995804, 3.281011744990045, 3.322367795442627, 3.448239531379869, 3.4557222426353946, 3.623600392117178, 3.655520617167783, 4.108125300404451]"
"5,5,50,50","[2.056341975187375, 2.285237818541362, 2.3045270275730325, 2.3133248037444853, 2.358504380471948, 2.3926075129876834, 2.4259137614337463, 2.467562531163984, 2.538979778615956, 2.5437993822409712, 2.6302602295582345, 2.6683393977647585, 2.6718396072611457, 2.7554617541645214, 2.7839537632763496, 2.794623436806964, 2.8083033926348238, 2.8680883027062203, 2.8864059263946897, 2.892879566366454, 2.92037353064801, 2.9210378736066094, 2.981422775839708, 2.996102350835765, 3.0008202380613485, 3.0111586808863726, 3.011701523160444, 3.031048177257375, 3.0402736495115996, 3.041312095231032, 3.101490698503473, 3.1601790431223806, 3.1639232219990694, 3.1795231474239545, 3.2388002765846258, 3.267819466838855, 3.3134192498038133, 3.3838612465540647, 3.4045715667000707, 3.4581110958498433, 3.485273914947242, 3.5506639125591826, 3.6221623468754225, 3.6942132398677687, 3.855457509934368, 3.8962894905923604, 3.9442625496412127, 4.18821847878617, 4.1904834580087025, 4.694288009067846]"
"5,10,5,5","[0.7056989353109376, 0.7269825898229272, 0.730094470891111, 0.8360380486014176, 0.865341971163627, 0.9142745450140121, 0.9175278783662211, 0.9225192984925062, 0.9388889485524434, 0.9495024399094489, 0.9815849585787714, 0.9819791084404311, 0.9856914441610455, 0.9877940017381617, 0.9946033273780545, 0.9978221699885885, 1.0109567443695933, 1.0114456916743686, 1.0612156203590706, 1.0910601407358196, 1.1050108512820935, 1.1133397582109337, 1.1242605246710045, 1.1245434038024151, 1.1371127477731746, 1.1708543927863286, 1.20214335948322, 1.215264471688492, 1.2545190385687035, 1.2586516875235998, 1.2892530183570947, 1.294271416182265, 1.318877547553982, 1.352310688896869, 1.3542137956795275, 1.3623077173376188, 1.3650964028596895, 1.377078295423802, 1.391952419242228, 1.4220169924422763, 1.4342611470640312, 1.4372900195616878, 1.4617675959773997, 1.5112636997657305, 1.5158375727185163, 1.5270907243607184, 1.586172290964939, 1.612421240694713, 1.8312833345309691, 2.2332123253709004]"
"5,10,5,10","[0.773490450977356, 0.9870132543486771, 1.058083746004263, 1.061559120666009, 1.0720229136508728, 1.1159771507440222, 1.1176845599575194, 1.2030311881200093, 1.2041469484857554, 1.2350692567849495, 1.2563590409130325, 1.2786082153041414, 1.3268810102358048, 1.330299082643354, 1.3430249384882955, 1.3623875971861563, 1.366384936230276, 1.3691498240692745, 1.3922543367822138, 1.3968655300678645, 1.4043534531140203, 1.416302883482773, 1.449481780174328, 1.4617974232741395, 1.4621744114200284, 1.4708733324725127, 1.4926819209324613, 1.5013715160901937, 1.5089964271759972, 1.5197412353714168, 1.5816666737823923, 1.5915879904552077, 1.6051900916311985, 1.6564347078618398, 1.7083462510972178, 1.7150198680949251, 1.7520914959928635, 1.7680035363851914, 1.784990485544554, 1.816768373387919, 1.8306947479534608, 1.8371255216887703, 1.8436685721029498, 1.9707010545494335, 2.068389942205994, 2.082736379424956, 2.1489751798431436, 2.3197632069897507, 2.3635162410833046, 2.3692646500567145]"
"5,10,5,50","[0.7993192062101004, 0.8059312683738981, 0.9529467295285976, 0.969516330139222, 0.9772925380259421, 0.9871345985846742, 1.134639265510674, 1.1396218313484687, 1.1486960020208914, 1.149824307603912, 1.151728475278283, 1.1619187098960277, 1.1625790505248594, 1.1750092104582204, 1.187622090378899, 1.1900636104901092, 1.19696852714798, 1.2091002888533235, 1.2399032769789902, 1.2674697512217101, 1.2679192267856332, 1.3287947136414762, 1.3296372449570062, 1.3407165483791865, 1.3408210192431913, 1.3562368249645478, 1.364887573664463, 1.3857878521429359, 1.4076042075977637, 1.4202399571177946, 1.4275231185760546, 1.4409624355378967, 1.4681908109751327, 1.538993547292345, 1.5529663484716403, 1.5980104416464311, 1.631122098378892, 1.6319941940208877, 1.6463608760354045, 1.6952042426249456, 1.7100916619350923, 1.7121992381747837, 1.7423645902836473, 1.7619335164117367, 1.7711205258414906, 1.8400768438548756, 1.867637275125086, 2.0783724740595413, 2.110710428233709, 2.603615546114016]"
"5,10,10,5","[0.9680918027209907, 1.0125151332569546, 1.2576435549724687, 1.2745033849259695, 1.2813143033613188, 1.3125584401628103, 1.31907204790441, 1.3379995815354218, 1.3670470411729656, 1.377502073582717, 1.425137821455645, 1.4548838742351777, 1.4730948820910328, 1.4737555589087306, 1.4771799564326418, 1.4802866345385868, 1.502799485845152, 1.5128332869718233, 1.513389396353945, 1.5251570744490475, 1.5369149699554896, 1.5384327135064353, 1.5452125932833254, 1.5489047534292482, 1.5518692276972323, 1.5549890678847604, 1.5673583182574355, 1.5821391902815634, 1.5844254581331223, 1.5898490911476444, 1.5948320754032568, 1.6161857340656176, 1.6595728103527498, 1.6674469434411208, 1.6908714669339147, 1.692910293474991, 1.7040858172831044, 1.7124938937368168, 1.7138429298139812, 1.7391452012108193, 1.753984609689088, 1.7667593010012528, 1.8076902778682293, 1.8199717205873256, 1.8202474555190427, 1.90741474960434, 1.9178926483082943, 1.9597023729722118, 2.100618070986036, 2.229337420998156]"
"5,10,10,10","[0.6155692189823434, 0.8140764695755756, 0.8685631828851967, 0.8782538869649743, 0.9832072738790847, 0.9989795902113976, 1.0025330127121868, 1.00788688453709, 1.0149861850407436, 1.0400759497950367, 1.058519886170677, 1.107789031053575, 1.1561320412481506, 1.1667487045719274, 1.1735795224135057, 1.1956943175016135, 1.2203265940669648, 1.2218497204768923, 1.2246131161419436, 1.2262427298126437, 1.2306661017937532, 1.2456447779992454, 1.3167290324002308, 1.3906632701459931, 1.4195637830565766, 1.429549371438918, 1.435998598007664, 1.4363791665247088, 1.4387818035707869, 1.4463004024707515, 1.4476710489876146, 1.4843180966414649, 1.492947999616645, 1.4929614696951723, 1.519582049946012, 1.5257880143970046, 1.597566019629792, 1.619470333546797, 1.6330070371617644, 1.6377030044138476, 1.6525642152374993, 1.6683802677418587, 1.6878035976834251, 1.7424944089306897, 1.834628331124918, 1.8950173032559323, 1.8977209121218714, 1.9086510062362279, 2.178289303514844, 2.5064755439879134]"
"5,10,10,50","[0.9593224864420333, 1.4703855115520699, 1.5566050149098092, 1.6330430524876316, 1.6656906958246864, 1.7542942054899915, 1.9295417592708979, 1.9304629041727044, 1.9463806279638807, 2.0581700165811228, 2.061480294443514, 2.101361903888733, 2.103302353746101, 2.140046300280665, 2.157340795029596, 2.1619116241668808, 2.2391603154756368, 2.261817547597223, 2.277246199635438, 2.2841528589601583, 2.2993316524623757, 2.338265070802069, 2.338501662912093, 2.4180740366403652, 2.431368358925382, 2.4363191734963854, 2.440027723214744, 2.4443896796431654, 2.4698147415895497, 2.4731498446142135, 2.5130132443799877, 2.5287456822171244, 2.545448354400932, 2.5508937259589097, 2.556750729393304, 2.5963152752470697, 2.6018910533408475, 2.606489757874354, 2.6162813079747336, 2.6492553168296373, 2.6645427490986506, 2.6733036597821966, 2.6850549534245136, 2.6992728049513235, 2.7114797166197637, 2.7612961871314807, 2.7851058938101056, 2.8347910239461953, 2.86278051628046, 2.9972399963692085]"
"5,10,50,5","[0.8653739697634748, 1.0841333343430726, 1.15214241200399, 1.1753096921992445, 1.19332423164945, 1.2165101219096104, 1.2908194227264214, 1.305625261597628, 1.323515904322668, 1.3416795428815171, 1.351247385775396, 1.3557832523454696, 1.360679316469261, 1.4092259244617313, 1.4099354959745707, 1.4200609133781026, 1.421519056805923, 1.424905597094515, 1.4507222939116224, 1.459036597117303, 1.4592934662670802, 1.4682785862017789, 1.4693865835693707, 1.4773849664741796, 1.4794069862249355, 1.5001776635065207, 1.536264268714873, 1.5869931918083684, 1.5961772819242965, 1.6025313853983598, 1.609832654266921, 1.6239995453764862, 1.6290739116720718, 1.6425212123250799, 1.6810463833600848, 1.6836689440794737, 1.7188216860365781, 1.7336325331952622, 1.7772451945084597, 1.813675182431799, 1.8267122682075132, 1.835392183697434, 1.9497149110529008, 2.000364949842568, 2.2278301552652544, 2.244294737260995, 2.346202483573072, 2.356661743741644, 2.8535419003616105, 3.1742407234262835]"
"5,10,50,10","[2.6049216083986497, 2.61634159611303, 2.9825822065051937, 2.9860566140087808, 3.113022898916688, 3.113256588533053, 3.226726323349913, 3.260124444297972, 3.264323598859467, 3.3014308432274526, 3.3212919583282443, 3.3312946289627647, 3.4304509007587156, 3.482290458469054, 3.4893107065926627, 3.491826429364201, 3.495738774554873, 3.499411831524031, 3.525943381956042, 3.545283998149151, 3.5536631058296395, 3.5570418407709057, 3.5876757844032925, 3.6039020439608374, 3.6048046953752384, 3.6227472009159256, 3.622898297249133, 3.6254212703050634, 3.6373094201323313, 3.641979610591578, 3.653189021166534, 3.695383417359828, 3.6975512258135623, 3.7180392987346194, 3.7574248523598883, 3.7643431052224607, 3.771404105232068, 3.8155124539869263, 3.823690877573882, 3.8818500351079237, 3.934223572807086, 3.9517398810711226, 3.9871205834503614, 3.993340198699184, 4.015099244127936, 4.021258473257808, 4.177024851694179, 4.510707542049934, 4.675814231247161, 4.8334207587064]"
"5,10,50,50","[2.4617077439513784, 2.467870908426721, 2.4832924755363774, 2.497312727363583, 2.6107303886539865, 2.650104637360529, 2.6571321042358886, 2.6991400824107754, 2.714467148698845, 2.7231753823659495, 2.739770432037926, 2.7438981206646105, 2.7602456992226836, 2.7611951639054224, 2.8002778649669393, 2.809351950308296, 2.825197206018059, 2.827318559372656, 2.836111321717361, 2.8395099666417143, 2.8410032616875824, 2.844382310495928, 2.860514068584748, 2.898655138708102, 2.909826120412347, 2.9280572737826, 2.9464480953505445, 2.957307000195033, 2.957716466512789, 2.959093662387098, 2.988084145244941, 2.994354318899777, 3.0286100090995838, 3.0355595230802184, 3.10027130091822, 3.141004120075864, 3.143376033447996, 3.1496884787771466, 3.150102113077015, 3.1533163437390335, 3.1580527389461466, 3.1770209773585676, 3.2202264592279675, 3.2211892475081414, 3.2524826102866067, 3.280652179448991, 3.2825582560444824, 3.353635306314542, 3.4213263528238165, 3.7186485596021077]"
"5,50,5,5","[1.3172534960577713, 1.3600224413250876, 1.52962670382071, 1.6450267769188218, 1.752452175924153, 1.7556991891738782, 1.7692301587873824, 1.7763944267600924, 1.7906920986457238, 1.829195342566771, 1.8697082074883251, 1.8903971926459064, 1.9033806380657317, 1.907056927728764, 1.9393675723227382, 1.9579943929157306, 2.018227380303371, 2.0310070400076405, 2.042454845508881, 2.1049975371637375, 2.1205724749954973, 2.1247083438937056, 2.126634429950042, 2.1321175155976535, 2.1367360645189546, 2.1392298482745913, 2.1452860605221957, 2.1916260904347618, 2.214548118162487, 2.2812991332759895, 2.2818403086288845, 2.28577851206009, 2.295291854584805, 2.301257458196373, 2.332586397490502, 2.3857745405815516, 2.4099199944920273, 2.458115645435482, 2.4585111862847513, 2.4780776522760037, 2.5070544177362577, 2.5382247512172076, 2.5490956308669928, 2.563343146781716, 2.6081576515516853, 2.621820752277736, 2.639831735200261, 2.6677763625911366, 2.699404493676545, 2.720107262996708]"
"5,50,5,10","[1.3368034692176471, 1.3609285883715032, 1.6768814747104641, 1.7924556668272493, 1.8750613342100066, 1.9423657527759766, 2.0364086850862213, 2.154069628292582, 2.200252405384038, 2.2260776125928343, 2.2394112534379875, 2.2649324325697022, 2.276087412324001, 2.2978329756785967, 2.3032759750999627, 2.308504245066157, 2.32384203832918, 2.3256466684962893, 2.3349023332409615, 2.3402731272582615, 2.351551203833724, 2.362906814778684, 2.3662297714047624, 2.3712806716722463, 2.391728196932985, 2.400743521131533, 2.405321433702298, 2.4360929980998103, 2.4403731775816135, 2.4786303418499, 2.4998711221814665, 2.5068599347069935, 2.5220851677516762, 2.5567885421456724, 2.5580831298146296, 2.560953559845293, 2.583368720723201, 2.5972201305549634, 2.597924155518918, 2.703657576948902, 2.713877827637707, 2.778903616022517, 2.8082179868957473, 2.8248047932897435, 2.8354282970198836, 2.8515984098482603, 2.9374457912362253, 2.9420270759347935, 3.086580140331429, 3.1574396171619328]"
"5,50,5,50","[0.6620192365956529, 0.7388689807190962, 0.7776523472380666, 0.780055740998556, 0.786221156703544, 0.805802546923181, 0.8097915465650682, 0.8990537985663003, 0.9351049097746603, 0.943985102676916, 0.9524076324868778, 0.9574388757174166, 0.9602938891646833, 0.9650188018566634, 0.9708714765392099, 0.9988586785725104, 1.0251817148434101, 1.0335186233495033, 1.0403828757797202, 1.0564537335969497, 1.060419640986388, 1.1025053155843259, 1.119873485810904, 1.1348951142885277, 1.1406510352740449, 1.1535536020867818, 1.157023656906191, 1.1860845661033168, 1.1900305279425674, 1.2237424463060713, 1.2257363657329474, 1.2847019895906484, 1.2957809236438238, 1.3133175737790779, 1.3178074663961705, 1.323326182563411, 1.324996946460963, 1.335234937856454, 1.3381834661136056, 1.3512700698590017, 1.3513974035308374, 1.3747722241136977, 1.4144131741160968, 1.4185666329120687, 1.4189554457000058, 1.4715372257493118, 1.4738137995588914, 1.5013484037225981, 1.6474422017415171, 2.310452641593887]"
"5,50,10,5","[2.400963878895409, 2.6828905458222416, 2.843173162717997, 2.846119255509347, 2.8575347887793043, 2.8686767379665254, 2.9529447505552384, 2.95633234617517, 2.9581738127526704, 2.960715003134699, 2.97898294378152, 3.139710321954512, 3.1428396096790556, 3.1578573575524747, 3.1795140829544524, 3.1846460359214266, 3.226227229069906, 3.240108853862234, 3.2512760362481545, 3.266572503734634, 3.280223055278026, 3.302666438025561, 3.344483165692446, 3.3538324105003916, 3.3616427210213105, 3.3680096023790247, 3.3819747219919107, 3.3838278543643185, 3.384600470671072, 3.3854146892429107, 3.3913571975442762, 3.395086032599127, 3.409269730191977, 3.4351452082162837, 3.5528319786808753, 3.554593899886858, 3.618389933136522, 3.643642875681105, 3.828470084296421, 3.8330993153968635, 3.845652655059843, 3.8734935884614865, 3.9280290005759424, 3.942341242298169, 3.972315462951728, 3.9920595293233108, 4.003589311060815, 4.024155667495976, 4.167434620950266, 4.399105880700702]"
"5,50,10,10","[0.4224381365231199, 0.7832725737701443, 0.7930092856275552, 0.8138323824259196, 0.8257819818067237, 0.8284225030338488, 0.8483147454576627, 0.8489263942223083, 0.8552809344991802, 0.9169216958255779, 0.9243417433617891, 0.9502199621561275, 0.9742874003669266, 0.9813602297332054, 0.9823157049244934, 1.0197976428586535, 1.0226030387470002, 1.0254000912376493, 1.0605788810851764, 1.07614953986402, 1.1045429941753078, 1.118461133774869, 1.1285284525442925, 1.1339663132158684, 1.1378529114027045, 1.157265185846974, 1.193397426098422, 1.2444880424758886, 1.270171670423807, 1.2761583915129786, 1.3087501763346583, 1.31106930802318, 1.3177322122380477, 1.3264152783205414, 1.34390043047132, 1.3547609713034023, 1.3656941373980973, 1.3761246800444158, 1.4110109102613764, 1.451858066209749, 1.5041438620348289, 1.5169203736855426, 1.6202740514256433, 1.6590199980245164, 1.6737892691165066, 1.7025402803521537, 1.9051562066617187, 2.088684560402152, 2.2628080131671604, 2.910617666291768]"
"5,50,10,50","[1.0660905769305316, 1.2455175814889443, 1.6112633999288668, 1.7532315238389518, 1.8341883438028534, 1.9265193842712898, 1.934949834834271, 1.9776602121847175, 1.9838092857623557, 2.0046461865791594, 2.036947438851296, 2.1446129976538413, 2.3425516859873103, 2.3603907180513017, 2.369587280559205, 2.410522920581292, 2.4671312825205347, 2.4890168193065407, 2.510411784515378, 2.5121007362295695, 2.520764150744571, 2.5521603214687953, 2.5612670958618655, 2.5636514666151338, 2.564130460873442, 2.5721634329442287, 2.5958214899615655, 2.595957550725383, 2.5990672151281506, 2.641097821090569, 2.7034702617580235, 2.7700361892050402, 2.788376598088399, 2.8020931368105773, 2.813973324301174, 2.8551897366934798, 2.8657625764470143, 2.8845811754053203, 2.885550323532349, 2.9003115648086912, 2.9289064254576775, 2.939934345731383, 2.9407337212068403, 2.946073689372178, 2.9549670819546856, 2.9730763403704015, 3.018220048288904, 3.0757658389228193, 3.2846201196907017, 3.749013078511477]"
"5,50,50,5","[2.831232646592296, 3.4002236192143265, 3.4700192387073754, 3.5054456340159263, 3.585815953490859, 3.6486261697112923, 3.653218104374492, 3.65986971240444, 3.6608375138960967, 3.6691095042106725, 3.682570481252088, 3.7268579444141174, 3.7987784910850833, 3.8259172425828765, 3.869665965806926, 3.9976972247825118, 3.998294617323148, 4.000774634319512, 4.005636709796439, 4.006887109630619, 4.017277366016382, 4.019235276742521, 4.025190122927727, 4.031102869884739, 4.055898339468447, 4.062227187704151, 4.100425384407343, 4.104849856770857, 4.155763677578949, 4.157366101001296, 4.15769380862208, 4.172555542981231, 4.184379056058, 4.206390624548272, 4.28048921425155, 4.285723768057288, 4.305245342153629, 4.333914488791194, 4.3857911090836925, 4.388214322868677, 4.414895856377458, 4.439153257087925, 4.441980427939667, 4.450336348174611, 4.483084409181645, 4.541433303079927, 4.65850224486457, 4.71338590711521, 4.77775297086406, 4.856218618529466]"
"5,50,50,10","[1.975556778055375, 2.0068007151812433, 2.0207123707626224, 2.1953098256604084, 2.2010530169957745, 2.234472185833842, 2.2585440840863322, 2.2803734469087553, 2.285322526158252, 2.2866775234613668, 2.3194607136383674, 2.338698832776134, 2.3625858617278532, 2.3767135683389595, 2.397961765333034, 2.4199448917048465, 2.4298681763924384, 2.4431154966303525, 2.462759101538819, 2.471938593575186, 2.4812721689242716, 2.4868972802534683, 2.5005147971708857, 2.5092900925351382, 2.535571798746817, 2.5420115760392243, 2.5549908640494614, 2.562686668368141, 2.625234581983854, 2.6271392290140096, 2.6276175377891433, 2.6359022293922836, 2.6542279172472147, 2.6601609686145973, 2.6651397555756726, 2.765077290707072, 2.783269572912647, 2.793654927503834, 2.859697569980112, 2.927496296508026, 2.9946855533712196, 3.015501644238445, 3.03022891424131, 3.038420846200345, 3.061418709331362, 3.2637464970973653, 3.294435539035829, 3.656571413993414, 3.7479738297148835, 3.868594315584815]"
"5,50,50,50","[3.82082394728139, 3.890727620560675, 4.082654547238195, 4.100546674816023, 4.186571298114278, 4.197176765347263, 4.240126642882193, 4.242762633723197, 4.26566429680007, 4.276411141066502, 4.335533478346313, 4.349081380867977, 4.35629470376278, 4.378131869888173, 4.380354732819174, 4.3813254098501675, 4.393113542787594, 4.416508076561096, 4.425552829973587, 4.463459444700632, 4.465225919475797, 4.467350929782357, 4.497897402257052, 4.526984857886292, 4.53029835224474, 4.560146618780617, 4.59753458403668, 4.620058662904194, 4.621931339444204, 4.623896013051294, 4.649825508896072, 4.649917689131641, 4.669295380313385, 4.714696451016653, 4.731882430492106, 4.741336874802516, 4.745914316968639, 4.80837960037839, 4.810100413273623, 4.837584117955522, 4.84408766797212, 4.8474089099269175, 4.857041027927797, 4.912067159886716, 4.948817236044813, 4.9890551252960345, 5.0767174062271465, 5.3502503175654, 5.779100227293547, 6.288814685685933]"
"10,5,5,5","[1.1093273606779888, 1.250957523671707, 1.326162814264067, 1.3380602427442452, 1.34425993287857, 1.4361962324328001, 1.4423264660291557, 1.4700472316965434, 1.4794306262636538, 1.492036826307234, 1.5052596037145833, 1.52207797502509, 1.5384058338491833, 1.610230189660595, 1.6187262308479382, 1.6317767868659054, 1.6373543992111792, 1.639422114066002, 1.672699363540713, 1.7098870476721832, 1.7198113241958297, 1.7265334818267501, 1.7393227968553027, 1.7487792028459772, 1.7494980467585957, 1.751340239682196, 1.75606858860047, 1.7671071165053955, 1.777109443514825, 1.792901771635331, 1.798961421105527, 1.8209763676117572, 1.857714854261194, 1.8598837817459444, 1.8648362243379069, 1.8904977986800346, 1.8915616233603756, 1.901353938210974, 1.9027397088075504, 1.9480652837506618, 1.9509169151285632, 1.9669566311286875, 1.975902931966128, 1.9835027805874048, 1.9971564617216118, 2.016371482269526, 2.038274767627638, 2.0834636157367763, 2.116009792571532, 2.3195526519874057]"
"10,5,5,10","[0.9913747328871831, 1.1380082175954174, 1.2186472539945916, 1.223201193015017, 1.2585586336637546, 1.2729823749726388, 1.2755184792901342, 1.3115719290933328, 1.3137364890855712, 1.357295083010381, 1.3614396890496818, 1.3685252763789717, 1.3934761931074262, 1.4087367297806561, 1.4127938138878617, 1.4266250643091207, 1.4333946009957588, 1.4338629651070942, 1.4361674140623266, 1.4427796323007862, 1.4451294009182118, 1.4558867080031588, 1.458227735048248, 1.462836594755082, 1.4665137296938862, 1.474021086465324, 1.477292733385652, 1.4774774003604068, 1.484652147911892, 1.4896867180504683, 1.498850333788932, 1.5085063590453516, 1.5447850213302707, 1.558595093434918, 1.5708151965746366, 1.589903806699672, 1.5955119476997708, 1.6197261472119542, 1.6280500696775106, 1.6922896429584995, 1.7428571379315696, 1.791453989404396, 1.8418776754708623, 1.8435033936365843, 1.853973507701621, 1.9400720475285147, 1.9427174007453611, 1.965463105422701, 2.0681802400848683, 2.1410878524379426]"
"10,5,5,50","[0.6869128796350346, 0.7869998172436163, 0.7896244068105183, 0.8100421730853542, 0.8127851534008086, 0.8747317533540218, 0.8749665081653225, 0.886603010321452, 0.9218249776007987, 0.9495800299878054, 0.9689127651701442, 0.9728781449784973, 0.9987673230033185, 1.012764947708376, 1.0142568906603684, 1.0234207695285977, 1.0244484828145888, 1.038978252802076, 1.0601545590516224, 1.061005321063154, 1.0641142759374307, 1.0646429155954755, 1.0827319842019005, 1.083502991853896, 1.098847918818858, 1.1087418117163494, 1.1387030827895184, 1.1428579297988213, 1.1618001685428998, 1.1627692415115674, 1.1736600958394117, 1.1810032922111273, 1.1981265200582378, 1.1989973742616131, 1.2037928197670886, 1.215234249753788, 1.2196141732781522, 1.2638901700022274, 1.2929385129477349, 1.3278358636096275, 1.328720896714238, 1.3333590624836291, 1.3416955140437357, 1.3551549753302568, 1.3904755224255636, 1.3946429966430847, 1.3964581377691292, 1.5237271893550954, 1.5293767385509252, 1.6698540628402803]"
"10,5,10,5","[0.8473316486195482, 0.8821199955290684, 0.9231275647023797, 0.9408122056107502, 0.9476275076989259, 0.9536184172869943, 0.9700931151798754, 0.9894288106497726, 0.9909750423161817, 0.9921112363077697, 1.0347139505277627, 1.035321214221813, 1.0504271215764693, 1.0547370604841637, 1.061938570605213, 1.0636322227523405, 1.0742025412295437, 1.084742985957282, 1.0928468679913106, 1.1010360656608058, 1.1026496493112141, 1.111742273215684, 1.1240445740658405, 1.1282098257357838, 1.1450796040211013, 1.1562104578471972, 1.156950839260204, 1.175469955235135, 1.1915520444333318, 1.1948806321548484, 1.2510606480982296, 1.2521956163361725, 1.288479332157306, 1.2970386422778037, 1.3143053003100142, 1.3730646396041846, 1.410875102816948, 1.41087907949201, 1.4231526102523795, 1.443540313230443, 1.4535796806246124, 1.4613906258791933, 1.4696048967288091, 1.5007308621608701, 1.5107987236099816, 1.513354032370601, 1.5829790620158464, 1.589896046455777, 1.6043889668544218, 1.724915076053822]"
"10,5,10,10","[0.9965276448767035, 1.4031522013894608, 1.430516924994444, 1.4335851152022063, 1.4539017746613838, 1.4696665462794538, 1.4817786317930148, 1.490391567345724, 1.4953338730905237, 1.5103153106248366, 1.5155621013310374, 1.5348933495049206, 1.5439668645722286, 1.5539375198083474, 1.5608628782564198, 1.592586528491228, 1.6068598590055416, 1.6677379516152324, 1.669735927516345, 1.6769764693843334, 1.6778398789328244, 1.6779517191639175, 1.6998135039236526, 1.7013181604357122, 1.726064944205159, 1.7280714712052134, 1.7314866507446394, 1.7885058129875255, 1.788795842461686, 1.8359094681956118, 1.8437651458399937, 1.8460324788769271, 1.8722673359356221, 1.8967221691873484, 1.9084312206735679, 1.9140211289704248, 1.924725169808271, 1.926676148035174, 1.9355333958748264, 1.960318178083957, 1.9667635257303424, 1.9720406052470043, 1.9953371325124654, 2.011717978347908, 2.045256774951235, 2.093865506267848, 2.1850276281120538, 2.1930418987151996, 2.19575564388668, 2.216248557637968]"
"10,5,10,50","[0.7758323632117431, 0.8385213654200463, 0.8447542468502895, 0.8905056772313257, 0.9305718465923796, 0.9336264614809465, 0.9828462698691327, 0.9844934901873961, 1.0184330297514264, 1.0715875435754378, 1.0809737189825452, 1.0972198446367663, 1.0985338933021693, 1.1167780670583518, 1.1688548537438508, 1.1705566037455963, 1.1798786251386475, 1.1843013673330243, 1.1922928712363965, 1.2028190683592257, 1.2209098589421277, 1.2241922614137988, 1.2398667346174397, 1.2634181821233617, 1.273064757019905, 1.2736377342346128, 1.2816585374688658, 1.3476252167336897, 1.3564890345897622, 1.3754657599256004, 1.3770072665385675, 1.3935549099408766, 1.3944014858441103, 1.3995238506571044, 1.4212065636346902, 1.4542050658993637, 1.4641817137639548, 1.487495677117829, 1.5104242071501899, 1.578194096665599, 1.5829164690043807, 1.5975194994811979, 1.6001606218052253, 1.6368528724213813, 1.6411281162701112, 1.6471121470518901, 1.7078501170925207, 1.7230089140762452, 1.9324556650210336, 2.2280722165741813]"
"10,5,50,5","[2.329598386115718, 2.499840871965522, 2.528459574409999, 2.6055197381380015, 2.6865608649755637, 2.7915363668902344, 2.8306288627869334, 2.8545797044025614, 2.8815606448533733, 2.9036635838297298, 2.908780681719791, 2.9688646092124342, 3.0354444584776266, 3.0699726412184978, 3.133336721912994, 3.143157553520181, 3.164869745328744, 3.1833538244476802, 3.193118148661558, 3.234512169595129, 3.235207373666179, 3.240157078650114, 3.2792936389692597, 3.3106059391208347, 3.310698961104298, 3.326327224397758, 3.35398226992812, 3.3596817251864635, 3.359771804915302, 3.361326148905973, 3.371061381658307, 3.3750119358766115, 3.381683454571353, 3.3820460189788273, 3.397177126446956, 3.422738276244032, 3.4616025047079795, 3.473011245555907, 3.4923374185126663, 3.5162474911301715, 3.595874316691021, 3.6057733890608135, 3.6349019562697777, 3.6368836033287844, 3.7784981158700375, 3.8248365012011343, 3.883846636790917, 3.9616654939180327, 4.076734488718933, 4.123051375800683]"
"10,5,50,10","[1.1960736117940436, 1.3024468130442366, 1.4362419668147974, 1.4642914715468236, 1.495004034243843, 1.526587176450646, 1.5703937238114627, 1.6036240484719944, 1.6204545796635217, 1.6321245283167578, 1.6337312323812387, 1.6432614311330773, 1.6646565643572935, 1.6945154787851593, 1.709753675955047, 1.713858484196687, 1.7678277869416075, 1.7722809996711786, 1.7763482726589277, 1.791891331097523, 1.798677235712996, 1.8139324342567746, 1.8251770913821113, 1.8324833538842928, 1.862861908774193, 1.8836793878990892, 1.8878194525826857, 1.897301263040188, 1.9004197219555283, 1.9017936181496875, 1.9074357316027204, 1.9173202248312016, 1.9347447314174162, 1.9477365193720686, 1.9624605848986523, 1.9649787124599487, 1.9811730122198565, 1.9905266709012472, 1.9938147357592322, 2.0382971282281246, 2.0818832711380697, 2.0942343963400223, 2.1571790392338537, 2.186458631733242, 2.286711808670144, 2.3247175890352296, 2.340470542907544, 2.342908844098584, 2.5251800794597328, 2.5596428991435953]"
"10,5,50,50","[1.1473857890414485, 1.1961890447113452, 1.2820038048007651, 1.3548588478443682, 1.4385628462263789, 1.4498126685400774, 1.4525441888076842, 1.4541710142371334, 1.4615901342164048, 1.4951723580510752, 1.5106615386726046, 1.5537198999282964, 1.573062256946883, 1.5878731666985353, 1.596726246094556, 1.6067724715297338, 1.630533603336863, 1.6561440790295308, 1.6617570257456376, 1.6656387529402796, 1.669676307652362, 1.7078748368774668, 1.7437618180740841, 1.7842326644207247, 1.80947317201483, 1.8247044250045341, 1.8266947212288218, 1.8622494351681844, 1.8721389580595198, 1.8734386454408711, 1.8887411467661852, 1.932666854614722, 1.933779097043638, 1.9586747223039194, 1.967467600001114, 1.9713527393062544, 2.009153581658376, 2.019769995772865, 2.041275934282999, 2.0526801219716466, 2.0554219331719406, 2.0984255621363603, 2.150202013463681, 2.1832186864736554, 2.1933366389688387, 2.203657475291635, 2.224342799207923, 2.2982149812988135, 2.3017297336830165, 2.4353094604991523]"
"10,10,5,5","[1.1983549225541517, 1.3095223920232928, 1.499567847404363, 1.5311558780581738, 1.6545639802570715, 1.679261285971457, 1.6853470973755962, 1.704177638065439, 1.7054226930035206, 1.7089744321621638, 1.7104705540553062, 1.7263683199752085, 1.7638006963085757, 1.7693019106720318, 1.7696331450379723, 1.7741323459667027, 1.7797272207347068, 1.7902209746851565, 1.7916837741220788, 1.7981564380403512, 1.8135765840928428, 1.8191036012880317, 1.8231120834299503, 1.8295737913363563, 1.8306037551014722, 1.834885127460333, 1.8488084025097866, 1.8549883814449992, 1.8773082385452426, 1.9059491155471846, 1.9138337669940775, 1.9280673109959097, 1.9296595691154885, 1.937206458086107, 1.9425976608844941, 1.9427516994422003, 1.9577198137210299, 1.9588990527915793, 1.9702452794269676, 1.9793974912966377, 1.989419452929976, 2.009083624074913, 2.0553029001933147, 2.063931261477859, 2.0715596008777157, 2.1239939555527423, 2.1333082301111865, 2.160202945828754, 2.2763608213545794, 2.45485080872741]"
"10,10,5,10","[0.8207441936256549, 1.000441884737071, 1.126071734213745, 1.1318175560459813, 1.1429898566966716, 1.165560308470073, 1.1825104908909074, 1.1963875548389502, 1.2727498917309557, 1.2893233967983952, 1.293402224478693, 1.2985885923283171, 1.303530033945408, 1.327181914006262, 1.3507163021049213, 1.366803794179598, 1.4096968704951847, 1.4141163326883412, 1.424453667166937, 1.455140187091319, 1.4765702778860406, 1.481491498987861, 1.4855775596476275, 1.5163844643556978, 1.5236399081406664, 1.5293175567445805, 1.5344386344491603, 1.574423326672103, 1.5883636732969355, 1.6063546432379012, 1.6225930192269746, 1.6244896366495272, 1.6252732698012484, 1.63608052070093, 1.6516109816044424, 1.687582003288664, 1.7166108173251122, 1.7208714374839928, 1.7600293493117558, 1.770211250931382, 1.772503353833971, 1.7922265831229827, 1.8327377251859471, 1.8331874794917908, 1.8434849640286242, 1.8500832645015728, 1.883269895330855, 1.9773653828917026, 2.0656683881149336, 2.0884983699558477]"
"10,10,5,50","[0.8567317151758311, 0.881742998158445, 0.964894959841153, 0.9672076169628419, 1.0066198568680704, 1.0504826227874822, 1.0722415558737448, 1.1008207429270551, 1.1487003203027126, 1.1802295878068794, 1.1936959055088876, 1.1979233015323763, 1.2096555899651744, 1.2130781322624045, 1.2133477265751158, 1.2138975666264797, 1.2158230691395038, 1.2169029540002254, 1.229652521588163, 1.2463471533128543, 1.2527484866924536, 1.266227116495745, 1.2705817513780464, 1.2717370679280244, 1.271949462326382, 1.2746433110659239, 1.2770147583086402, 1.2806423825133153, 1.2910249652901087, 1.2961090892659621, 1.3017331233768368, 1.3141249590155528, 1.3144904202732492, 1.3289983780291756, 1.3303590924438329, 1.3386442032582644, 1.3585620227291955, 1.3735512621992647, 1.3962509957097333, 1.3996748297703108, 1.4243596469290365, 1.425197987956396, 1.429881035539125, 1.535378037890795, 1.538568913329321, 1.54801759011301, 1.56056812879598, 1.5858850531309663, 1.7787008020303634, 1.8452125029159407]"
"10,10,10,5","[1.3343815045093468, 1.3598607941690035, 1.4132690099758078, 1.4944312390359766, 1.5299682011181042, 1.5307431304488555, 1.5357063063169671, 1.5551764630996998, 1.5844271891183022, 1.5872217463283291, 1.6531453887583445, 1.6737542294375558, 1.6936714601161913, 1.6993798721841977, 1.7344739089355667, 1.7533693699918118, 1.8215221205812466, 1.82807449250384, 1.8365447927985237, 1.8646608743422235, 1.903391351883873, 1.9101564978259773, 1.9139595486714278, 1.918373488840833, 1.946792177998264, 1.9734847878824553, 1.9803353285083514, 1.9852140910718177, 1.9913702466414738, 2.0131998083164553, 2.013562987495972, 2.0160364145115155, 2.021159036804657, 2.0611257284678643, 2.0807293510692055, 2.0882325143271703, 2.1094733057829194, 2.131530364739413, 2.1433669793135954, 2.1436188536942393, 2.1560614377561205, 2.2471408399741577, 2.248512577283635, 2.2486523573071393, 2.272837843175686, 2.28549979946746, 2.351150516520114, 2.3885316544589634, 2.3956430670994324, 2.4301397571917485]"
"10,10,10,10","[0.8734196522019164, 0.9553594758846955, 0.9582377422602455, 1.1683312039124891, 1.1912295148528662, 1.1978754225284185, 1.2199099310300463, 1.2303733987712795, 1.2461145992605014, 1.2636042448832772, 1.2745014666078407, 1.2776711526262503, 1.3058443738086873, 1.3090927270582997, 1.3120090927221186, 1.313238244764975, 1.3261050784224542, 1.3320896579095598, 1.3408871800887616, 1.3413437803444297, 1.3430692127380415, 1.348786327004143, 1.372655584325979, 1.3770998055333652, 1.3879573335088236, 1.391748348003787, 1.3920100434368, 1.410764506244275, 1.4311252153376146, 1.4348835914150926, 1.4370294827499832, 1.4457737063869551, 1.4493544206592894, 1.4706729763726705, 1.4880141543610657, 1.5142689050145808, 1.5238790060147134, 1.558498314181769, 1.59586388715343, 1.6146695138518161, 1.6347453610268885, 1.6501975830751188, 1.653338039980009, 1.657377587254525, 1.6605761660919174, 1.7640422268389149, 1.800150176169976, 1.8594892899155055, 1.8798926984641777, 2.0346250856406556]"
"10,10,10,50","[0.7615940478145399, 0.8265204698247537, 0.8960671099524105, 0.9395135795373722, 1.0324999176486418, 1.0429436181467309, 1.0643871218483003, 1.0783029975669285, 1.0862661834252985, 1.1132728233878868, 1.119188723813003, 1.1341732298529839, 1.13437858036199, 1.1413073944162964, 1.1434355868284758, 1.1627207353033193, 1.1656243759717901, 1.1677718686987797, 1.2216002485332154, 1.2267665419638099, 1.2277990963903753, 1.2349370437274834, 1.2361888648450206, 1.2621886940139873, 1.2675978097868148, 1.2893383635731928, 1.3016049328712207, 1.3144743936407532, 1.3189393825804583, 1.3220142250252078, 1.3713407784325649, 1.3905380960602718, 1.441164944528649, 1.4446359992737514, 1.4468494249794663, 1.4619771309391536, 1.5070343326595994, 1.5125500378178323, 1.5167716013940957, 1.528273649290945, 1.5390649936552847, 1.5631156951418785, 1.657436881892292, 1.685328758929422, 1.7218652121213611, 1.7317454065749374, 1.7320644986137625, 1.9505368305769093, 2.0507497917044497, 2.4583916741329404]"
"10,10,50,5","[3.5760452423010065, 3.66362334120076, 3.6806995855109266, 3.687641470346658, 3.7491918267097466, 3.788076355701274, 3.811846063374575, 3.816615965759315, 3.8712225246238425, 3.9172566033272638, 3.920174772152012, 3.940819074957745, 3.9828221464945655, 3.9985735728024507, 4.0102318129818295, 4.013308393872979, 4.013797126065365, 4.019077685923945, 4.0260299531622294, 4.045018895779829, 4.058386301306947, 4.062625078783892, 4.066702329943637, 4.084772558294686, 4.095794226870867, 4.132409836672927, 4.1469205507707505, 4.161955940779145, 4.204005484945167, 4.217962557211323, 4.21949670526474, 4.238851478219141, 4.2479809350172975, 4.253405689586257, 4.284534310092914, 4.286069388055983, 4.311720158177175, 4.3271508330616175, 4.4088601252447415, 4.412794543640842, 4.450523708435999, 4.452338976098041, 4.522994809622054, 4.538442072981529, 4.554773616406833, 4.586338779721426, 4.637515759099186, 4.732096399246451, 4.7843150469700015, 5.157703043247172]"
"10,10,50,10","[1.490340954635914, 2.289810904646595, 2.375121385249904, 2.4191844992741216, 2.5366112526169, 2.6789496435633633, 2.7004524292497023, 2.7091624164045367, 2.7196428400669403, 2.7385402803853562, 2.7699539944850837, 2.7895887591260284, 2.801670765203919, 2.8127668601048534, 2.83601846852759, 2.885416301825658, 2.899629554485286, 2.9022377822463556, 2.906787428762864, 2.9155618603229745, 2.922182509996243, 2.9279280852615406, 2.9858723758173644, 3.0003809443757823, 3.004632424858019, 3.007936485562517, 3.008737927430361, 3.0117147047232287, 3.012799156589613, 3.0199803073421294, 3.025575867617825, 3.0421930535162742, 3.052206032844836, 3.0708421687147767, 3.086968247941482, 3.1095579310195527, 3.126347470848968, 3.1915486675145104, 3.2184931440053033, 3.2557853643678634, 3.2857518543472954, 3.2921199786435538, 3.3825928784501187, 3.395905379605602, 3.415717373667514, 3.418956453060627, 3.4348474357433774, 3.4465916600916495, 3.5542755806255064, 4.000663260448514]"
"10,10,50,50","[2.0036835344040833, 2.4847214151195733, 2.488811503291229, 2.505873261585167, 2.521104755136203, 2.548337942418683, 2.553675097315632, 2.593630872068209, 2.595412236869743, 2.641669687947909, 2.6475096896665127, 2.6529104478038805, 2.6745305826030585, 2.747059282944652, 2.7500038768262334, 2.7611995733704764, 2.7677723105879757, 2.773887390326965, 2.782469363173461, 2.7849409422217057, 2.787134889447516, 2.791911951983625, 2.794516847862605, 2.810969625904602, 2.8171363119095654, 2.823261756922279, 2.8477586378767197, 2.8584019761279906, 2.871597110539318, 2.887366863274706, 2.890536590883621, 2.896215592965075, 2.903716515717893, 2.9086930312733243, 2.9116576160344407, 2.967568203223767, 2.9952070765638528, 3.000887392115236, 3.00347627124414, 3.0350232413401215, 3.042351177446578, 3.065174996393286, 3.0828804698941448, 3.1079529133479236, 3.166357424889068, 3.168470956154549, 3.1904670650582663, 3.201377657030566, 3.4113934021719445, 3.629324282645746]"
"10,50,5,5","[1.195559448906645, 1.5680749064480053, 1.6247883695021343, 1.6308000610226216, 1.6455347489405105, 1.6530848727778804, 1.6661832156812486, 1.6847370262229007, 1.6874154596640765, 1.6940697779861469, 1.7175785802611092, 1.7362866833715054, 1.736370288061553, 1.7507891984546329, 1.7728679610361069, 1.7933395796833476, 1.7980224691880473, 1.834735884085719, 1.846447885676918, 1.8597565809927488, 1.8636061291585875, 1.8722718541075936, 1.895110695735146, 1.9211873107130366, 1.9423881816000244, 1.9460956432066527, 1.9741222095756725, 1.9760750606902977, 2.0208132054792265, 2.02328077710127, 2.03389663435509, 2.056707745447866, 2.06502686388981, 2.0661889844314425, 2.1042087713297866, 2.116139976579714, 2.120246956025145, 2.122577786315172, 2.17546955754577, 2.2122165161931098, 2.2220354570561502, 2.3059661510671097, 2.380408832599159, 2.411784480973178, 2.431627556723992, 2.490701125054246, 2.5834295183509988, 2.6938576683969444, 2.736652581003349, 2.763477653443159]"
"10,50,5,10","[1.937007166895651, 1.9847890821399357, 2.0361596631321035, 2.0895793273564207, 2.0901066582481893, 2.1303523809784695, 2.1376654910271187, 2.140848017460887, 2.155522122235383, 2.1788071652058325, 2.19430498824246, 2.1969068017196784, 2.2689387020678824, 2.2780297254297346, 2.285558757910624, 2.2891129859511294, 2.309486988854934, 2.3199132571602648, 2.3276231969514507, 2.3297157840760025, 2.37893398995168, 2.3991850803377397, 2.435000306287812, 2.4400401512004906, 2.4501404423796727, 2.454854453665852, 2.455537751272158, 2.4777330663263224, 2.4778685946229198, 2.5153590818140215, 2.549000479132111, 2.575736124980451, 2.638143676683913, 2.6399214829547217, 2.642066680173861, 2.6789691141507177, 2.7174522871943836, 2.739428042113789, 2.744109105270847, 2.7588782513246066, 2.7624503759684886, 2.7673795238369645, 2.8019801793890173, 2.8131510436586957, 2.851184123361567, 2.9347413517756538, 3.0026114300022355, 3.0206896768320695, 3.100173759257538, 3.2681398300837436]"
"10,50,5,50","[1.4735986966823607, 1.4958537551919577, 1.6000658252397784, 1.6283461671864399, 1.6580888205568907, 1.6601999996888956, 1.716496961135117, 1.7514327409011436, 1.7883866200268401, 1.8649799641634712, 1.9063960688424477, 1.908850685596391, 1.9158413774057272, 1.9204237417418484, 1.9240656387375932, 1.9628414056195278, 1.9678733851345598, 1.9914034918376782, 1.9942356664000134, 2.002625548377528, 2.004807188700306, 2.00586898288575, 2.0132482353773646, 2.014080819395842, 2.0163755155743113, 2.056630046735226, 2.0781139626442178, 2.0925953959725887, 2.094798462674251, 2.100695945576947, 2.108309233232532, 2.1203870159500853, 2.1233108508050345, 2.165328889955249, 2.169803582418745, 2.1711265305856386, 2.171532731337236, 2.198608587041846, 2.207925089166719, 2.228811128733507, 2.2367425664817175, 2.2401643560819724, 2.246097082906712, 2.259815204635213, 2.3543150992526196, 2.364300959466497, 2.4108931591187672, 2.462794968091977, 2.4801043850057773, 2.7801047990375247]"
"10,50,10,5","[1.5276010276682326, 1.5690342532252561, 1.5786066671306322, 1.5848394745821153, 1.6071497339188554, 1.673914901082582, 1.7157316759556422, 1.7238537917272538, 1.817414245314327, 1.818221434818073, 1.8230382386983597, 1.839412132307195, 1.8677133403572843, 1.8798543797654286, 1.9153733904063663, 1.9627759476539677, 2.006679571865357, 2.0309038128513244, 2.0410567505349766, 2.042671282423289, 2.0572793227156447, 2.0623073446870124, 2.086235838285805, 2.178356076394446, 2.1832102651111165, 2.228879290531527, 2.230508094566936, 2.230646479355505, 2.324599366549351, 2.33535482185099, 2.3432948634728032, 2.344536176719754, 2.3509621384664405, 2.3874316003641907, 2.391893210437382, 2.411792859585009, 2.42019650114104, 2.4857945270943036, 2.5032969948515014, 2.537953553271016, 2.5649783222977627, 2.572072941702161, 2.608098465731564, 2.6122250303411105, 2.6976613879104034, 2.783609136325746, 2.827965241534104, 2.874877403263226, 2.881017974821832, 2.9214119714918314]"
"10,50,10,10","[2.049883700487137, 2.1397643058067306, 2.2624870044138103, 2.33774817843335, 2.3510082467491236, 2.3553665003074284, 2.4116805583196155, 2.41938014743097, 2.419627667693432, 2.423643536603547, 2.4436358300296552, 2.4751421779287153, 2.496484902506925, 2.507797259892185, 2.5087034071386975, 2.5185489678772925, 2.5268869548770416, 2.5384334040901644, 2.5989876789859805, 2.600534841998834, 2.6045062014428098, 2.604571551648736, 2.605767028307379, 2.6189072478528863, 2.6235095071011854, 2.6324213594209853, 2.6480586513163464, 2.651400902262728, 2.655708253715269, 2.6850420806876754, 2.7007595150156307, 2.7091582876908302, 2.7102202751010496, 2.7351047558801866, 2.736189004632288, 2.752247669805172, 2.756632593801201, 2.7637398368163955, 2.7833942039124837, 2.7918190491855155, 2.8593282972000402, 2.8640318135766716, 2.8641596321628855, 2.893857755316305, 2.8950386068071383, 3.0266179194340737, 3.081560017382624, 3.1341235318065035, 3.1376184794518513, 3.162533172283086]"
"10,50,10,50","[1.58579127494435, 1.6376424978367807, 1.7865613888546341, 1.9885361160852881, 1.9983231876908423, 2.044725037284435, 2.0574016699428683, 2.0877894633769474, 2.1038594708127745, 2.1426473587072947, 2.173387226129336, 2.19040296687467, 2.197514394048952, 2.208852939052921, 2.302688630445517, 2.305153500536847, 2.314843670713803, 2.3227433167873763, 2.346156755430414, 2.34620685166811, 2.3533282044424353, 2.3550039152388407, 2.3688283807151818, 2.3751261570101994, 2.3765402795615724, 2.377747405187538, 2.383666578654403, 2.3914337128767302, 2.393804645451021, 2.4457730250746796, 2.496702993114936, 2.505661897751402, 2.528260646818145, 2.544306431706777, 2.565822269705664, 2.5772402937724603, 2.59375837798511, 2.5976240626584675, 2.6030891348568135, 2.62716128855867, 2.6348162647371023, 2.6375056320301824, 2.664444430122661, 2.6923190036884734, 2.704928485220969, 2.76422580858783, 2.7775260623739646, 2.813877830938071, 2.8724054844253857, 3.1727138970645123]"
"10,50,50,5","[3.349827457179481, 3.497824507122897, 3.508754805934756, 3.5795943173529396, 3.6251755866724844, 3.650058274434314, 3.6501074765611192, 3.6793516835347786, 3.6946976058573413, 3.7082468216578803, 3.7415387023633797, 3.748145623945895, 3.749658767079466, 3.785224714402888, 3.7937574428238747, 3.7941846299537696, 3.807161090021188, 3.826607079539078, 3.890877284384692, 3.8961712162321183, 3.9002496548531314, 3.904504493606825, 3.9060943333834595, 3.9092440718870636, 3.920813696990938, 3.9269982344440857, 3.93336797586623, 3.9335568671129915, 3.9384075645391654, 3.963962215725547, 3.984229730849266, 3.99162613668218, 3.998192313941156, 4.005625274569776, 4.027699059511027, 4.029839890562537, 4.038810450934785, 4.047555849916398, 4.085663614307576, 4.137834885257865, 4.147435970017208, 4.1666378168765155, 4.185488155559765, 4.295231467785664, 4.336830157147224, 4.346534970967933, 4.390069967868119, 4.555914756513039, 4.673936535017061, 4.695995901539218]"
"10,50,50,10","[4.3512942100117, 4.374613834304073, 4.562509654854244, 4.566350952046878, 4.5806528198097, 4.606852627770248, 4.6122928091738515, 4.63885705100166, 4.706861229066567, 4.7198035324127705, 4.75348735550766, 4.772619465870003, 4.774177884550772, 4.79151823227974, 4.831867783211394, 4.843032122287617, 4.853318726129414, 4.8685270994735195, 4.878480402555187, 4.9057607387748465, 4.920516304661694, 4.933605700761787, 4.970723666563105, 4.980005079738389, 5.013531084828564, 5.042423590454261, 5.0475349650853065, 5.049453793379206, 5.062133429230082, 5.078456778839455, 5.102964850596761, 5.109525535072693, 5.124918488838031, 5.148653543710909, 5.154308709955937, 5.175705852816697, 5.180417701555519, 5.181384782758699, 5.189960342140515, 5.197329746689437, 5.221254122600178, 5.2547744998264365, 5.272892851177062, 5.274844385536535, 5.3137711957176545, 5.343605628665104, 5.407531351343938, 5.420119319349392, 5.494000107909801, 5.598687132582534]"
"10,50,50,50","[3.234373517941004, 3.2713036458484686, 3.342087122909182, 3.400858426585212, 3.422340578617722, 3.445873424770883, 3.4503431304748355, 3.4536508511138764, 3.4690715982454186, 3.49557856201058, 3.5040523738387264, 3.5052336133821718, 3.514953340986586, 3.521466718067873, 3.5415427953856864, 3.5415648720533093, 3.545022769452941, 3.553981160880057, 3.568401556290669, 3.570627592522025, 3.57643047248323, 3.5779275155276395, 3.6437771407301063, 3.649144550045196, 3.649553849168089, 3.691517406186473, 3.7364714684100173, 3.748830166589304, 3.750467837412637, 3.7836190420230573, 3.794515708352301, 3.815687898008025, 3.8635361701742545, 3.868464153403127, 3.918308124755833, 3.9387474420007584, 3.9438595087953288, 3.96648894748972, 3.980573078107445, 3.982337606486724, 3.9977031217732404, 4.027616125609058, 4.028496972029808, 4.059648467885566, 4.06117883268707, 4.157051362545653, 4.175761623562856, 4.2152615999361025, 4.363871243256075, 4.754168800113716]"
"50,5,5,5","[1.0738853163428206, 1.1640202067044676, 1.1892147233248922, 1.2047309695355215, 1.210725969767193, 1.2312700988955527, 1.2444091941044404, 1.2489966752475203, 1.2739550900321972, 1.2776807927365588, 1.285011654817737, 1.291033217928773, 1.29243667141674, 1.3076028830039133, 1.3125518860417975, 1.330614858349851, 1.3306932235853122, 1.332886553315321, 1.3370643887184794, 1.3421278923445294, 1.3434226529139304, 1.3504519850149361, 1.3506225695051903, 1.3578678893522005, 1.3580900459387468, 1.3586891357470376, 1.3636758929864106, 1.3657251169381808, 1.3677196992279, 1.3684026645014997, 1.3704512967392537, 1.3893079970301985, 1.3925254997429113, 1.3956594648823815, 1.3996566221677837, 1.4104369512441166, 1.4151215427388977, 1.4154828915711086, 1.4175599073582055, 1.434485395958656, 1.447828789621411, 1.4742316390768275, 1.4770299605875885, 1.485059167068773, 1.4956506540673442, 1.5100909370968885, 1.5406594462252687, 1.5524208761450071, 1.6069009512613952, 1.6096542408434196]"
"50,5,5,10","[1.303061329847528, 1.3216226641931104, 1.342192625411362, 1.3431138018698585, 1.348746588616389, 1.3555767579637674, 1.3912640006654053, 1.3966704094185676, 1.40207991335562, 1.405461202686505, 1.4125035729383717, 1.412674299607814, 1.4266089430558793, 1.442465793332798, 1.4427499826624524, 1.4577441165877218, 1.4727434858346802, 1.4804820889355432, 1.4949420422369528, 1.4994467474277093, 1.5098064310197206, 1.5146613598390026, 1.520296243073008, 1.5255463456044596, 1.5290482612645147, 1.5298029933037975, 1.539028669398034, 1.5409827157122618, 1.5468270185160207, 1.5469383635565277, 1.5554071635366953, 1.5626527198470221, 1.5766011386400571, 1.5796261313110527, 1.5817383160478828, 1.5819129111040668, 1.5820814083295096, 1.5950654895907896, 1.6103613384774342, 1.627192270068597, 1.6384175637412406, 1.6524631914526307, 1.6610618647090363, 1.6880120043540199, 1.6883450866851404, 1.6947015917901451, 1.71361394383802, 1.7242388648214735, 1.7945647926606583, 1.7983230254184814]"
"50,5,5,50","[1.2151728252222391, 1.246088626860243, 1.259844980847482, 1.2922470395635144, 1.3042161435058615, 1.3078499170109033, 1.3116546221370036, 1.3447026915865266, 1.3472975321229168, 1.3694044955919826, 1.3724309608727858, 1.3731389110587842, 1.3967251399192266, 1.4145421210018523, 1.43428343737709, 1.4360562440325786, 1.4437693959813445, 1.451156672952084, 1.4533295112127234, 1.4602100257917234, 1.4735958838057288, 1.4842300518174907, 1.5133865636999935, 1.5207757830027648, 1.5208385533826156, 1.5290780469386294, 1.5334850507134823, 1.5394347953920928, 1.5578717987991257, 1.561105067279177, 1.566774260825792, 1.5809385401054143, 1.5941609070067164, 1.6031367703124149, 1.604879236190388, 1.6089376653768803, 1.6128547254014647, 1.61570062443334, 1.6175041990704986, 1.618773992366908, 1.625060517545865, 1.6309077227717592, 1.6386390376723206, 1.6634614718208496, 1.674134953573791, 1.6873146894761342, 1.6922290266786235, 1.694858153402918, 1.7030072911660536, 1.7162424080381007]"
"50,5,10,5","[1.2913206999134001, 1.34010799722148, 1.384257266914457, 1.4121617645908284, 1.4490496927431473, 1.457071016395882, 1.479765967306667, 1.4905706103983265, 1.494416700780487, 1.5062432885001564, 1.521018533173809, 1.521254325533117, 1.5292462961166706, 1.5392581676421733, 1.5396421549589627, 1.5419086495783656, 1.5430282096768173, 1.5525494142684226, 1.5600161798580237, 1.5649394108258854, 1.5670959752130944, 1.5708178557377297, 1.573164455617278, 1.5834887458434193, 1.5909570270588376, 1.6058684493006607, 1.6184518924581415, 1.6271987812122932, 1.6372372494138931, 1.6410158017836283, 1.6465921425296748, 1.6473092511666723, 1.6535179885661722, 1.654125292628907, 1.654523456110602, 1.6592904253918817, 1.6652111780052121, 1.6771426275975145, 1.7216657412577872, 1.723364746248578, 1.725071862220779, 1.7254259543624144, 1.7470207036663306, 1.7638589184618092, 1.778644598833894, 1.7986994400645309, 1.8215667112774665, 1.8454590906325041, 1.8459115050500816, 1.8631762610014653]"
"50,5,10,10","[1.2647952144430947, 1.3095530979455183, 1.3360472030054293, 1.3385932026496508, 1.3411655864519245, 1.3780566413611544, 1.3808904218524412, 1.387306907299674, 1.401878640888374, 1.4063038605705562, 1.408100343540807, 1.4108215013122143, 1.4254910897157824, 1.4278557783784789, 1.4446640860679478, 1.4461751901763613, 1.4905879249489513, 1.498261832351775, 1.5071188506359638, 1.5089083577342601, 1.514111397933386, 1.514941210737873, 1.5165020683772172, 1.5165739906422089, 1.5234789345067858, 1.5324481953597888, 1.5352635492525935, 1.5354110732568995, 1.54574355945352, 1.5461769806613181, 1.5522110406160738, 1.5608223147944063, 1.568816145847347, 1.5721487741596487, 1.5835108507220068, 1.5946224099706376, 1.601113531085153, 1.6183035344869114, 1.620841527324219, 1.634974248883854, 1.63951353355331, 1.6461945912706555, 1.6619754168543819, 1.7130962635483769, 1.729882342360955, 1.7390788342932098, 1.7502322198769196, 1.774545084033732, 1.832844109296559, 1.895467568337847]"
"50,5,10,50","[1.1366718679543892, 1.1798245807314267, 1.208551569983414, 1.2219203857801415, 1.2408551921992024, 1.2454139443014112, 1.2471025773983817, 1.262331399160311, 1.2686786214772217, 1.2689715603469067, 1.2702266896119248, 1.2721133866014613, 1.2740784708786412, 1.2794131012437007, 1.2853727323552828, 1.2870112331144974, 1.2982275936828622, 1.3122063938960105, 1.3196593033283692, 1.320749416172713, 1.3212960685487758, 1.322315548975116, 1.3275153899411196, 1.3416998852275683, 1.347134471439379, 1.351561665258093, 1.3608703655920127, 1.3654367591212233, 1.3839148737517126, 1.3841853048194543, 1.3904449299608401, 1.4116116308951852, 1.4176473418546767, 1.420323518463003, 1.4219056544373787, 1.4505374727319043, 1.4542936359772196, 1.459689327858955, 1.4603545768708484, 1.4678147363880658, 1.4825910785195235, 1.4964000453501547, 1.5106097711112625, 1.5566033521882954, 1.5597238569679228, 1.562531756618072, 1.5743257077173427, 1.5981110784065335, 1.6132917704114502, 1.6546462077704762]"
"50,5,50,5","[1.9693876560945742, 1.9995818321820795, 2.0175247848136504, 2.034558442023284, 2.0393237645088274, 2.042706207912149, 2.0468568841413113, 2.0479073810730846, 2.048087767875055, 2.0531521267097683, 2.0566215833018355, 2.057783941964135, 2.0830217714743267, 2.083800456099317, 2.086047889010701, 2.1040004258657854, 2.1059765783919566, 2.107062038239281, 2.1192924418887147, 2.1320699915964973, 2.135734146481811, 2.138156838598918, 2.1442870657173754, 2.146310928367256, 2.147446477757718, 2.1475815181739937, 2.1508824086520044, 2.153965697482467, 2.15742284444346, 2.166534794174752, 2.1747170441257286, 2.1836249655322075, 2.18719601808778, 2.187577057656909, 2.2089160008461546, 2.2149866989020897, 2.2175298609843113, 2.221270772535742, 2.2251094798776925, 2.2335818991615493, 2.24298309343864, 2.26503781729358, 2.2716777493996134, 2.292562586317654, 2.3680173607259967, 2.3772040381451647, 2.3790421458846005, 2.4104838945193556, 2.425112450830083, 2.4278535659301888]"
"50,5,50,10","[1.7482318103359094, 1.800642351085346, 1.803617485521071, 1.8050189364181157, 1.805918101569919, 1.8107147853239995, 1.8208982531007134, 1.8301064032326793, 1.83177474229835, 1.8351891067291468, 1.8522216921053118, 1.8654222813977703, 1.8735878542849864, 1.882161018987454, 1.8893418841659144, 1.8969265998150298, 1.8998080926369871, 1.905569659133159, 1.9117390591297465, 1.9151201417738792, 1.9152969908731625, 1.9168489527496462, 1.9174743108112147, 1.92357918077087, 1.92860139064583, 1.9321693775020037, 1.9407755859227163, 1.9522199999961543, 1.970779466609446, 1.9743023991053896, 1.980187216418195, 1.9806189320359158, 1.9808476829179702, 1.9838965970808997, 1.9852733649758987, 1.9961801766251832, 1.9992482482496587, 2.009445082918095, 2.0233951780880974, 2.05577657931092, 2.0611301857892395, 2.0992170648340243, 2.1134293180114305, 2.123366643324553, 2.1246290075938017, 2.1762012108445705, 2.18707518120801, 2.1995835809904576, 2.229021495889969, 2.27101759123062]"
"50,5,50,50","[1.4569073593808286, 1.4851317778192012, 1.4854710378074734, 1.4902655285160291, 1.4976022324643798, 1.4998072272490592, 1.5246410468735905, 1.5347070983176005, 1.5460038713255222, 1.615544938131746, 1.615575442307839, 1.6193664666520085, 1.6362568248065037, 1.6429189908942021, 1.6476741045162502, 1.653550896077322, 1.6671013907696222, 1.672787783914866, 1.6751402095154717, 1.6775776486173584, 1.6796259370634312, 1.6818147757924524, 1.68857061303466, 1.697217286589242, 1.7105850053695248, 1.7127295451627855, 1.7188848174886118, 1.7270900384116212, 1.7321026206182528, 1.7341120163274162, 1.7345958763607698, 1.741139213852292, 1.758398152091164, 1.7692736098463078, 1.7841204037866922, 1.7849660459550651, 1.79277593311163, 1.7950102128113776, 1.8038060637768658, 1.8060236997663626, 1.8125451898566463, 1.8143998634909702, 1.833143534749994, 1.8370605608319548, 1.8593411844079286, 1.867938090528999, 1.8728671745568604, 1.9169569372941229, 1.9371476342411287, 1.9631771151188409]"
"50,10,5,5","[1.4746339356991773, 1.5201778250508358, 1.535764603258194, 1.589982432066837, 1.6037794878338851, 1.6265481309558545, 1.6336190808049316, 1.6462459403388758, 1.652596457736827, 1.6547688367790274, 1.667002259701654, 1.6698386119809963, 1.6752535407616835, 1.6782956641900544, 1.6812854919066524, 1.6920516006738218, 1.699449860020413, 1.700976721827717, 1.7049444167747252, 1.716640206060779, 1.7182501853176233, 1.72441276487709, 1.7330943071859508, 1.7334427814596711, 1.7514982017585203, 1.7554514127910494, 1.7729728148764956, 1.7806617193187564, 1.8174043373928823, 1.8245919642607225, 1.827590630081211, 1.831530133911409, 1.8358909750426937, 1.847123500714068, 1.853648371947744, 1.8773229281390869, 1.8833918755588384, 1.8852294604717776, 1.903996275060679, 1.90947575195472, 1.9148332036859559, 1.9228394086484872, 1.9270700062566513, 1.9290992689965794, 1.9417197885372306, 1.9475900677630396, 2.033383479474292, 2.04084682423339, 2.052755957071965, 2.0592284167107504]"
"50,10,5,10","[1.2875372013006325, 1.3467208126157686, 1.3473373278099803, 1.4017417538585952, 1.4028860465575574, 1.4043689376066681, 1.4049401867861633, 1.4103091442461733, 1.435753294486222, 1.4387999887993916, 1.4548054176917171, 1.455725118666889, 1.4584710143542317, 1.463975717319199, 1.4703142918012737, 1.4755193322682931, 1.47922021962243, 1.4815095395849198, 1.4824101167927188, 1.4992095761278412, 1.4998856003232401, 1.505924714771366, 1.5091231904612483, 1.510230398555762, 1.5120956801875596, 1.5121589233546116, 1.5185873380614394, 1.5231032663381958, 1.53360097602362, 1.5489478368285796, 1.5526279074960434, 1.5675553058265863, 1.5758798060436854, 1.5767124720644465, 1.584602146709585, 1.5957672854270748, 1.601562165779079, 1.6067235557813944, 1.606934006793521, 1.6186541594795572, 1.6265672104121143, 1.664238896441639, 1.6776626618010093, 1.6889569918935714, 1.6997405657632672, 1.700981330501109, 1.7279570781708355, 1.7518280950424168, 1.8460645816709005, 1.8648212388199739]"
"50,10,5,50","[1.1020550305449435, 1.1159887674330815, 1.1332448541695486, 1.1398390878338853, 1.146749319383817, 1.1766034561346377, 1.1875928592225495, 1.1973537493971016, 1.1976101772601362, 1.2071208854616684, 1.213970814833373, 1.217558162042013, 1.2190762649964302, 1.2193005496946052, 1.2208440850032078, 1.226138695972647, 1.2261699169997733, 1.2302637129256278, 1.238042931912538, 1.2394947704019241, 1.2449504914349199, 1.2585691413340976, 1.2631014113144166, 1.2648994874612152, 1.2682506244387441, 1.2725969220988478, 1.2762274031715204, 1.2781465589810095, 1.287509568807521, 1.3040280277385707, 1.309943592515832, 1.3233602086096263, 1.3234808078135878, 1.3241240751832253, 1.3394348714791704, 1.3518511071090642, 1.370002470974578, 1.3748740646826068, 1.3918447094572095, 1.398988861529422, 1.4036644631157953, 1.4174169728308914, 1.4294454667497585, 1.4432931166419738, 1.4519981660918717, 1.468272582881791, 1.4764691578511022, 1.498895281977115, 1.5424993417554713, 1.5823649374423052]"
"50,10,10,5","[1.760988998462678, 1.7700419450233376, 1.7892352230434736, 1.8049396246574918, 1.8185672801258093, 1.8253069879599904, 1.8437051911206541, 1.8495349410128, 1.8546800621431296, 1.883406609099798, 1.8857335739682872, 1.9114430359058217, 1.9224528229756692, 1.9420640922835282, 1.948923275687731, 1.956864757397274, 1.9592947844754292, 1.9640424435675883, 1.9722103611157307, 1.976770338615363, 1.9825297205122123, 1.992012748874532, 2.0045697489077923, 2.0062810371484927, 2.032018051798947, 2.0391437679055135, 2.0400670294914804, 2.040955960946354, 2.0422711035741705, 2.060652276482377, 2.0697826831895116, 2.0780719254264426, 2.078199225232433, 2.0921613072603162, 2.096180333608093, 2.113317717577726, 2.124896466350682, 2.136152999553686, 2.1513291386424935, 2.173269090638147, 2.181122631641402, 2.190422546003073, 2.2149403836959833, 2.223209627837646, 2.2272825856878056, 2.2330815799589865, 2.237218953420688, 2.252008001113796, 2.270163133622541, 2.351102097297523]"
"50,10,10,10","[1.6356590012763166, 1.6879415365168855, 1.7031383409708338, 1.7069765393465517, 1.7092018879133917, 1.7188868653967604, 1.727476913368479, 1.7347856235193555, 1.7380841074549107, 1.7385670584474584, 1.755029889676926, 1.7598747026342745, 1.7664153892332464, 1.7687153119250703, 1.7687743348708562, 1.7693678793667993, 1.779003592674941, 1.7834493222445007, 1.787457828792781, 1.7878580571740434, 1.7926371731214428, 1.8032892998259566, 1.8116160284407163, 1.8213337883697478, 1.827625043574103, 1.8381202073120968, 1.842811834316105, 1.8550530356588473, 1.8885648502256307, 1.8927746962389569, 1.8929538389530685, 1.9000197501596188, 1.9047350122833486, 1.9050483108248923, 1.9082529020049364, 1.9142215052046232, 1.924591413415901, 1.9279824735644735, 1.9602381607075785, 1.9691193399486986, 1.9724560936985378, 1.9973824985144437, 1.9975055565959776, 2.0184667008378825, 2.042111725208066, 2.046658485944138, 2.0529397197260737, 2.1338431982783193, 2.1479783508690864, 2.183187963576665]"
"50,10,10,50","[1.4813606525789695, 1.493113642299042, 1.5252688339651932, 1.5376817938131506, 1.5505778322229162, 1.5592877859035459, 1.5668898772698818, 1.6246938582927708, 1.6332421349981376, 1.6343061768655989, 1.6360786009925143, 1.6387821454008726, 1.6470074495103666, 1.656570733177746, 1.6672110674543186, 1.6723317650464176, 1.6860077041322998, 1.6869472562468253, 1.688580981950099, 1.7072347100683396, 1.7130117173246544, 1.7135894092955137, 1.7150765286795733, 1.7472928970448551, 1.7474200247042413, 1.7496129842494599, 1.7527231311784686, 1.75636753173001, 1.7575246446532637, 1.7597571763078106, 1.7628991781517922, 1.7637645217150435, 1.7711497958284832, 1.7789575114783738, 1.7801439015433207, 1.7854326748360754, 1.7872612588792975, 1.7925138131892038, 1.7950623136288164, 1.800043088518802, 1.8009402299870327, 1.8040326016779644, 1.8456118742912588, 1.8536495966386803, 1.8606283636812555, 1.869891487695866, 1.953937649037753, 2.0029158664543623, 2.0948368832361783, 2.155685962718175]"
"50,10,50,5","[3.471486426937507, 3.5727740761440288, 3.5942265678910053, 3.6163533120352587, 3.6475185140901427, 3.69545403837178, 3.721782432594621, 3.7280227467285183, 3.7282386262684635, 3.7837902465020674, 3.784042420299209, 3.789826280016308, 3.8126543743448797, 3.8127933881586284, 3.8169416538044665, 3.8389016705398173, 3.8406824258934393, 3.8574063088634882, 3.859789303522721, 3.8627089016222955, 3.8787047114686986, 3.8872082024409162, 3.8879776388436325, 3.916983271963957, 3.9201489734826698, 3.9252960097551926, 3.940326356413399, 3.948129127115206, 3.9518469566161865, 3.960658019552076, 3.9633881621660834, 3.994872712499062, 4.003833784817883, 4.004621656538796, 4.005863165505825, 4.019376498157195, 4.021459655195779, 4.036675362890667, 4.061966334918443, 4.0857813314081275, 4.105313577898241, 4.115943652966975, 4.124842400924904, 4.129526226711521, 4.147633059945155, 4.157199501083364, 4.160097706132676, 4.22478376591396, 4.322364982121738, 4.363928649868722]"
"50,10,50,10","[3.423266446039741, 3.4568785911322535, 3.468574605146512, 3.4755373950372435, 3.491267841496077, 3.4956741891804763, 3.5016001671096877, 3.502983358924607, 3.510684187685305, 3.514468275194208, 3.5203025302055915, 3.522070769750751, 3.5280902667130074, 3.536268443382699, 3.5570396803376507, 3.5658115611892556, 3.5783237967024735, 3.582180294767548, 3.5940831530596182, 3.6094510405981977, 3.6196213793972687, 3.6275037817797915, 3.6294650403075384, 3.6373239422202, 3.639180569965772, 3.6464114766098406, 3.65326555516889, 3.6603194594561024, 3.6606894912549524, 3.6609105638810844, 3.667460849017329, 3.6689169572066875, 3.6689442937467938, 3.669456295071244, 3.6765255226695985, 3.6798446971955467, 3.6824886331740085, 3.6955407301051313, 3.6977467014050416, 3.700230617798658, 3.704579139143006, 3.705436694844947, 3.7506754362645864, 3.7692486414891113, 3.7706122593215063, 3.7957028459815376, 3.80052316638343, 3.8009004724290496, 3.8333071630918, 3.8743758090729816]"
"50,10,50,50","[1.855698143235804, 1.9715204788031777, 1.9736031013677688, 2.019770777312466, 2.0239582867271646, 2.043039611101413, 2.0945002020739754, 2.1083402031582277, 2.174731961551646, 2.1774336171133926, 2.1983747056062883, 2.205768201813704, 2.2109139353200904, 2.2195285785175627, 2.2211093984378243, 2.2602545180446536, 2.261786910107287, 2.2714013277534555, 2.2800840686159534, 2.2850420943181344, 2.2889134615543956, 2.2908961254824884, 2.292004578790136, 2.302473287548234, 2.3067743165989474, 2.314046592381776, 2.320355139498747, 2.330885138199037, 2.334527746018277, 2.3436809318661584, 2.353778485902773, 2.358451707292425, 2.3703742548892324, 2.3729585295374536, 2.3862826379899658, 2.39110423063494, 2.391907250083699, 2.4020867168666187, 2.4140392663314274, 2.4207347084410653, 2.4305450825629076, 2.445604518291786, 2.4500477304704282, 2.4704161789925747, 2.4781117924090657, 2.548924952670079, 2.556063590519213, 2.556960237806447, 2.7380427701874703, 2.7492068001832757]"
"50,50,5,5","[1.9272058607411022, 1.9901829355432197, 1.9934698686886387, 1.99394531000533, 1.9946275403388825, 2.0136065226423563, 2.020448474136745, 2.0371097882689564, 2.0433798483080654, 2.045371938543205, 2.0573999112040884, 2.058619329796821, 2.0636779329182744, 2.065152001449698, 2.0678578632205724, 2.073565027518883, 2.076576179155985, 2.079551288739611, 2.085301058671714, 2.0856535066722914, 2.0871824963054793, 2.094139329662708, 2.095326929090225, 2.09821568715223, 2.115162592335834, 2.1153152970408757, 2.134078866138901, 2.1414983394992264, 2.154204055242775, 2.1569974597578603, 2.158249713277279, 2.1716730303318887, 2.2046409678837198, 2.21576168833907, 2.2165338385020714, 2.21687245075214, 2.2237405296515567, 2.238370015837368, 2.2417220505167235, 2.2488002229984767, 2.253122632371308, 2.2555732308559375, 2.2653474937953586, 2.272666048929032, 2.2932945049493356, 2.306129259110864, 2.3120624592785948, 2.3148635841773166, 2.3364087302859597, 2.5859891084109963]"
"50,50,5,10","[1.716142437214363, 1.7414403234049498, 1.7792285068874925, 1.781671530048527, 1.7961318510237043, 1.7979345365679067, 1.8074048415771522, 1.8204354723179583, 1.8375048138049257, 1.8381950106821339, 1.8491936134783242, 1.8521644566566087, 1.853457357739511, 1.8543149696778425, 1.85530045539221, 1.8572837196698995, 1.8591492647904866, 1.8619453815789122, 1.8681115053470494, 1.8782672093062296, 1.8824082978729593, 1.8851697061777446, 1.8868608610160669, 1.888488964097134, 1.889883048401193, 1.8898930888287417, 1.889899439823699, 1.89010756820846, 1.8969370028926686, 1.9013815139416779, 1.9201289642526047, 1.921165478135075, 1.9246309031416724, 1.932558231455107, 1.9332697627044135, 1.94765533151341, 1.9546445784153061, 1.9588536834419787, 1.97858136282261, 1.998411939348948, 2.0043094042268006, 2.004830528451444, 2.0217648092958473, 2.0357426764054614, 2.0554412612140194, 2.065852611950619, 2.0703645010954514, 2.0812870039751865, 2.095682164621506, 2.137518304032851]"
"50,50,5,50","[1.6839232158056547, 1.6906706584691835, 1.6932076164835954, 1.7261213151830779, 1.757041951211497, 1.7652845377679305, 1.77430768476743, 1.7805083127169192, 1.8026170491893916, 1.8125629799351612, 1.8260227603867718, 1.8274002641507558, 1.8300741428436438, 1.8306556298225976, 1.837138934279106, 1.8432580645025036, 1.848538163424546, 1.8619426760772386, 1.8746896650768685, 1.8752849168867018, 1.877206655298032, 1.8876739005090377, 1.887814218361625, 1.891027495213363, 1.8917182460116135, 1.8940911158058424, 1.8984516752523928, 1.8990987080090238, 1.9003004953072564, 1.9249034656103776, 1.9294586671159877, 1.934109265981455, 1.9384247204204765, 1.9409317028932025, 1.9426336938225524, 1.9500994446385493, 1.9573117465241185, 1.9643851725139498, 1.9673647730958095, 1.9851303072096669, 1.9950226773296083, 2.0005244020637813, 2.003070056452965, 2.0038605140526915, 2.039006934854995, 2.04289081481161, 2.088320226020669, 2.120572238454194, 2.173154977159868, 2.1974889821547148]"
"50,50,10,5","[2.72189642274367, 2.742911052178863, 2.7898512849725616, 2.797024426043977, 2.8351398782945747, 2.8369316272696152, 2.840662922672993, 2.857801507377918, 2.8699346555959853, 2.871738473938344, 2.8978537332703764, 2.9281462547554424, 2.9282886168242275, 2.928343363120395, 2.928820619411132, 2.9326643023761227, 2.9446024213397037, 2.9733979845868896, 2.976305042809813, 2.981280214791864, 2.9911898429969432, 3.0008963032906566, 3.020780852756524, 3.031092284922812, 3.0373377419974874, 3.0397086179090484, 3.047001351991797, 3.048192472063726, 3.0728190005504867, 3.098011497294117, 3.112542455257998, 3.114766411651688, 3.129893091655917, 3.1377241503174957, 3.145794038970745, 3.1494772731674168, 3.1599017973391814, 3.180055177478727, 3.1808267115133253, 3.1943959254126777, 3.228351609335712, 3.228419934902048, 3.238230792268175, 3.263802449435394, 3.269891781240174, 3.2724773621142003, 3.286484879032335, 3.3090475701272424, 3.370573680900825, 3.4976372423321185]"
"50,50,10,10","[2.467464843247749, 2.5058513843589094, 2.5414898502294863, 2.547196670321766, 2.57250504475373, 2.574806239291286, 2.576671053441732, 2.5802123920081965, 2.618673337515302, 2.626796311097367, 2.6296913078200816, 2.6308313823350273, 2.6340674941891056, 2.6362403095679774, 2.6377845005844347, 2.6422884898953614, 2.6552874508817594, 2.6553151515445017, 2.658750165248479, 2.6594251990940023, 2.6709621374140267, 2.6732881417262657, 2.674104364172799, 2.687946789015508, 2.688659990346013, 2.6887571819107343, 2.6916521244760077, 2.7062997425429574, 2.707071550881876, 2.707834125142576, 2.740931291587566, 2.744315573336971, 2.746072595107509, 2.7471409858892413, 2.7618402681480636, 2.7745171051202533, 2.7748034705621034, 2.7822043443620736, 2.794402309720325, 2.8223941039894083, 2.8353824546487534, 2.8379646381866257, 2.8468005180541196, 2.8516770440855748, 2.886264818842791, 2.9007169762554708, 2.9860606477663794, 2.9997526357623947, 3.065326762802308, 3.0876031360025094]"
"50,50,10,50","[2.3890432352310227, 2.4546189468556614, 2.468987595873428, 2.473401342302197, 2.5131255661140135, 2.5180933897736026, 2.537447600188057, 2.542510510789464, 2.547928363026643, 2.5564487870983323, 2.55794185981482, 2.6064242751353657, 2.612461486027233, 2.6216719681428104, 2.6276662193227533, 2.629513719976293, 2.6540932657650638, 2.6542978618491198, 2.6644171715193097, 2.6840619908701804, 2.690715657500823, 2.696778235241302, 2.6971806095079143, 2.7137443078516914, 2.716693741188746, 2.717052798740326, 2.7238771815853853, 2.7272635992889867, 2.7316173684124947, 2.735740033324367, 2.7451802792602957, 2.7682237370396567, 2.769297412025911, 2.7708850759761163, 2.8023730955931336, 2.8119272558469897, 2.815802192008988, 2.827704290956557, 2.8314746662317054, 2.8802371225673062, 2.8991387368665773, 2.924511770637214, 2.9274907567279005, 2.9667592356739347, 2.9695101428346287, 2.978299160392954, 2.9788024207085737, 3.0226121843336258, 3.0423454400649983, 3.1933747899109455]"
"50,50,50,5","[3.92340036181775, 3.987529553678541, 4.029549887798734, 4.056776148374748, 4.081030007835342, 4.142143227734866, 4.152101179551273, 4.162727066329398, 4.170677535272277, 4.17068545737637, 4.174494270428625, 4.184693967036097, 4.208160897286927, 4.211978270567688, 4.2659267445273885, 4.278876054371236, 4.279065201017402, 4.280880648992054, 4.285708318325936, 4.299837989858295, 4.314216243225789, 4.3151545575877535, 4.324522059383162, 4.325574117655763, 4.3301040087350655, 4.3319083085738495, 4.337742848341398, 4.339284457625104, 4.341848318880347, 4.345386491795486, 4.3581384605835325, 4.358356485982375, 4.375505627168974, 4.388300583898855, 4.388387298297314, 4.393398804595419, 4.406313057732054, 4.42715089229216, 4.432267242317066, 4.435790323870945, 4.456941306889687, 4.457065109918053, 4.465745698939554, 4.4774136256836865, 4.481986185989425, 4.484427793297042, 4.4897343304079484, 4.5115611335452055, 4.606924095154155, 4.643567934467383]"
"50,50,50,10","[3.63822654549599, 3.677629826638425, 3.683857440959581, 3.7115773989345793, 3.742965800709401, 3.786299420383512, 3.822254624906242, 3.8713988675735482, 3.8748305975179864, 3.8784944095297367, 3.890367414492488, 3.8914013706933024, 3.9516650960000597, 3.9755869439501583, 4.003162260605305, 4.004371843247228, 4.0126150688249735, 4.021246114924735, 4.022909470527242, 4.032196129505711, 4.035855950073176, 4.037097995677828, 4.048970586380722, 4.049107968525475, 4.0514292233864815, 4.062164654110842, 4.062438934829831, 4.0641969645688825, 4.07240889541015, 4.074351603144371, 4.074452197807396, 4.083282129303459, 4.0843157944242705, 4.106447088626649, 4.109415755238432, 4.110935439964915, 4.116809089257773, 4.1360918879149455, 4.143754750441203, 4.147461636221799, 4.1540592461673205, 4.171629385454653, 4.173023901795043, 4.2048156560879555, 4.213727230282159, 4.215500838019533, 4.24749532599157, 4.274843232557348, 4.296645026351091, 4.432951404458947]"
"50,50,50,50","[4.371784017332242, 4.372833929359006, 4.394266203911076, 4.3957964816726935, 4.396461587949008, 4.489025834993472, 4.522988285087261, 4.5233147873797, 4.543167650467395, 4.5448595550527955, 4.557693305668535, 4.559592503523137, 4.561370826686453, 4.564378003550383, 4.577326315496155, 4.606587253953034, 4.60710488114729, 4.612218908173603, 4.615696355988779, 4.618268974073234, 4.619520758175636, 4.631293283651651, 4.646637826533816, 4.65338392141619, 4.660340717941627, 4.666278968031975, 4.676393720517332, 4.681450908491358, 4.683346868702217, 4.6843580857478, 4.685594241259071, 4.692935415860325, 4.70637255694929, 4.737520396713875, 4.739697546684074, 4.740752221635641, 4.7483254918851125, 4.757480673983093, 4.758693582588864, 4.760167457965782, 4.76132415400335, 4.767121666024121, 4.768235388383901, 4.771696026344071, 4.78147505403827, 4.784543235836277, 4.789951836539354, 4.794894540180131, 4.894663091835445, 4.9753300812416]"
