"5,5,5,5","[-6.730443988428024, -5.9633490297606295, -5.860808766321229, -5.127469593353203, -5.094018277514623, -5.023259097784872, -4.914631775418252, -4.753048041263358, -4.703066683302232, -4.440559311268743, -4.257594194889, -3.90822277595535, -3.73191437674423, -3.5444860074930555, -3.0612651378489604, -2.6265745673195386, -2.572323824408707, -2.1364876053900312, -2.0064410300416684, -1.9688519090228533, -1.9093701287015432, -1.3681001965870858, -1.3478935150415015, -1.3116724877967856, -1.2695412251936582, -1.1805174709307693, -0.9595743074657022, -0.7580232782775476, -0.75514277987481, -0.697229397984399, -0.66675449948372, -0.5025527868886811, -0.309850880757393, -0.14791416023215542, -0.04424955372026515, 0.24783904316687722, 0.4686905295192605, 0.6370307212306754, 0.7042517365647887, 0.830218794772973, 1.0128490322943333, 1.2105350985031247, 1.3641416592136175, 1.464196293459063, 1.6046629913651111, 1.9457315507134794, 2.6490140417462205, 2.685257243862897, 2.9458312955285972, 3.5470134058475997]"
"5,5,5,10","[-8.221617409028015, -5.586114688967353, -4.479449497568144, -4.366585933710223, -4.279029106325979, -4.217088801291117, -3.96494174405827, -3.38743880283099, -3.3672725905682044, -3.2543434697553697, -3.2528068943127115, -2.8012260680249943, -2.371139532108027, -2.067211479128247, -1.9560029917152582, -1.6162933189921282, -1.549074758021526, -1.1980725406193957, -1.0807750392756899, -1.0730318855690084, -0.9815179138089758, -0.7905163233836344, -0.786458525399829, -0.6544549839347593, -0.5391734213547377, -0.4267422459160326, -0.306330832194339, -0.2570412761445182, -0.23339092615733625, -0.18895680690307393, -0.11759480698245983, 0.20638940594642174, 0.6476201407025421, 0.7380378260641378, 0.9731059593873731, 1.0760930652097502, 1.1563607602462915, 1.6026614449320542, 1.6148945728514659, 2.0429605512248608, 2.132208794307895, 3.0700189980202985, 3.0757074518698566, 3.2783255703468335, 3.4732946572664516, 3.5081240785529157, 3.557135983672323, 3.6803871545018247, 4.318451706872726, 8.307178010601504]"
"5,5,5,50","[-5.855374796868801, -5.26487807176048, -5.050263613627134, -4.457051795065789, -3.84870435261495, -3.0662870862215708, -2.343864148243845, -2.2269628976809472, -2.1052089333578223, -2.0134329944240354, -1.7073621886928356, -1.549230665374425, -1.2863358037277837, -1.1151869225668585, -1.0479350866436996, -0.8237100555315915, -0.632545309304688, -0.5800529013284063, -0.5335054917782941, -0.2293675455577684, -0.11997976909197017, -0.0758311567907608, 0.005784401209170009, 0.0459420685855616, 0.4802098449163035, 0.5993212767822568, 0.8330201124555714, 0.8677902973478641, 0.9549294721843306, 0.9640383351326052, 0.9671939489175263, 1.0387570163956867, 1.1054419892184906, 1.1704077344455295, 1.5670954750514654, 1.5807481796787897, 1.792030759645342, 2.0460969729349205, 2.2950230940969116, 2.766239435849586, 2.7993324870486136, 3.086271026552062, 3.6549603456563373, 3.9074117915634226, 3.911360020008391, 3.999504905993682, 4.51723835977002, 4.665091462086835, 4.911325462736895, 5.377036044328764]"
"5,5,10,5","[-4.971864381428179, -3.6474637723673515, -2.692110082404718, -2.5380746647004817, -2.013580171465976, -1.902540883673321, -1.2276481290405004, -1.2033912598701708, -1.1884048097500215, -0.1598299794833563, -0.084747366747286, -0.009827055046669142, 0.1552636332873405, 0.3882735745887219, 0.42122930815071324, 0.711919095466012, 0.7544934042646445, 1.1727884288102282, 1.2822936361145767, 1.754561700776601, 1.8478306924512866, 1.936778876331457, 1.9443203934993298, 2.0625730543359997, 2.404980232455695, 2.5362568599920254, 3.0261564769505997, 3.1469322073144, 3.2573942902444646, 3.5608319346530823, 3.804464631685218, 3.8728521563407243, 4.033463940653088, 4.104387994796522, 4.204688310898472, 4.2211426473663956, 4.27680742973924, 4.4964751898586695, 4.534703901931044, 4.591782734866576, 4.92732548680415, 5.40765989276132, 5.845141230737575, 5.859857187585552, 5.942687241279367, 5.991026147991571, 6.738654801971283, 6.790055647647692, 7.046732139505212, 10.287108503050247]"
"5,5,10,10","[-3.079413768877866, -1.9040992910926335, -1.675063275271694, -1.2368571455471387, -0.986312591798024, -0.7931454257294502, -0.7021699291812636, -0.69056948917386, -0.11985564947118332, 0.053966790410476584, 0.25566116023510954, 0.2985253567424433, 0.47554144786514907, 1.183640431553123, 1.1903932699905009, 1.6245676803781284, 1.681865839956378, 1.903518939712441, 2.0995072322306085, 2.4579630077458616, 2.6867833388811335, 3.01641562311033, 3.315563956896464, 3.3388320879488873, 3.480152673394053, 3.487722051565517, 3.735695424208163, 3.7490610730808185, 4.02244270197707, 4.514199088328251, 4.650066958806979, 5.001310302033923, 5.4055742743643425, 5.499765741169197, 5.605689052467155, 5.706940071227254, 5.788665017668941, 5.946261489763417, 5.982453464361364, 6.010808640071856, 6.247743733775639, 6.338678537706865, 6.589574869723596, 6.610332246147999, 7.5342665454663384, 7.721098242055221, 7.916880953148322, 8.213390306155961, 8.60475414343643, 9.596099124776458]"
"5,5,10,50","[-8.297352372253433, -8.255799213609006, -7.658388591355645, -6.8526967396850855, -6.003046957651636, -5.877863259930809, -5.772575265519585, -5.7042922351586, -5.679426947836001, -5.348774249079155, -5.047449648112744, -4.9167169849128065, -4.862699560666478, -3.9465336510812743, -3.805003784083304, -3.7890326061658, -3.3702345017866557, -3.1389713521990634, -2.931793751805367, -2.645501747063496, -2.5531770528197186, -2.536311519548409, -2.44780416198508, -2.063801309291245, -1.8649877888755393, -1.8236997663276813, -1.8024326325573974, -1.5505642594629891, -1.460564227408847, -1.4133260379261219, -1.4078445762537055, -1.1923260856029763, -1.1720440776409795, -1.030374066796525, -0.7557868064429607, -0.6166268006043868, -0.3771253729671489, -0.2971659441322605, 0.07849615348808914, 0.2263805320552419, 0.5734626825377878, 0.7198963621612902, 0.7945298490175009, 0.8798434596060214, 0.9366110616276181, 0.9822253697423493, 1.2943323355572707, 1.6715359324792218, 2.883727349691437, 4.637743252016314]"
"5,5,50,5","[-8.657741019432596, -8.309315310156162, -8.217742607531665, -7.82171132590474, -7.529698403730235, -7.1123662946696635, -6.896866939765175, -6.506664876126498, -5.995753021032737, -5.977934823890838, -5.934208789655169, -5.811730221780538, -5.304605497104712, -4.57182133257718, -4.081062835755382, -3.894152537273988, -3.4553460452021927, -3.199160142597952, -2.93933874861141, -2.7571614768251873, -2.581401882894902, -2.491159240841462, -2.190327230699179, -2.158708112763282, -2.1256454257986896, -2.120055315550579, -2.0707284979321656, -2.0599505340404045, -2.037080469451525, -1.9171217264379408, -1.8734218119604376, -1.5737930213507014, -1.0283091556532575, -0.9200790132737469, -0.6846142738681937, -0.5499978593440211, -0.4058999280450899, -0.32323977058413966, -0.2732168814722251, -0.2195565286686212, 0.4439329545823867, 0.8897785507342135, 0.9589734185935423, 1.5386885111824022, 1.732207583259084, 2.8496307328289614, 2.85631253781149, 3.7624607497745073, 4.514791433411775, 7.603962940927955]"
"5,5,50,10","[-13.702253662494414, -13.672734771473639, -11.58594623863407, -11.381950388838698, -11.306583647616668, -11.291627106538531, -10.312726814731096, -10.218005936996619, -10.195968626048085, -9.576732177931143, -9.360662888493401, -8.423593735132606, -8.345385772004011, -8.312815394900683, -7.903107796152697, -7.574523714700752, -7.115855744531752, -7.047776110345673, -7.000102882674492, -6.815870354498811, -6.797144408783442, -6.331574500915168, -6.223160031596525, -6.214471676411057, -6.18059965391508, -6.144070352873751, -6.013632970778436, -5.984589541469928, -5.838348551640625, -5.730456157533208, -5.613224690943639, -5.489858211492078, -5.440842429153196, -5.356795446081907, -5.253036326696401, -4.80550057841267, -4.786381869771917, -4.455178077123341, -4.089073369731813, -3.9738942792131935, -3.931628717082681, -3.447474750073254, -3.401359264461175, -3.292735034805088, -2.7310877320647005, -1.818566317024154, -1.570648220765671, -0.9900617364907158, -0.7894615258955615, -0.19722090767418216]"
"5,5,50,50","[-3.8389327876800303, -3.1841592202321087, -3.0749168952986476, -2.9390902413213613, -2.413333596186578, -2.1993982284445828, -2.073003892635149, -1.4868616145223696, -1.4247921519618643, -1.3592696734197176, -1.1210295077764851, -1.0969515705706128, -1.066064413611528, -0.9952033140027766, -0.9459302262245775, -0.82861656324783, -0.8275924049243057, -0.5480334643013429, -0.49210867554206406, -0.42684087898296275, -0.25931665852429675, -0.2349029795393902, -0.15644465299883165, 0.03457620101934977, 0.11799965718052968, 0.12941588817456395, 0.22882197304569707, 0.3118317537638864, 0.38770817243606237, 0.4050529897947386, 0.5049282890348625, 1.1008688809745155, 1.3310333609621856, 2.227994865797344, 3.2846155737953038, 3.3442772384946102, 3.4100768190327853, 3.422009488138414, 3.5015505702931167, 3.8187314027566894, 3.847399362835156, 4.011304128828958, 4.541932453628061, 4.956018891037744, 5.294549044669471, 5.401363770746164, 5.421310395723773, 6.940435850580556, 7.0123601317416915, 8.776098121484646]"
"5,10,5,5","[-3.5799979112427023, -3.1886355744170243, -2.954635130914318, -2.7870149927947834, -2.5639312277199156, -2.4558586061037895, -2.284426561817499, -1.9527901862780062, -1.8363809106924434, -1.5348800361678943, -1.3716702146136392, -1.2181556960139868, -1.206173398398776, -1.1567427809292188, -0.9244230581668695, -0.5365413889710047, -0.47944616327027134, -0.44207687015556574, 0.16038177094744405, 0.21824385095178034, 0.2354119799715384, 0.5103502817704975, 0.5344634253295464, 0.5961724916794069, 0.8126555960089292, 1.2009014669135352, 1.3838683961033285, 1.4446585856749694, 1.5524238965638817, 1.5557336174501417, 1.9406307029785275, 2.518032078382126, 2.5720738958851648, 2.5993804374547707, 3.0518589981827, 3.0669925202911266, 3.1678289597196794, 3.3001173027860236, 3.573600294166765, 3.774116640268583, 3.8408425486641575, 4.491886995130969, 4.4954717642106194, 5.017233689794388, 6.373260425709924, 6.605321773883571, 7.197496486091105, 7.5529257680396285, 7.670958420728134, 9.70572959502308]"
"5,10,5,10","[-5.281145779399507, -4.644080556717224, -4.6153576109097205, -3.1224205811203865, -2.6100070399978295, -2.472202967242864, -2.430969244727146, -2.423343622664633, -2.373002253773546, -2.246890614642662, -2.0654647537324227, -1.2171728569864035, -1.1363233029791637, -0.9524913393486603, -0.5061028542688474, -0.22045377340673578, -0.15083717985446077, 0.11036429102871459, 0.3365887887744765, 0.6380368847890123, 0.6424910680501736, 0.7956512997001687, 1.0009171571540647, 1.231643107777677, 1.3641352274447194, 1.4073552908111124, 1.5692765020877486, 1.702806536507209, 1.786770067591715, 1.8675612127538328, 1.9562788167273957, 2.0693992279590256, 2.141342428711778, 2.239574711766689, 2.2592768030163413, 2.3603125355496815, 2.375473408897565, 2.520021481335353, 2.63752347692031, 2.6924040813975356, 2.956561588593787, 3.0122727542136922, 3.163380014524562, 3.300941826338388, 3.696805276215405, 3.723644191504837, 4.841137747735017, 5.4537081420624665, 7.130078930616376, 8.415339039101173]"
"5,10,5,50","[-3.8695333650841275, -2.91967121065632, -2.781435229548161, -2.055360094241642, -1.1250282521110138, -1.0254190809759942, -1.002080074854223, -0.8115661766585073, -0.6857696213549298, -0.5712222085481988, -0.5348800039183975, -0.254832051954061, 0.2925460929456556, 0.486153767039081, 0.7777492535730202, 1.0052386761044276, 1.0774991278681516, 1.2227665616699377, 1.4093536295842264, 1.5374206367718433, 1.588532707261917, 1.7072129489977472, 1.714210682986071, 1.7300901903598347, 1.7719625483203896, 1.8715834764265402, 2.105158540685968, 2.204733671571468, 2.263079322505478, 2.2810287366303763, 2.3148682917153582, 2.4136833943435185, 2.8498019989752077, 2.8680164998139026, 3.2963816151261778, 3.338318818921269, 3.3515123536302944, 3.487262480820857, 3.9516201233988117, 4.086738678106049, 4.771245545179008, 4.79108112419313, 4.818350398409571, 4.949332119057462, 4.958372731672363, 5.16644802964284, 5.489297679291592, 5.604464878090916, 5.981884797393013, 7.645346485559255]"
"5,10,10,5","[-10.783985601509062, -8.389162299619612, -7.825910557400391, -7.074959228446708, -7.0137644082548665, -6.460736326036434, -5.8840750889141145, -5.734586623185463, -5.54546784400539, -5.451895048366067, -5.034326456695135, -4.722730622498798, -4.517695716205122, -4.342562698686493, -3.9509096788747264, -3.7767446242672156, -3.753564225825646, -3.506968144859282, -3.4107543344205085, -3.232035447059618, -2.947359542169117, -2.657093297831397, -2.620079748099866, -2.6121203655492558, -2.466927269622446, -2.4664434171635063, -2.454861285726573, -1.989683375213363, -1.9580350644198852, -1.8634758730045415, -1.4275129927705499, -0.8535123545560945, -0.8439201525891518, -0.6192740172100439, -0.5927808112628892, -0.539512624034947, -0.32127072861802386, -0.15792213218284412, 0.01775236626265375, 0.029942133818102068, 0.31354413346143417, 0.6462459975075503, 1.459577826539034, 1.9458125462705713, 2.185154972374086, 2.6020546497145585, 2.778242028585502, 3.717351543916329, 5.649566137153765, 5.669131925132442]"
"5,10,10,10","[-14.830105999167237, -10.902598002861133, -10.694772158160905, -10.409672840934665, -10.26343864948727, -9.471730298926524, -9.439167998308651, -8.829418062135009, -8.746716583594562, -8.387751188063353, -7.957890123602995, -7.919598022653748, -7.231074516026625, -7.137516338613325, -7.113526195228762, -7.024316205965089, -7.0208252407774445, -6.7446374893393894, -6.294194333777652, -6.181548136340439, -5.9061091183197325, -5.617077052874435, -5.552684411140199, -5.541145428087028, -5.413445368315642, -5.174236581217508, -5.162346258367638, -5.093828689888088, -5.090269574652016, -5.047607703993788, -4.853669120741658, -4.6046943760559795, -4.070345547416904, -3.7002044435744086, -3.496954659628199, -3.3906044723899713, -3.376074280141265, -3.189507259176928, -2.777027958273841, -2.7530135628136856, -2.6713711989826807, -2.6309226279832467, -2.5570901472299594, -2.2273656676190656, -2.1795160984667845, -1.3520393858137398, -1.1075069868451348, -0.8072917269205492, -0.7907643180550696, 2.400600928333732]"
"5,10,10,50","[-12.456333280293855, -8.662706971785799, -6.70991686043585, -6.68101079525376, -6.171669758762338, -5.534317370930853, -5.189011595211731, -4.701089632803417, -4.287480515664979, -4.135785221114461, -3.8664869220780442, -3.7184405528823543, -3.6657860936569477, -3.480351162371951, -3.023175788551807, -2.932823430674759, -2.888048744551776, -2.8331205499926297, -2.777324916554366, -2.7654698146655976, -2.7560515435275317, -2.7158344988527663, -2.645955496636929, -2.642826400219543, -2.512714538672294, -2.407690594196848, -2.2083627190051187, -2.1349515010775093, -1.7622522456121033, -1.6992166294508957, -1.6909705835893212, -1.6479687561093737, -1.2206256079538367, -0.9580175829758685, -0.28823386215840097, 0.14151617046897802, 0.3730054218673011, 0.37757398035344325, 0.7059822278957242, 0.802099994395091, 0.808906784502812, 0.9798159229236552, 1.3114891622244902, 1.8497912268535992, 1.8747697940475672, 2.212807530854252, 2.9748642955362707, 3.1209892542287037, 3.162393505356987, 5.3132628583335935]"
"5,10,50,5","[-13.117572957863237, -11.962180741995365, -10.478091842907558, -9.667983796451942, -8.482837310890055, -8.391919806265296, -8.183416417761599, -7.231629010369785, -7.127023359858951, -7.067076841399859, -7.017813100650394, -6.789341018691531, -6.698515180892789, -6.173432580920286, -5.51549893208403, -5.436788253863764, -5.429230625657512, -5.199649226425684, -5.133745291015366, -5.1153997690252515, -5.083293389596008, -4.685029273630835, -4.399379039639399, -4.1981587192044, -3.6949307678742844, -3.6671049216341722, -3.3370487889129405, -3.328397680897288, -3.003633046623058, -2.9325862390708237, -2.9250930956622576, -2.871459694229185, -2.826161688583038, -2.1958302061408252, -2.15209982757352, -2.1514934326366735, -1.7492701215044983, -1.7483874904861203, -1.4845738562687243, -0.6616057454561792, -0.5471685174657654, -0.30176346062475545, 0.03801354911103649, 0.1774738344287332, 0.36605159619270955, 0.4318796348950116, 0.6339788534407589, 1.8003099042171526, 2.305551141136939, 3.1319013630891828]"
"5,10,50,10","[2.1649086660040044, 2.5325761049109987, 2.630648661929887, 2.798033945505396, 3.929941406839202, 4.003587721946532, 4.058868734042752, 4.319181466209588, 4.377700630979744, 4.4119312674142375, 4.815563501942513, 4.828968558338461, 4.927673419349648, 5.130389315140344, 5.157015285132239, 5.6233233870836425, 5.626475968294873, 5.726722495463061, 5.84288686683868, 5.957233583565871, 6.001823708243407, 6.08137692213749, 6.28054888216867, 6.567512583616101, 6.677626772109383, 6.842250784688632, 6.9548948091286755, 7.218611358950357, 7.338376761092732, 7.5816043445724235, 7.880853130351742, 7.919930260977807, 8.128357604426427, 8.27240549944572, 8.367544808379112, 8.4340904146556, 8.574059736377379, 8.646471988411994, 8.662646334155495, 8.805321583751516, 9.038438145810838, 9.675325901240297, 9.678205009784506, 10.14645516559019, 10.364261143126702, 10.931722412674128, 11.00276930353499, 11.009037914565765, 11.24111721293838, 12.994915960873415]"
"5,10,50,50","[-1.7834341035728183, -1.7522590044009139, -0.6198364282288051, -0.4594878514165436, -0.234929085141119, 0.4467540155000542, 1.4498130686220805, 2.725920043096777, 3.0265014446046905, 3.043143198327429, 3.5297890733459703, 3.796856694816227, 4.076419382290744, 4.203257910816792, 4.643523793835078, 4.698599460129702, 4.709016224723724, 4.8538678977866265, 4.898406489135595, 4.995840379612561, 5.11207431536325, 5.261321712821502, 5.362640320471473, 5.379149421959326, 5.560565341419801, 5.597670028791855, 5.827683518963923, 5.938031988686966, 6.117112064854068, 6.1668948964390395, 6.2683174775501, 6.268830574355235, 6.411659975073568, 6.568065660322803, 6.845443693465475, 6.866423484980093, 6.94008169763454, 6.959913997300127, 7.0736126332159515, 7.489771205540188, 7.848860254511768, 7.952811930666271, 8.078077342170651, 8.36608955033342, 8.648945675050012, 9.220248828586868, 9.813345022574524, 10.33289624968757, 10.8767315961727, 11.14406975786263]"
"5,50,5,5","[-5.9517633715737945, -4.958458767353704, -4.220084802688072, -3.2125920433705697, -3.1686715658286473, -2.7079239356230014, -2.6046488962300125, -2.2117361261272537, -2.0859411121482125, -1.445223323518051, -1.2114241167849444, -1.0387545797511057, -0.7362469148309778, -0.6464314114530408, -0.6042246987592237, -0.5552676675906457, -0.39408734443278104, -0.23337057060801114, 3.921245039117949e-05, 0.00510287915252583, 0.009157852486703422, 0.3090247463386311, 0.46006788167766555, 0.6172746704895329, 0.6742766515448402, 0.6750115133783792, 0.7465353021047585, 1.0475128465372132, 1.057837671800444, 1.0970907300153006, 1.12866086808259, 1.1555905064544474, 1.162341417468081, 1.5032053817886384, 1.5082507977508137, 1.5389247929575443, 1.6780663569429, 1.9502130232378745, 2.11842872000714, 2.8460209324749495, 2.858647700603062, 3.023820233426723, 3.390585667940124, 3.44628484592526, 3.768615771069844, 4.274046189228514, 4.719451626169097, 4.940842173901155, 5.1319384365325, 7.827952312653101]"
"5,50,5,10","[0.4533310796514227, 1.2325059709606179, 1.3942225149119198, 1.4675882336051287, 1.518583552144726, 1.9287501846264865, 1.9662451756488268, 2.426937203208725, 2.567518818152763, 2.8255115607965298, 2.8560902109217445, 3.2706309263803197, 3.358693304651387, 3.4903927048027383, 3.5896256864014022, 3.750313255013032, 3.945025568137336, 4.1538283500128586, 4.204966738587418, 4.454830583297922, 4.643005994715185, 4.965499789594111, 5.19614008236927, 5.238370014740344, 5.328784187900756, 5.329787656391726, 5.376701177958599, 5.386481494966147, 5.9325012335892575, 5.964367320811787, 6.61867420224681, 6.71243007061147, 6.765698611687974, 6.955460429482857, 6.975439137708907, 6.983979273142078, 7.826474002184451, 8.255789533621575, 8.37869811215129, 9.032141353238217, 9.109732303574955, 9.21145385540824, 9.2698480625868, 9.289627522053241, 9.434115066757407, 9.807650958772863, 9.861104377258123, 10.028450436411255, 10.606889799724819, 10.809708470621867]"
"5,50,5,50","[-9.499034870929128, -9.285198148872944, -8.514374998741541, -7.841109623560312, -7.615271484110879, -7.465817872799573, -5.370141894018567, -4.702601701094194, -4.320256002157264, -4.157050523221513, -3.83575019665676, -3.832763932458014, -3.7826825802230086, -3.290034249370426, -2.857557308340618, -2.74774943720629, -2.6446998848302297, -2.543148355382908, -2.3670169186824186, -2.2764728216245214, -2.143395385408206, -1.9586789812394314, -1.7408312919689384, -1.7397142615512793, -1.5519400022543488, -1.32541702695742, -0.9833964199118763, -0.2909046755057996, 0.08269539111183749, 0.29451677072276916, 0.4089421441931662, 0.47765248232011864, 1.007774478080798, 1.0552963831119273, 1.277691279317483, 1.2808280036654462, 1.4495493572176164, 1.5752369317915789, 1.613877273264802, 1.624769861804382, 1.6250464120119357, 1.7835809427432756, 1.8148773147040012, 2.3211647975999434, 2.4168843753503424, 2.646288396981507, 3.0645477855513663, 3.081034994098606, 3.424315339555958, 4.07656028837987]"
"5,50,10,5","[-6.9614639652580355, -5.643836395117251, -5.339163506126335, -5.2295156641455876, -4.447080123945894, -4.189014664899693, -3.9130499596740282, -3.823864387341023, -3.6948794349173886, -3.3676754826694584, -3.1483153892039457, -3.103343603064329, -3.00992664094421, -2.6600269389443385, -2.523056129379804, -2.325161182015283, -2.0133830580380403, -1.9732475668436944, -1.7813827544781935, -1.7497373301599008, -1.4075035856855047, -1.2582134539369259, -1.2232614387957965, -1.0617448184498195, -1.0557907818582764, -0.9667671365539823, -0.3973660047126879, -0.3254844932523264, -0.17800155421956898, -0.15480048509206412, -0.013265876843814084, 0.07116735173286548, 0.15398701792989122, 0.15725818250486423, 0.23401021188053583, 0.577248621500404, 0.5969771927086489, 0.9328978039984559, 0.9518977660366383, 1.0467159968035227, 1.4538920697257667, 1.72402953196337, 1.876629973914691, 1.995981976147129, 2.171991206411318, 2.198216962535634, 2.5006312130709683, 3.853477356095885, 4.929329991470806, 5.209331591508189]"
"5,50,10,10","[-6.669558946124651, -5.830460214588259, -4.314739191957923, -1.281385461993262, -0.9933010236493192, -0.9892346969847283, -0.9586334725205052, -0.6166249794772534, -0.30039965630584753, -0.28844014083490943, -0.009278778087651762, 0.028243375652321934, 0.05500492038544569, 0.14080754817556995, 0.36714122449475695, 0.5129094697145504, 0.8992939833662165, 0.9045490030166327, 1.025708360757489, 1.0587290505414773, 1.207638995144522, 1.7421293735168693, 2.017477541918735, 2.169393265751646, 2.3030712748422246, 2.3638645977718165, 2.5885874448274233, 2.5913313984378026, 2.602139363803698, 2.7667985607380388, 2.97426865655346, 3.338302280680085, 3.5984550458768823, 3.723295845996556, 3.8335420084384335, 3.8667265938936763, 4.037912516177551, 4.675955586372375, 4.688231959069252, 4.846336992978983, 4.9255255530308135, 5.4194211728120925, 5.969048142892359, 6.577531840670288, 6.750780192401445, 7.032811989696669, 7.276609247046429, 7.397499843537244, 9.013650749809509, 9.219033123225087]"
"5,50,10,50","[-14.696743768532217, -9.986703295789411, -9.68677550240391, -8.198134358649355, -7.579161932735499, -7.236598862302765, -7.234182990603925, -6.915109978987741, -6.666303969398688, -6.396786319185869, -6.241665061301238, -6.109867124311924, -6.0139566970066936, -5.935335647688692, -5.741445208765035, -5.518310689715735, -5.350852343399202, -5.058299447264046, -4.928477062534606, -4.757059697550052, -4.707049949122513, -4.653593102829449, -4.568182317768596, -4.52148152267636, -4.316268740246913, -4.238693798283201, -4.129228327343498, -4.1092020427873654, -3.728363553165461, -3.709196357335851, -3.2906745189800004, -3.0805320064966617, -2.7905938866956372, -2.3317050828675594, -1.5280838068903368, -1.3055085411885528, -1.0875743380105596, -1.0577836350952203, -0.5468546340386047, -0.17499643618468474, 0.3279668012107799, 0.43995939978147236, 0.4761470544402344, 0.8013116671509612, 1.0549727818847665, 1.3716109096968756, 1.419414526583942, 1.5553638413067858, 1.9923652339731759, 2.990957687599879]"
"5,50,50,5","[-7.690894038120202, -7.193546162940375, -7.038232502333054, -6.845170953433884, -6.707220995847404, -6.492476171614027, -6.054153113935763, -5.801957749976834, -5.479735127707677, -5.457605152112748, -5.408655380458131, -4.50371942600591, -4.4489940300393975, -4.241199998648396, -4.102714979465794, -3.885903928884911, -3.704270204051177, -3.621054438866734, -3.4113774285269987, -3.3770457256784354, -2.5327364758046294, -2.084989283857265, -1.8222414133102038, -0.961233445044412, -0.8933794311446128, -0.5169753993318302, -0.3958860053051323, -0.28636769789077654, -0.21546770876766885, 0.6327755801034272, 0.7533943069588238, 0.9082433111250241, 1.4430886610188471, 1.5403801042935603, 2.1219637923067065, 2.3420499726589457, 3.073424625464016, 3.077681391417883, 3.116461349902109, 4.119058217832034, 4.585489211770835, 4.739455751404675, 4.752590560469261, 4.870109577482056, 4.913715104721978, 5.070350054578025, 5.112598504480475, 5.2246631032839, 6.028342048708449, 6.048157915627472]"
"5,50,50,10","[-6.718871964726363, -5.531875296388762, -4.922869459615601, -4.906595351895544, -4.844625504781159, -4.783340408591399, -4.665602988677653, -4.541712312798981, -4.221322706999312, -4.071871449320617, -3.3040997234738128, -3.1870700427045873, -2.9663840788435536, -2.6664528007391572, -2.5852877151845632, -2.5223271660040227, -2.2189167479861203, -2.1948596979206285, -1.9502372470208955, -1.9270302023528934, -1.7248577305885415, -1.4421524966273795, -1.190183820047858, -0.9849776024452574, -0.8810139877831362, -0.838829338790546, -0.5604638041050394, -0.444596050862726, -0.29067009542721567, -0.171394378184075, -0.10990416108526446, 0.06614454246498691, 0.19880248911968684, 0.48889683714482013, 0.5672656254506756, 0.5983162647579208, 0.613035612243995, 1.1822619459715822, 1.3363177364262342, 1.366590248745538, 1.5223065170384122, 1.5352622660804627, 1.5909246107730781, 1.7946768112507183, 1.822221257219242, 2.1805260385304077, 2.6443565881176, 2.7434502936407137, 2.906375424968828, 4.477678640038379]"
"5,50,50,50","[-1.411984399225004, 0.06789068958264899, 0.1731223311273622, 0.6451762012920117, 0.7993461935137551, 1.3680449892786442, 1.6669310101121178, 2.844716667333889, 3.4055689134514004, 3.558801038036927, 3.659995094258355, 3.728948168631524, 3.753024164189446, 3.92326442639846, 4.458988852882145, 4.729252743340555, 4.804283274269967, 5.0203633865785635, 5.071393804456166, 5.1787019997695545, 5.35475335215577, 5.434588499264802, 5.691382876585842, 5.712353138924037, 5.73383627929375, 5.734430391257875, 5.908741812794216, 6.2182685946056235, 6.299925825109279, 6.592983705113823, 6.724239638511202, 7.008080854144379, 7.791413563605737, 7.83702087875134, 7.839835551964981, 8.126051051551986, 8.306578108848019, 8.521835193521571, 8.697918975824358, 8.711909809945945, 8.756170889342195, 8.923584002900512, 10.434945455456187, 10.514276468366218, 10.918587231712163, 11.014338200889872, 11.1228648349496, 11.212804327747676, 11.755422374618979, 13.230689937839838]"
"10,5,5,5","[-9.761323057974444, -9.00554877349822, -8.321733497161715, -8.14648714861602, -6.966616031718324, -6.810312454909027, -6.644004466251735, -5.2368671821197115, -5.210498708296481, -5.065571897632255, -4.747456346776424, -4.685788272169561, -4.402305356171756, -3.9963774588649192, -3.8949963056711665, -3.6235332543686747, -3.4939464654820025, -2.8605605145380735, -2.8019635862180508, -2.6446341446614188, -1.9009974362245572, -1.8167370297840773, -1.5091596038033404, -1.399485475420619, -1.35118553418227, -1.3338051912776039, -0.9943069240436251, -0.7163680211021843, -0.5866337589196657, -0.42063467591299286, -0.2786344813829491, -0.21398151939674181, 0.14330677436435724, 0.6525294785794062, 0.6587243637274542, 0.7542245473585343, 0.7951481064792625, 0.9006818539738619, 0.9293381358954935, 1.5075916961456874, 1.9346519568144123, 2.4654291114256983, 2.517204174564595, 3.0974217027400046, 3.229661827844353, 3.4197731239031173, 3.705725479577362, 3.856420734246286, 4.20422682339821, 5.389872671539994]"
"10,5,5,10","[-5.169261624248168, -4.748505620051092, -4.623485201887448, -4.458844845319739, -3.9692937514826188, -3.348220185379779, -2.7370381956846144, -2.621879593083373, -1.862599071264434, -1.680834085956577, -0.8805970424912254, -0.2875502038773595, 0.20031182891734867, 0.44591140236759264, 0.8797710958317159, 1.1812020799399696, 1.2235782490333735, 1.29378261106237, 1.4789720949622056, 1.4980771193915567, 1.6777166531161063, 1.8025371909344747, 1.83569942913774, 2.0635624339791026, 2.2557014656955614, 2.699960864490242, 2.873568974328858, 2.9727587440790524, 3.006151855020783, 3.535889020515637, 3.6155792074943944, 3.931114757436268, 4.872835245745882, 5.055781874121318, 5.526173977847217, 5.553369668239334, 5.690315187655401, 5.74361606063807, 5.784620555651577, 5.788363955268564, 6.1837856542510306, 6.741347794166274, 7.029539739112631, 7.578222372168524, 8.076873878936924, 8.283837611033897, 8.481615805458288, 8.662928793994794, 9.103286334228459, 9.700413279869558]"
"10,5,5,50","[-6.006951467701841, -5.5328192829636285, -4.648211863389545, -4.446188116916327, -4.35143396110856, -3.706198381285576, -3.696520494291752, -3.490438874613665, -3.2121910918262255, -2.697546794428031, -2.6767255094907654, -2.436121718533145, -2.2634213852313403, -1.3058648573666618, -0.5075597626106645, -0.025187761950834886, 0.12445392333864014, 0.1753356962444046, 0.27078044290515546, 0.3895172309575719, 0.5268964101004792, 0.6183745663685052, 0.8533707275274711, 1.1641002569430814, 1.2942740151270162, 1.5551337516357735, 2.1149295962759584, 2.151418017725715, 2.2905575082363177, 2.4193833588742466, 2.5070915719237834, 2.5383504868751743, 2.8724020497886382, 2.917161042845332, 3.0175779219266103, 3.091958526566655, 3.1455738361162866, 3.4366700415844575, 3.79205299472833, 3.8434130815127237, 4.048775669619199, 4.136967380628662, 4.878483244499058, 5.546169864306881, 5.91265963125046, 6.381316477934198, 6.658110985400436, 7.193329609516958, 8.623928827748115, 9.96397514922189]"
"10,5,10,5","[-8.986280836809497, -4.429018812665751, -2.8369327965192164, -2.680289630137924, -1.4412617503639005, -1.3886248957490948, -0.22266399843421159, 0.4313953029493235, 0.5746150960349174, 0.6388340972541227, 0.6563138822106424, 0.7096617675724519, 0.8256548612163841, 1.1102896960862545, 1.4334537428258727, 1.4384659154711246, 1.4454272038398688, 1.569396576122251, 1.7134433965351539, 2.1796915947028075, 2.2405565929403464, 2.2605721877879237, 2.409331953564921, 2.4265919853705826, 2.437340162125801, 2.723609567076161, 2.8355559893588467, 3.033867264765342, 3.0748476276063217, 3.4698151783420315, 4.337650794716064, 4.428424305137657, 4.493491699255641, 4.807949452201183, 4.90472458405571, 6.543703009559052, 6.885787944111293, 6.99628617693358, 7.677299120255518, 7.803130956717649, 7.822349991437198, 8.24120071334808, 8.779245049296062, 9.565689958304834, 10.105238984721487, 11.203457429438629, 11.454530671861622, 12.518243255768649, 12.984647384523427, 21.569258598378067]"
"10,5,10,10","[-17.41195709183171, -15.483752286247366, -14.143074234020702, -14.11160818146789, -13.739435195415576, -13.257363072271582, -11.746342291788824, -11.066732596472663, -10.360034564398168, -9.843684972039128, -9.629242292069767, -9.134240913526417, -9.001054157604985, -8.617829861590137, -8.598047086010924, -8.325591140152767, -8.140460459905961, -8.084549106623305, -8.063297252785173, -7.603057710307815, -7.446522614189361, -7.0839588036420915, -6.822163126904501, -6.549870665260176, -6.47649324007264, -6.1849190000337915, -5.724201588539926, -5.690403874665631, -5.662270980636075, -4.6443121385830715, -4.512563076996569, -4.434162279500171, -4.17141994501991, -3.735723556654006, -3.718195394973384, -3.5837719143149553, -3.5545283680996764, -3.45278725867931, -3.207526023704798, -3.1558939499574907, -3.080040808089618, -3.0589666234384403, -2.3633961066901183, -2.0926318562622415, -1.1902153011965253, -0.6382729407618559, 1.0697771949719685, 2.254215002738845, 2.9714409251484986, 6.913027244896721]"
"10,5,10,50","[-9.81981080327535, -9.11429590053608, -9.07917231253292, -6.5385016651297985, -5.521157781512388, -5.1421340613567015, -4.88797441802265, -4.606763456593534, -3.8522996729712444, -3.7003921388731102, -3.6274389354959644, -3.0861379276345335, -2.640967959805508, -2.3495439145025117, -2.162687699389165, -2.101831984602259, -1.9170899270806647, -1.8708356937187476, -1.5745458296242756, -1.4545858288368225, -1.098067548611458, -0.9245555171003321, -0.5562437232902919, -0.4246278922597735, -0.3670957760042768, 0.036236391179577804, 0.12013993960917102, 0.22860722679580148, 0.2591770867083918, 0.5201474402552294, 1.041292979840521, 1.0651428778748024, 1.8644413815875285, 2.5373444768970255, 2.598721288545282, 3.235891804491323, 3.268736879825394, 3.420532240963936, 3.6487531475237316, 3.6487981186430622, 4.154002032951717, 4.267083357926795, 4.937229982550748, 5.037643637704396, 5.15563537316636, 5.635566154012138, 5.777255736698685, 6.0387747981312625, 7.621690935754205, 9.899135711517067]"
"10,5,50,5","[-14.298250649323283, -13.464763414367006, -12.928290246763488, -10.62331064408085, -10.52801702264314, -8.300898968466985, -8.280715468416158, -8.166505614322158, -7.916128725339174, -7.804249792522561, -7.1183090807978875, -7.061793110980559, -6.728976055470869, -6.489854826439131, -6.054092020824623, -5.54127966365262, -5.089580395316628, -4.878945223693217, -4.561467965350403, -4.453943298442655, -4.356120223262253, -4.1579246161185806, -4.130660456532623, -4.116429317486768, -4.07607991725467, -4.036190630596254, -3.554842236371827, -3.5061788674769803, -3.447577355483272, -3.4130053447981137, -3.3563437139422447, -3.1964544049549275, -3.0319115823872593, -2.677103897671701, -2.5241475431324263, -2.2504037707880054, -2.0332780792302003, -2.025744884298912, -1.9991103279194986, -1.409657230118606, -0.3962357778823389, -0.15828845018356752, 0.5289944460595879, 1.1825660714624782, 1.832240446774736, 1.9687951561984045, 2.0211833651880147, 2.3377680461547827, 2.722506654303087, 5.35849900816309]"
"10,5,50,10","[-14.64244878320004, -8.580046681049009, -6.300037281230672, -5.6065100296735615, -5.315778705855525, -5.067325703152633, -4.666899517258429, -4.116983732729165, -3.9824743146645023, -3.820692842107966, -3.7234060543776644, -3.0693594546004155, -3.058517541865287, -3.004795506841821, -2.9905284086772315, -2.4264417711468504, -2.2401957533867005, -2.1535130104010616, -1.9688998594506621, -1.76918013006224, -1.3902824861019403, -1.372275543214883, -1.2090380946512942, -0.8887658648072447, -0.7646972453529437, -0.6367106422548097, -0.330628907739813, -0.2991180429503455, -0.24581667640148797, -0.024296442431714027, 0.1408364773416806, 0.2957941718671697, 0.3300682729241071, 0.36227079460409684, 0.6713817695233555, 1.4366480014731375, 1.4387603749732119, 1.5864381622730095, 1.7299459969554358, 1.7933051333636931, 2.605223461352084, 2.6164017131721313, 2.910804694305599, 3.082920496965923, 3.7059168676225402, 3.794429408220811, 4.043844439300667, 5.465898485131772, 5.867968019367659, 7.7261436288666845]"
"10,5,50,50","[-8.514421534158869, -5.598489793037578, -5.5774196192146785, -5.294325577723112, -4.752053321386974, -3.673812998922343, -3.604053095549606, -3.3844316904777934, -3.033546354067655, -2.56540495204309, -2.5563195395470926, -2.0694977732563267, -1.3650474346804686, -1.158712697826175, -1.1514918146043072, -1.055123569915032, -1.0223058910713596, -0.7664459957232792, -0.3241255016091671, -0.2010396913140986, 0.140623838267123, 0.5112044032352414, 0.8761973157410987, 1.1921407695464123, 1.3576461559639905, 2.020752237839552, 2.1113388312029033, 2.1193916469203242, 2.204533388598482, 2.602851426694787, 2.6116183292395823, 2.7223662980519823, 2.739396542537439, 3.2574970966321097, 3.6500502021634813, 3.885832120278266, 4.150188201351173, 4.1970637031712075, 4.214037822580355, 4.539727583342587, 5.041363587064316, 5.321165973092573, 5.746483577568939, 6.033252348987833, 6.45280558529367, 7.105535052746857, 7.915844448507356, 8.301264527584316, 11.33098104397088, 14.521820259000025]"
"10,10,5,5","[-15.31204263688153, -13.501751125021388, -11.386977864075284, -10.718993895073853, -10.273789386774707, -9.8844424306152, -9.731636422851327, -9.523613823339813, -9.235229899410475, -8.690772265622227, -8.189729413806438, -8.12515646466924, -7.855520873542211, -7.3815911037668265, -7.372961781332614, -7.359991150198791, -7.044095028052659, -6.755238686829069, -6.742826558503601, -6.73780640696861, -6.577831111507449, -5.358313724953331, -5.068386819549804, -5.049197993522009, -4.9733255026825, -4.81710748903534, -4.70683149984675, -4.1684178774482294, -4.053569591679245, -3.5268939238058294, -3.3172518006762086, -3.201589308303692, -3.154683057418617, -2.960429693874161, -2.8063863183393614, -2.751119220766098, -2.5585494723977664, -2.5193982288786003, -2.492321752224421, -2.109609838057781, -1.5798775702636032, -1.142001166602511, -1.1370355630697084, -0.6010363168739258, -0.22079127193167547, -0.16830705460153883, 0.4329295853691042, 0.7744050875547805, 0.9946875083770026, 6.982895814892071]"
"10,10,5,10","[-3.7340181343703183, -2.1991987635001844, -1.4676534195622342, -1.2946813687056307, -1.0940165138625466, 0.17044959000401683, 0.17889967139142693, 0.46113033466929076, 0.5428978450238523, 0.7159888046571597, 0.9777451432740183, 1.0792471421660648, 1.431303401252407, 1.5698748434986884, 1.5699984988728546, 1.7872795238575236, 2.0492468297785, 2.1540588132713197, 2.2871487554725074, 2.5043703691253185, 2.576884945059235, 3.1497939102714945, 3.228389232935198, 3.2774768915632393, 3.3485272789961233, 3.664341745315672, 3.7021382789760384, 3.7331776828196617, 3.756000944342789, 3.761988098702933, 4.79330954738579, 4.894396111195311, 5.232222522635447, 5.389643852820289, 5.873162942043919, 5.968570530752657, 6.301847462919043, 6.398649193479965, 6.802529472193788, 6.87037276839212, 7.835325586709391, 8.14168234109348, 8.350939768234596, 8.599928695525428, 9.10013113274613, 9.592299209870635, 10.791159408650648, 11.139102811893682, 12.250433896524608, 12.30461584204345]"
"10,10,5,50","[-11.01957294538421, -9.901033249871574, -6.70696453646101, -5.036487390415996, -4.198944679312682, -3.379140176206433, -3.2844111559266307, -3.2099513730526033, -2.927783986934421, -2.02637267029932, -0.808308340085167, -0.7515105233026224, -0.6344351818385804, -0.35207002096653206, -0.2895113022360054, -0.24305841272599515, 0.199284680684235, 0.2723919232014431, 0.6427651828751555, 0.6805233402130741, 1.0324907201722153, 1.044834488564056, 1.06265344996277, 1.4777180553764033, 1.656579534269837, 1.6570414156326052, 1.8350354707388312, 2.2779725692698714, 2.82039819130456, 2.9347220159582705, 2.9718167315211277, 3.2109350473893987, 3.2900935086998584, 3.4310746398198364, 3.5847186984101316, 3.588029679667755, 3.8858525391082037, 4.395924821725512, 4.860128859008541, 4.910344156945005, 5.129214861388834, 5.2489202288528745, 5.652808191347357, 6.399464738625277, 7.118499918822746, 8.40946216441845, 8.434849848612156, 8.760399434902746, 9.23396261648448, 11.093953092751725]"
"10,10,10,5","[-5.5867492418722815, -4.8226494462629255, -3.7475383504119093, -3.5910297554931523, -2.6904990018787864, -2.6155951236890647, -1.7030543142629573, -0.8844274765373896, -0.7556137409123562, -0.7156010137693463, -0.0020925852276110213, 0.22938625879150276, 0.5567595651725283, 0.5660674480319976, 0.5726103021621287, 0.6280130171711595, 0.8579201759728061, 1.4808715780759143, 1.5733862416734294, 1.5981628988474808, 1.6092792955002562, 1.9177135244164343, 1.9845082183157037, 2.166490983193915, 2.1961784990674693, 2.274654493997602, 2.693236455519733, 2.708149108801867, 3.136267948200194, 3.2387732712316377, 3.253706317259077, 3.4403484079169417, 3.607316653450428, 4.046062150109413, 4.125939191656901, 4.726119909264274, 5.671994267209232, 5.9654740983310734, 6.409972962536589, 6.763646740738512, 7.399110858596257, 7.420881196625732, 7.443867138231214, 7.660681299231292, 7.860380977897673, 8.073649474827644, 9.290155798072716, 10.816920221087006, 11.055612708185699, 12.446348366725159]"
"10,10,10,10","[-4.864368958118854, 1.0250656847912865, 1.0774992856355663, 2.3051159730643223, 2.3913424797840985, 3.627476762145031, 3.627813872686855, 4.195102666965191, 4.237420795962322, 4.398684259641285, 4.64232032250191, 4.790110993456805, 4.898792384698359, 4.9192856098450015, 5.067913939986498, 5.623246579797216, 5.8889377153626965, 6.029220305648011, 6.052366673696955, 6.16697920142408, 6.213279956529833, 6.681370842728043, 6.873948036152405, 7.72405459237086, 8.434689843462781, 8.450338065410646, 8.518092764873007, 8.546130951159277, 9.013305742793179, 10.368824844565893, 10.527431525229035, 10.66416388966526, 10.856321736239877, 11.192746314138688, 11.493209261224697, 11.991383834878311, 12.109183483228946, 12.271032486578958, 13.047999381348427, 13.564194265033045, 13.569502882018536, 14.322895699885137, 14.979298074682, 15.141457829330372, 15.493657020685362, 15.773133483585674, 15.804538607979142, 16.61921846274841, 17.35453943963084, 17.42233060492508]"
"10,10,10,50","[-6.8644554095716295, -6.485982457636855, -5.170600463416032, -3.3702118471489455, -3.321167001818823, -2.942524562600167, -2.688502982139798, -2.6767302220857463, -2.327776352542086, -1.3357681338543896, -1.0561165427575157, -0.9488364497548469, -0.9274718416003757, -0.9249195796296446, -0.8077067543183527, -0.6627721436736349, -0.2838844077458147, -0.2651686320004458, 0.08924234120792796, 0.3113775039369109, 0.5410168011670657, 0.5958599095175541, 0.7346771020738329, 0.9303265067216832, 1.1687691308251247, 1.4183203285816006, 2.3525116913711384, 2.7541052857208146, 2.8113386235722766, 3.070813085199669, 3.194824584834524, 3.200152148426856, 3.2188292690050155, 3.4143103594256443, 3.595940075908692, 4.611457333040262, 5.997155765369509, 6.033224136777472, 6.162767998556511, 6.598948499085385, 7.099691580443752, 7.265756909071742, 7.2962367054492, 8.726352891876559, 8.75617249284289, 9.166000557688404, 10.230189689775063, 10.449664349764628, 11.331584280883256, 13.055849190482398]"
"10,10,50,5","[-0.9397088115489041, 1.3105749900518973, 2.5291651394949257, 2.814896797683886, 3.3864631023443597, 3.5944735536356665, 4.7132491502427705, 4.884629787444622, 5.059695902356273, 5.163306500073362, 5.35170563053611, 6.092476825357989, 6.390117606792751, 6.638633042284901, 6.855948220040457, 6.908619079865357, 7.227721429044608, 7.301746571057693, 7.314936937858815, 7.453573016117504, 7.495414708613752, 7.582715824949686, 7.953561440878103, 7.970177998232729, 7.977947213996595, 8.038491193652703, 8.188149339697363, 8.23407739738974, 8.274722379322304, 8.310271464647972, 8.40648132681623, 8.579150456390789, 8.996613279836684, 9.176670736910575, 9.18806345493837, 9.508767897285635, 9.726218096022082, 9.876908470173575, 9.90876572768978, 9.984688776543752, 10.173769057364591, 10.471609978342327, 10.62158096417808, 10.784278077735443, 13.339747256738908, 14.654511477477682, 14.718606606240957, 14.900461200577404, 15.693196935568906, 16.132888049496316]"
"10,10,50,10","[-7.434542678947427, -6.645843958471264, -5.533381533611385, -3.308137963567455, -3.2815702479301296, -2.8056142709168226, -2.8049511419544375, -2.77989150591471, -2.711722287312966, -2.6621394765392044, -2.6323954988412757, -2.5869605390903576, -2.5429946584216583, -2.5000698193146267, -1.6960246445830531, -1.2994391343843026, -1.0548921766486603, -0.9470478390443535, -0.8520619500973385, -0.6791046925808188, -0.04495924058050793, 0.30438015691084486, 0.8217624314227738, 1.701989914661715, 1.7114960956424434, 1.7331803675631896, 2.006103144434606, 2.0129107140130182, 2.5048143416253605, 2.895336388901655, 3.2380809994376767, 3.300351767685707, 3.3655015576913136, 3.756225523675009, 5.035513841321679, 5.0489607565897305, 5.069931564016484, 5.386107655511795, 5.475399773039655, 5.746035821605573, 5.786178506770226, 5.983420765370756, 6.22657915759523, 6.678678462759985, 7.132777225575511, 7.18347826750931, 7.552866830371499, 8.325493712628086, 9.653323336475523, 10.249587740479068]"
"10,10,50,50","[-11.35836974291259, -10.128578390919344, -9.69745733570346, -9.499287447766362, -9.095783122335343, -8.883030255224487, -8.668429760976636, -8.389495289235725, -7.347119579390991, -7.304066400580679, -7.137016391812895, -6.786986819884068, -6.637521946569364, -6.242790935590484, -5.704867622256783, -5.458096465791709, -5.287529643564172, -4.55700043374656, -4.435093259502678, -4.323356841558505, -4.167357598331497, -4.002246760653319, -3.0922761767625317, -2.9428626665054156, -2.8389240850418522, -2.444602617348628, -2.2520028448369405, -1.5285937204442366, -1.2531658205315646, -1.2265758477762452, -1.1672717525376763, -0.8844101870674382, -0.7337974370329127, -0.7140539561462855, -0.7079315497151294, -0.2669374775157878, -0.19342493766853075, -0.13534495958862558, -0.007511791173635651, 0.31654556745212226, 0.5396534719751429, 0.7852534528267654, 0.817268429500229, 0.8999718299254049, 1.3225593932530753, 1.941176213845167, 3.408884107299531, 3.73640263538821, 7.393445249335527, 9.142125852126156]"
"10,50,5,5","[-27.8364202836672, -25.78025108345342, -22.082769430824406, -21.85892980300413, -21.811397921277027, -20.806393805491346, -20.77866667321408, -20.179528564669884, -20.0463940569347, -19.811017597088956, -17.849435362292184, -17.524471991806887, -17.50129332833614, -16.45522083564353, -16.39569534677094, -16.1693606887559, -15.437430256919228, -15.414623617541194, -15.229764081472876, -15.037001478494735, -14.997245930770092, -14.798154018221252, -14.448534886435251, -14.363992494270144, -14.211609494185625, -14.1604455144187, -13.80368364440808, -13.758209361767884, -13.497473910792628, -13.3038710425151, -13.043592686860798, -12.885166739033263, -12.267623554472596, -12.243700335090388, -11.910246373214738, -11.883727878594632, -11.392520205032326, -10.79014802727647, -10.653817052918136, -10.641750807565836, -10.308736656683374, -9.996982690179188, -9.971427974741147, -9.454088582228813, -8.307621916393456, -8.17741708256291, -7.9002217154534655, -7.811338230591529, -7.686906273707836, -2.8958587739729946]"
"10,50,5,10","[-12.677687757645463, -12.337308134979917, -12.259361642982292, -11.647661886455426, -7.744836090181738, -7.622999886670559, -6.687379108654344, -4.714849245159622, -4.144762509440376, -4.0037934155657044, -3.7131962973332007, -3.496000545236102, -2.795747048051388, -2.511458276510636, -2.3349537957159376, -2.204012367254082, -1.954413707989137, -1.3653254949053029, -1.199365194506405, -1.0844129131815778, -0.7534830380356032, -0.41075609759328735, -0.4029407640312117, 0.0503223863986233, 0.3547767450627781, 0.35525473240367655, 0.54788282854048, 1.3143499774279768, 1.4991279873675079, 1.6598001027338691, 1.7858956460020567, 1.7866377584259359, 1.90725046937018, 1.9892972891066916, 2.065161027802255, 2.261456955246465, 2.274729358635423, 2.5971659726717533, 2.8224256673355765, 2.9143165113207763, 3.1531161535731282, 3.509023647845969, 3.93969256242208, 4.256082692814812, 4.310547947384147, 6.713752005504716, 6.989726654532251, 7.699898765094118, 8.931683469512203, 9.89114421145961]"
"10,50,5,50","[-14.150416573519944, -8.766840389630774, -7.180317256252989, -6.673580010938526, -6.6101860621410715, -6.299193052590031, -6.110915521199797, -6.03947705678866, -6.018501401003758, -5.808941752177783, -5.042011679179651, -4.570751445020628, -4.4569583158246155, -4.456086471995045, -4.428202882059321, -3.7881870232302095, -3.7408244480081696, -3.7156293267676546, -3.1365616808255794, -3.0611920733719136, -2.0746757973571706, -1.8538481157664481, -1.698720442516451, -1.0934543661488363, -1.0171743693974964, -0.8703752852702724, -0.6845809969325659, -0.5829292586434796, -0.22016605954705415, 0.576842850889062, 0.6574865297408632, 0.7176551203898601, 0.9035706882004084, 0.9302304653218609, 1.1736282841896246, 1.2778911114314346, 1.3035136915969807, 1.744963072783357, 1.8505513194379302, 1.9383827683023345, 1.958538404731864, 2.107748082937345, 2.683071903169715, 4.257576953781356, 4.273577736891816, 4.387456773675113, 5.063982602266485, 6.416937764754685, 6.574424240716077, 10.094426454930918]"
"10,50,10,5","[-15.21922183900664, -12.045505191383576, -11.414163939025533, -11.379537549991023, -10.826806675907847, -9.982891915853495, -9.701432791141244, -9.63090207333697, -8.847568742101734, -7.606687128267687, -7.5310079371671845, -7.416207912546397, -6.641050159954704, -6.546303887843799, -5.995659772545718, -5.4235834499106135, -5.293846845706325, -5.281344696467027, -5.189437519015502, -5.103529291038695, -4.775628701454413, -4.32783208304269, -4.02743983632836, -3.6589012136940746, -3.5629563585212667, -3.135078370560119, -3.107827905383248, -2.795388336293138, -2.757521690944945, -2.6682166392210616, -2.6365451525749073, -2.442302560349586, -2.422492831935657, -2.0709911188238186, -1.9892396734352795, -1.8687695545997882, -1.6206434359186979, -1.4052435171120368, -0.7959756614898466, -0.6096023894620579, -0.2066833931952421, -0.04150541905578142, 0.2828988362697563, 0.36703025147009827, 1.1355284368412333, 2.275707807828307, 2.6868841880422187, 3.0900950312187687, 4.62697093245063, 6.013165115891798]"
"10,50,10,10","[0.12771523764865034, 1.5882466201528374, 2.907163319032254, 3.468042393841414, 4.117168598995251, 4.455075324230356, 4.561167681884783, 4.995886377183447, 5.283908731253456, 5.322672828290638, 6.019860686033498, 6.040515268174775, 6.154858824922239, 6.313214233028214, 6.6045801661109875, 6.9676171619177065, 7.5143627358737, 7.619672146469002, 7.796422097750881, 8.079509255775896, 8.408643049542494, 8.588940414191299, 8.790059103498963, 8.975404781938039, 9.228512445961359, 9.459344463487476, 9.643392142402048, 10.015802338814018, 10.198836542750033, 10.637372730287575, 10.76697519379091, 10.78176616622465, 11.030963565725719, 11.437755883376372, 11.574879777956433, 11.584884539612512, 11.973411600106967, 12.479776217675818, 13.049159634404184, 13.06040893371739, 13.349653130143961, 14.271466689831549, 14.300616837482584, 15.237551500110389, 15.881482816559076, 15.99176363459189, 16.705504861505943, 18.668592661491473, 20.226693119751783, 25.979389392679494]"
"10,50,10,50","[-13.629433053676767, -8.36211418197794, -3.4814941299967943, -2.7079844304121856, -1.6188354281771344, -1.0006838105314504, -0.9340604669659389, -0.2362655302878136, 0.2254493349238187, 0.9046147149815587, 1.1336625218223608, 1.16551406098176, 1.2151486778330158, 1.8870869689504621, 2.3178608106960565, 2.426226881657864, 2.496935586731146, 2.5939362420870067, 2.7815108506269732, 3.047462390270594, 3.7929845820522914, 3.816353433491966, 4.040147723210723, 4.328326454050855, 4.515130645679948, 4.653557815050204, 4.761850109406403, 5.043905211217755, 5.167873932998671, 5.173529707697923, 5.32753149459823, 5.487768602245475, 5.66805917762604, 5.784879485350369, 6.059687018349148, 6.582551838043736, 6.8550261048975205, 6.91147623219136, 8.243876495291952, 8.60532385234727, 9.1371301489704, 9.309184322211928, 9.360812816233164, 9.6060552678728, 9.975944775244356, 10.445387391727417, 11.137336412728397, 14.130344314150932, 14.946041722985703, 15.643582992090938]"
"10,50,50,5","[-33.12715893341119, -27.1366711032979, -26.15505331517744, -25.380319181094006, -24.21378397819983, -24.075609522018414, -23.79215369911575, -23.0771512772096, -22.828211678653645, -22.608099072012354, -22.279931576690466, -22.26316183889713, -21.81177971469019, -21.69935964412722, -21.27006318453844, -20.94082597446903, -20.819152816947597, -20.78411756114278, -20.585919335015177, -20.552855929854104, -20.528354606454084, -20.51334940968775, -20.495504594085787, -20.475405853960165, -20.253837290254047, -20.235009190690178, -20.161553769678306, -19.424806930402067, -19.28036105421844, -19.16247167743888, -18.233260044175793, -18.08983520448831, -17.34668725666706, -16.99279764313959, -16.946282217490925, -16.515925424689517, -15.77556060383952, -15.15226768140386, -14.858834359843216, -14.69446472766381, -14.444615834260834, -13.724938894638342, -13.44630363135121, -13.04319256507736, -12.78667059272823, -12.56960787118608, -10.680820982528934, -9.48157679895553, -8.241977141179133, -2.1875157044285944]"
"10,50,50,10","[10.669203943923275, 11.515280962810078, 11.56659859978581, 11.842051743713498, 13.236853914613079, 13.293751874595277, 13.318663108017649, 13.81977911411103, 14.006725915947223, 14.375345467957892, 14.637256435849245, 14.703257482868574, 14.958653576185048, 15.689809269293645, 15.748625979465253, 15.78889979343721, 15.889659891708124, 16.21502050840082, 16.496391207314144, 16.53363542022948, 16.544816462545302, 16.683026424145183, 16.73521284063151, 16.843158396748983, 17.872136427812972, 17.979207807916428, 18.030431874388178, 18.184552887394332, 18.273870465401483, 18.471602556114007, 18.921536847676226, 19.149539146564145, 19.275471525496712, 19.283819428780717, 19.357504662351392, 20.03748894589691, 20.593818336688678, 20.730901722658967, 20.872204961390246, 21.14599700673329, 22.036401645961927, 22.581827880402027, 24.904431076202226, 25.49205528808425, 25.682712319859363, 25.69936481670286, 25.739575458674683, 25.88901413927823, 26.013427476101164, 26.586349594630423]"
"10,50,50,50","[-31.508891576846025, -27.16649093887387, -26.192668270247765, -25.032031163675697, -24.94037111185666, -24.725674183161985, -24.649419382477593, -23.8217433684797, -23.07200114995387, -22.969418354576646, -22.831150132649704, -22.668285491966596, -22.143238005141324, -21.96525791278785, -21.910304342774587, -21.884301547081016, -21.84210546989795, -21.362534147209214, -21.088696692310997, -21.08419162646497, -20.744769943301925, -20.582196345534918, -20.185478035333052, -19.8689868084321, -19.831768280098615, -19.557882465364237, -19.356842961573157, -19.297226615261547, -18.68139209963073, -18.675351211252913, -18.21857753867431, -18.196568124925548, -17.33768044070932, -17.276391861734954, -17.136284639328487, -16.777015206183314, -15.808101917815407, -15.699036882824812, -15.381850932104284, -15.372456485591517, -15.327699426500853, -15.14124362462394, -15.140374793467888, -14.831018771437412, -14.163216356326853, -13.610068184557614, -13.379099030116167, -13.13593285678595, -10.633588987401808, -9.11732828054668]"
"50,5,5,5","[-19.659903856746652, -17.363996617395607, -16.982800190115814, -13.775678767448534, -9.775948110913802, -9.626392516056837, -8.976448751442366, -8.908705634080091, -8.865592488829963, -8.751694826150452, -8.657357701558327, -7.274078950496168, -6.312638536260837, -5.108253065231525, -3.8483350287035782, -3.625619355755046, -3.6065504757946725, -3.0499446736272984, -3.007226044190495, -2.836245139780351, -2.825859009367817, -2.018767697671855, -1.9863114846357832, -1.4206600363913675, -1.3350497691428556, -0.2828958634180726, -0.19250275878919595, 0.35141917806665, 0.9082964431467702, 0.951266288167274, 2.6991537117432216, 3.083411546005577, 3.1144230376506217, 6.026669791854945, 6.260436240338828, 7.097006874190571, 7.6908326689682145, 8.277828482130563, 8.471361743055068, 8.86128584188931, 8.979235174898529, 11.721200127021913, 12.725609699714871, 13.131690879329012, 14.372826409984619, 14.996197569837474, 15.94654767161801, 19.88513202376586, 22.223867052311302, 23.861284347554594]"
"50,5,5,10","[-29.83112904972266, -18.06690398250644, -16.594221082107456, -16.446310880809694, -16.127192662099464, -13.190033120115714, -13.155345336965407, -12.958078447552296, -11.043998722260326, -10.823153399584585, -9.765116740831415, -8.365549912617338, -8.085804222948585, -8.04410226069864, -7.959478959548655, -7.936124410833652, -7.520064417977466, -7.109765508125854, -6.220896976538815, -5.698222898610268, -5.666906280822541, -5.656728891769255, -5.08674552912221, -4.777486924225363, -4.6622714647430055, -3.9820558246975595, -3.2159398768253586, -3.0984452203572252, -2.448261336009333, -2.2589216609907243, -1.4354861275246193, -1.180315205244027, -1.105925637521376, -0.3755871373279507, -0.0953345011048079, -0.07397534251728599, 0.0966679670483977, 0.43648999851498305, 0.8173151559836382, 1.1150275258347913, 1.8020994132923214, 2.971660815798116, 3.8393113393529146, 5.113462180326875, 7.790535083654866, 10.811230216920858, 11.020579349060448, 11.747529119649263, 17.329967120565, 18.381484240124635]"
"50,5,5,50","[-23.028484016122263, -19.931000234322617, -16.05175470112469, -13.977832159971095, -12.744833577461131, -12.533768936898396, -12.322371679524, -11.962425187148815, -11.620326884026325, -10.83244079141055, -9.383660714616548, -9.256817180229387, -8.963162941180544, -8.12867450161555, -7.236813651910219, -6.135821930821871, -6.022581295309981, -5.504597987492817, -5.342697532270186, -4.260788349661087, -3.4799304364264803, -3.4611307656183663, -2.3545326175812527, -2.254433085988272, -0.6754764488599607, -0.6627675669581969, -0.6174992657733419, -0.05359385765206659, 0.7543734272439209, 1.5178757122774849, 1.5814480772329422, 1.9387541191661497, 2.613454742828715, 3.802496039355277, 5.16490047157342, 6.700893169370274, 7.23402856944971, 7.258996104530176, 8.071196927028666, 8.936154882359403, 9.285227150472343, 9.341385077657288, 9.644805631961157, 10.968819850305879, 11.228175612170602, 11.242020623488287, 13.066961872618183, 13.561416487274201, 16.002599210349878, 18.38525628725447]"
"50,5,10,5","[-37.95279639577171, -30.77596055534468, -28.439229442615684, -26.798683171219093, -25.8505951233722, -25.766584992631838, -24.006202916407968, -23.209598989793687, -20.183418618329863, -19.09934048926313, -16.863075083405096, -16.71841715684859, -16.265557089426732, -15.942755657520935, -15.619967331774758, -15.382790407526418, -14.541236283022272, -14.454822053225737, -14.280142867283523, -13.712331349063923, -13.281272851811325, -13.18456266208796, -12.855894901840841, -12.490030416640504, -11.62603230151272, -11.06119675010829, -10.316619725591856, -9.774838586385131, -8.750149392573968, -8.699129612594085, -8.159852456171958, -7.425926809149372, -6.846973862526173, -6.3340127372663195, -5.483001312550926, -5.470256913989226, -4.7690725742976925, -4.524966836478931, -4.350086303395623, -4.102422044132893, -3.9173405783654345, -3.667591320028498, -2.124671100770402, -2.048919804301907, -0.05413489670068061, 0.9633891454939545, 1.5729718878911232, 3.1605751604971095, 4.391264517653042, 10.98771214620344]"
"50,5,10,10","[-5.1304323375564405, -4.63258210708358, -4.387126176320527, -3.8657694291386613, -2.0700310155840116, -0.6256865527229574, 0.4355275602708848, 0.5927220926992954, 0.9612134732562558, 1.040965308556613, 1.4891781046588943, 2.3894107347245725, 2.5058978933250127, 3.7383806317593065, 3.787364366239268, 5.036854885123244, 5.605755566391526, 6.431897198105226, 7.216529621945664, 7.323725782415327, 7.8522651167922195, 8.359566697426292, 9.116155817012835, 10.177662155485974, 10.203231103470255, 10.253836714098188, 10.25500617054751, 10.557651850241754, 11.364311055931122, 11.500852882432337, 12.513292100104902, 13.033535113536654, 13.050457200455277, 13.424470334712774, 14.502299254258244, 14.80441569741583, 15.635210744776547, 16.449908037314138, 17.21234108997854, 17.74485259099096, 18.074669790498163, 19.54530880374848, 19.66521576934647, 19.75477424855818, 21.043209431297598, 22.297517808863855, 22.426315018099686, 27.54351242543865, 31.78430578253156, 33.62622931443254]"
"50,5,10,50","[-24.00740001126633, -22.579133854168834, -18.01214562412086, -16.911522940769448, -16.40542702081669, -16.15717850910639, -14.078169372787572, -13.581090644627386, -11.433685957822954, -11.35269734100693, -11.348012057600144, -10.493047856177421, -10.19992601539179, -9.867954973434024, -8.745956170666835, -7.515744440345908, -7.300286868513957, -6.115105722557823, -5.614624791198988, -5.588676995678128, -5.562521500291492, -5.402582741343679, -5.262506474527684, -5.101933360637061, -4.210807570805932, -2.7423073568476117, -2.699902709272366, -2.0935589098678147, -1.9327264077012445, -1.0146576514263432, -0.9740773243843606, -0.22922210427676437, -0.22727062329558712, -0.05016565557019104, 0.0014732454024009023, 0.18440683368085142, 1.0332279707882717, 1.6264265637841917, 2.17603192675422, 2.5781159008076777, 2.837901269981648, 4.186491544611904, 5.006966567886826, 6.916201789142115, 8.78976443716164, 9.741346119086758, 9.91669559371387, 11.033500938922764, 12.047634257281143, 15.863344465050574]"
"50,5,50,5","[-53.85248355266839, -45.634705600009774, -37.87453102210657, -36.719473076849184, -36.64283304881169, -34.643461663073566, -34.434284543103686, -34.088092722008476, -33.922681206919826, -33.5230749784216, -32.43858253516949, -30.93128254604549, -30.57634020573812, -30.485951777374368, -29.986302989233774, -29.144225714886204, -27.451924133295435, -27.365463832525858, -25.057968921524132, -23.23670656584325, -22.102712575841796, -21.629861637875745, -21.424313772727604, -21.416257276775802, -21.170041263791358, -19.68665464555132, -19.57669676710787, -19.259350794776978, -18.752112467421206, -18.325275950387915, -17.901352098915766, -17.754470421976528, -16.65792905841764, -16.318834767345308, -15.866291474618919, -15.769048721446866, -14.834803900490883, -14.526473380499102, -13.047830610663734, -12.858648411507957, -10.598325012715517, -9.250392810515754, -9.12690518951625, -6.920506933493655, -5.069157846782881, -4.719436806345589, -4.004667629379753, -3.0091092465428746, 1.4140381235900432, 10.684854913589177]"
"50,5,50,10","[-2.0597727323284096, -1.3532368919946638, 0.7870166963690024, 1.244700949293506, 2.7923096591358085, 2.7962001982269653, 4.538850774816034, 6.2245110832011195, 6.28800095108464, 7.108967116769932, 8.117555078628303, 9.038753106956365, 9.543700622180367, 10.575580973918825, 10.76632705507777, 11.105628715265102, 11.444285967157898, 11.764684968572285, 12.643711510889913, 13.295320506310134, 13.985749567243007, 14.299501988145025, 15.02814838982748, 15.144196734553322, 15.223074750469058, 15.264595138506802, 15.611780781591074, 17.024728981306822, 17.061338458580813, 17.54640156835628, 18.438131598888546, 18.514911702121314, 18.683204927724095, 19.19583221338149, 19.45444574479332, 20.27177828412767, 20.43437332305292, 22.350588563311312, 25.04669406087227, 25.435397148761076, 27.22281674733599, 27.26073427559143, 27.376627047395843, 27.905239180025788, 30.17629381568012, 32.212860708317194, 33.75591683341939, 33.92918205524923, 34.11882843283313, 34.699725533916784]"
"50,5,50,50","[-16.525419458551344, -14.957578875821133, -13.29224512600146, -13.252289995485818, -12.58808331998207, -10.318237551770437, -9.453195530848177, -7.798966349242572, -7.334207064248879, -6.383934552662457, -6.240919361719304, -5.283702203614849, -5.02056365047893, -4.786608628382755, -4.203426151586456, -3.9096103756406824, -2.7053745159550253, -1.5274329848753594, -1.0598773318996346, -0.9335801050351207, -0.7102947245916127, -0.5626924927251933, -0.052322984883242496, 0.6468502526978743, 1.1366436444350958, 2.3761847467108304, 2.4641312484315128, 2.597798967966974, 2.5991571239153464, 2.8915216126829195, 3.2588350121018688, 4.303303857134164, 4.3890692398006745, 4.436573035296242, 4.733021051530754, 4.91481550939624, 5.318718944877425, 6.6953863925301835, 6.9404228221808255, 8.155491523493547, 8.247512733143505, 8.29351847183504, 9.708695181343913, 10.052427011174032, 11.911606658382205, 15.053612447064664, 15.542639252689927, 20.21252306456642, 23.71178056006353, 25.498777389375604]"
"50,10,5,5","[-46.260355473178734, -36.9961556721805, -34.60236770147169, -32.69575153703284, -32.60571673827439, -31.18601301867016, -30.492475739350134, -30.001225568493556, -29.983944990821442, -29.975959602586382, -29.344249187637004, -29.06907333042201, -28.64958847367281, -28.43919539910087, -28.04799889607013, -27.195310681150083, -26.216074417048926, -25.220397234575103, -24.916538546628463, -24.913374830251943, -24.76938309213931, -24.682953157099604, -24.3044257870055, -23.357085900223485, -23.29609012114553, -22.683317614550337, -21.629501669861803, -20.51283423906871, -20.46547879344793, -19.648386108345232, -19.39214329418301, -19.35208075162466, -18.687271922958544, -18.024076520318363, -17.383757340538704, -17.175729202087318, -16.761009312405974, -16.320384992732752, -15.318295292392378, -15.142193120353035, -12.633845270494394, -12.187708972120754, -11.593333480670353, -10.892890711124688, -10.275875535744563, -10.110681325811804, -9.792155976590799, -8.878784892214167, -8.627911815816027, -3.8233177567601]"
"50,10,5,10","[-20.391487369720778, -12.9881697067941, -12.743026254382233, -7.245610584220718, -5.6609776116702415, -4.262118950215171, -3.1650488189055883, -2.8071430666465713, -2.758549046731604, -0.6599019440347045, 0.09722943203460122, 0.9794553080895376, 1.3491161508291376, 1.6696042101610784, 1.9975171798556304, 2.2011615112972263, 2.3574145645630424, 2.707847680362004, 2.794150412947752, 3.2784048082564166, 3.344317379235647, 3.479267450615039, 3.5761712040695146, 3.6536787439296274, 4.129704024569299, 4.188545292802865, 4.5244181301312345, 6.16304355455783, 6.767629389272832, 7.202697151904122, 7.629284703494145, 8.921837106264373, 10.535564421456062, 11.055632293497894, 11.633541142819142, 12.430524268796397, 12.960184537321354, 13.299424678566773, 14.016491811439039, 14.403153093343812, 14.931731019920026, 15.486930078845269, 15.63338546381527, 16.082424340043346, 16.56658442980925, 17.568076496328793, 19.675247940801025, 21.353560126439127, 23.222660795140396, 23.311037489098346]"
"50,10,5,50","[-37.52096542939439, -37.42398138530006, -26.312645419342992, -25.337190047841563, -24.2202308768615, -21.086987647726747, -18.557960207091902, -18.10525197737314, -17.305452549167804, -16.299126433517934, -16.064040309816374, -15.995441919124342, -15.173979129822024, -14.646381673497107, -13.866093833692135, -13.774871539671944, -13.53369513564261, -12.910033415028565, -11.058672010413616, -10.415441514365268, -9.943304163782551, -9.848538936262175, -9.568244584594536, -9.459360865128007, -8.394023501578603, -8.35175940604996, -7.93570958738679, -7.7886922636351725, -5.394033309945904, -4.501858457438288, -3.4671790669626703, -3.3696217031356657, -2.929077010913622, -2.901640925704893, -2.7173592883492783, -2.208589652128591, -1.9313217185877933, -1.90259622499826, -1.0412640233835777, -0.6722969936315422, -0.5520756400878375, -0.4285923077493514, -0.13473138108265226, 1.186049895881835, 3.500311180409885, 4.681087064896564, 5.529839392171206, 6.098268758216864, 8.916679091617059, 10.659549169256072]"
"50,10,10,5","[-19.43889666293678, -11.64777406557816, -9.949773037340913, -7.986421981792766, -7.353661816716469, -6.558243468418317, -6.223742074831566, -4.649629737665566, -3.540609189657322, -3.489502926994034, -3.3517396670661603, -2.3306510431819283, -1.4164053860488324, -1.3742025714372663, -0.2832202983513632, 0.4064261843003907, 0.6549566914475176, 1.9056692943014788, 2.059459237811606, 2.7100402770121086, 3.0749794792927974, 3.3137636734153846, 3.4558804413350748, 4.204916873943508, 4.321805342121496, 5.57606978499936, 6.152506249616495, 6.338709227611152, 7.0656046323699835, 7.127293480957635, 7.142457946491982, 7.445649902783273, 7.7785337102902, 8.000311486684751, 8.439942441995106, 9.331034802311882, 9.78152720356819, 9.977154270429132, 10.70111511863633, 11.328428029593184, 11.966242984626163, 12.283616825742733, 12.377780157727482, 15.155820203057871, 16.365956843683698, 17.414338073609088, 17.72499552764336, 21.413376231852144, 23.043242972045963, 26.6857905316261]"
"50,10,10,10","[-23.48782057827756, -22.887792800650562, -19.366783418468692, -19.277283228250866, -17.43066245494186, -16.990470620628873, -15.881726303241267, -12.728844224705858, -12.63276349283866, -11.857878660917493, -11.392908135998445, -9.97634588705968, -9.796392527882768, -9.59322369149328, -9.466161665283511, -8.354994759308044, -7.259920140050715, -5.918698547754316, -5.013905911767738, -4.279928921924901, -4.056984962355512, -3.6906881970467214, -3.6246550224858636, -3.313604624869324, -3.167150032972323, -2.5598311940297798, -2.4416537250424524, -1.777828495617757, -1.7303965261619454, -0.6971997747455727, -0.426958686725186, -0.1980255395210011, 0.17861786822444436, 0.8563287859656762, 0.9239854229017306, 1.3838644405836662, 1.826727369674286, 3.3576652915352954, 3.4140221111236175, 3.939611403794581, 4.319043986281441, 4.387148476270505, 4.819422845066728, 4.855131675696837, 4.963032917008679, 6.182494272831626, 7.142788666749908, 7.479562173114901, 9.057231289674377, 17.845244811353314]"
"50,10,10,50","[-21.228546439553778, -19.904670492084033, -18.697455271971855, -15.489801676745358, -14.895187335577324, -13.750185448988898, -13.188581919804752, -9.633409109499679, -9.242786780601786, -8.705989087831469, -7.1008039371184815, -6.736264645013454, -5.441961416670216, -4.320251724357384, -3.6633784197354964, -3.5192651985798316, -3.3397757135083683, -3.078620467559877, -2.7104324592835023, -2.5975411282852434, -2.1240997588614303, -1.2053008336578674, 0.24284520022206624, 0.44357332268898464, 0.45201906858900864, 0.6330938050578971, 0.8231702596681172, 1.0050682809697111, 1.637706002830114, 1.7127691643998002, 2.1335220421326033, 2.2682270990824045, 2.537495752136755, 4.078446837248885, 4.584963963008352, 4.61220048477685, 6.346767586292696, 8.605609200058703, 8.620261899379512, 8.954215724224802, 9.517134851854568, 10.418475770269419, 11.159020767657616, 11.661480473577996, 11.662985905614104, 12.10043385209426, 13.730226930243703, 13.802201274632509, 16.37169044546389, 17.5866977400702]"
"50,10,50,5","[-70.24437355203948, -69.79746182973604, -62.82627654925881, -60.637069034019504, -60.2458994557033, -59.44885594789111, -59.0445496127423, -58.98200321551475, -58.92979439894739, -57.73266871852493, -57.243821111234666, -57.19180330159632, -57.16142522862708, -56.47502440634668, -56.282024223697746, -55.75090731062249, -55.446416024345375, -54.71845519006378, -53.758632673602484, -53.365113815944106, -52.91159690983902, -52.165929705010015, -51.341407749401135, -50.98055108930953, -50.688779773947964, -50.46566232738304, -49.442216740969194, -48.638303368729694, -48.59951129937001, -47.86229930796011, -47.686198001632775, -47.49450276274749, -46.2977091494657, -46.06810301804724, -46.05798293790795, -45.08961254124311, -44.49879449812209, -43.579732107685246, -42.60581785567882, -42.17550528430806, -41.60371466502051, -40.87973724849403, -39.6399010090862, -38.564565872836525, -38.091564334000495, -37.905023097688954, -35.23143728507737, -31.68599341779949, -23.114444434935816, -22.86952906234368]"
"50,10,50,10","[16.047162625183223, 20.242827484373002, 22.02158596966606, 23.81234616542065, 23.81532008483284, 23.956135268000562, 24.144533657163574, 24.624725240261782, 26.48852643350215, 26.65229516680838, 27.225749186309894, 29.16488702323007, 29.713990712866508, 29.717761041403648, 31.371516149613452, 31.484527693073822, 31.52684482172441, 34.061516948896276, 34.210523950771105, 36.29043898231943, 37.79607958074767, 37.93606944266095, 38.44211846895048, 38.62734457268502, 39.18755340616031, 39.952013587116326, 41.03214285297334, 41.270335981833185, 41.75815968406474, 42.43542662499491, 42.858021066504804, 42.88972649222728, 42.971443772352636, 42.978460086540416, 44.772384453703154, 45.22412173387233, 46.06911001632336, 46.79673405826233, 46.87557539448489, 48.14975301529866, 48.92849588405244, 49.87935320148957, 49.96375205762913, 50.476208816077914, 51.920499730168004, 56.88217068005995, 58.38082121997784, 58.73041898099905, 59.64904384900288, 60.612852137011316]"
"50,10,50,50","[16.702692286000424, 22.86515455987909, 23.956933349941117, 24.187440946442223, 24.962096320350696, 25.275196802296946, 26.089968314118828, 26.097923929117496, 29.17280368611603, 29.508253958956065, 30.33190650350452, 30.416010100295757, 30.65215129097359, 31.766594853268696, 32.05267185400565, 32.18978498645038, 32.578691136313694, 33.87915017313245, 34.153012218523386, 34.76262603357386, 35.33520456181322, 35.3381025538321, 36.115220337036824, 37.8490747457398, 38.2737882202501, 39.27669638361423, 39.777304905842364, 39.92726329380709, 41.192540074911065, 41.377333403014134, 41.65173750382935, 42.914484370163485, 43.31419538413269, 44.065460366058204, 44.30340433489457, 45.3424829484957, 46.07034855421431, 47.218260982740986, 49.20978450750589, 50.833197866051584, 51.68235137743226, 53.030675364093746, 53.65806443913939, 53.965348958644256, 54.324148210581995, 55.066647281788484, 57.5135041120257, 57.987886983647144, 62.81511911738305, 63.28511744166227]"
"50,50,5,5","[-20.061347676092865, -18.531215330970788, -16.53475992437717, -15.517142000145622, -12.813572189045127, -10.44071905007003, -10.032999053362193, -9.976626489503895, -8.572518941114403, -8.246353626561975, -8.188984443157334, -7.608592934947357, -7.294118283532056, -7.081187201312059, -5.843019798193476, -4.873113218782074, -3.9336167590985816, -2.9197045696905044, -2.611872893471596, -2.4532378492267295, -2.378524356960197, -2.081071560885209, -2.060684124423421, -0.5590522389976009, 0.0001300830862520641, 0.19432710565649747, 0.2667468455746529, 1.1294730205393444, 1.2250756391094264, 1.6144296469997714, 2.5636507457700812, 3.005267289486211, 3.1032617614952103, 3.347584972530356, 4.344578677228579, 5.294676396798916, 5.721878477794784, 5.928719218195376, 6.044306456279393, 6.128554902529044, 7.463873902886391, 7.742435553336771, 7.920343539064726, 8.158067287297722, 9.345607821757177, 10.953869994136857, 13.304689013439676, 13.93343185642522, 15.476177504869554, 18.92142497484918]"
"50,50,5,10","[-13.72725370640589, -7.743173752903863, -3.790548318327544, -2.010002671617692, -1.5935061226788478, -0.7330516916735434, -0.6247654716971391, -0.37726242957666933, -0.12144738184938397, 0.17106664527906457, 0.18861637256221098, 0.26960715522236534, 3.0763213471695714, 4.114051183388948, 4.172796618255141, 4.869846985184724, 5.617060569882936, 5.8922040644305085, 6.7784618021776595, 8.354867726592895, 8.406187420720135, 8.723322502613929, 8.743204644801853, 10.851316817127472, 10.970546967869943, 10.996134072765578, 11.699037860815366, 11.799132864159128, 11.904071421446252, 12.446469532548193, 12.544438256509531, 12.550523942904313, 12.588777670119994, 13.271162718810478, 13.307734158884443, 14.755961205126003, 17.474938807507797, 17.62594249939128, 18.27804159400942, 18.594220765225785, 19.272933746080216, 19.6471037300604, 22.192409497857764, 22.750153625017234, 24.925228809393683, 26.223647919801884, 28.099122891427974, 28.776348705001922, 31.714601205109044, 43.28611418897389]"
"50,50,5,50","[-32.833055757564885, -23.185579265652883, -21.65781489022752, -19.652236363703015, -16.26197950204353, -10.819773131198104, -10.121392865604601, -9.873820235345653, -8.926595279920315, -8.527619395932415, -8.183501816541366, -8.063961453099019, -8.038119883199741, -6.878694192865951, -6.7222889690561844, -6.2686151081219705, -6.226851833766995, -4.812126454252724, -4.141469569109029, -3.8364614175705354, -3.069120952972249, -3.060394809529435, -1.9433404199978206, -1.6154825665346078, -1.5531227224898148, -1.3671897016755032, -1.0258625457713748, -0.8687784419407274, 0.8821600849650149, 1.2328376481203163, 1.3733590264807756, 2.8942149881060817, 3.184151572126617, 5.123438365239498, 5.827390539396017, 5.838751459079334, 7.7513560996984445, 7.845274053961783, 8.057858137079876, 8.580564571469939, 8.757922950868103, 9.02500987989932, 9.361735968582037, 10.216046096660701, 10.914732638412334, 13.436348730380804, 14.355639086434293, 15.272070847608521, 16.31181431366794, 18.674349912517517]"
"50,50,10,5","[-21.426350968439163, -17.662163443205877, -12.193078226699322, -11.01614315452198, -10.7976895055663, -6.056846345328484, -2.7022296260141605, -2.126884409911061, -1.8159511369093342, -1.4447785646986926, 0.09007971260587233, 1.0937063621485326, 1.4192333624280198, 2.4092651272536134, 2.699446710364592, 3.1631103526661244, 3.252548357347592, 3.6673347068203177, 3.853628561767399, 3.9547780486519732, 5.100476666777088, 5.483744392448132, 6.020944319230689, 6.3649516000224615, 7.319150302037887, 7.49540862605712, 8.021228893676328, 8.41586186809375, 8.692022777044746, 8.823626876954583, 8.926340352355687, 9.156577486907164, 9.525272387261055, 10.889373201296058, 11.305041962673547, 11.844314349941522, 14.165418454528885, 14.73759154495472, 14.880165594728394, 15.344395989350982, 15.747609775321756, 17.911140523734055, 19.354711870964607, 20.995861710874095, 21.09402562592615, 21.78952590275992, 25.20324816602784, 26.237514954510726, 27.916684984346592, 28.089621008312093]"
"50,50,10,10","[-25.25157133396095, -23.48425006095273, -19.349549178005955, -18.186939015860993, -14.446111924298, -14.045660347958451, -13.549063495442084, -13.249888947999377, -12.173408427349555, -12.094761630204015, -12.048690713326932, -11.42844641419806, -8.89336123551782, -8.885076812307336, -8.126034641922889, -8.074129097221787, -7.962727841557408, -7.642135725288159, -7.398007679604381, -5.977523603987162, -5.666283354159987, -4.883182727953825, -4.780535443378835, -4.7587137213055986, -4.3643378101553445, -2.968124952438542, -2.5602744086600646, -1.458560239319222, -0.7054538556818881, -0.5886226288696159, -0.4831289255146415, -0.46719165771852156, -0.32212443607649677, 1.3699256485974673, 1.983764007249486, 2.017364694879606, 2.15089516483524, 2.285749354126221, 2.984417841345648, 3.197541422747538, 4.082378887558397, 6.251196065590602, 7.652204279999312, 7.740104474074424, 8.54686175228215, 8.707266928928439, 12.75986301307437, 14.43163126072654, 16.543499928923243, 17.408193503599236]"
"50,50,10,50","[-37.19145273375713, -29.209358780224413, -27.264618614859792, -25.61220039155137, -25.03708315939823, -23.95227796044834, -23.43892035652863, -22.682706888739254, -22.393138076340655, -21.572916325630604, -21.504743852924292, -19.978759571660532, -19.50498498386483, -19.339301728297812, -18.874672576627518, -18.64405540714943, -17.956818061694534, -17.920607039194334, -15.105260628389503, -15.049989051680946, -14.588308633075714, -14.236040367466302, -14.094493039187247, -13.767473702219768, -13.160561108460495, -12.290046764021112, -12.080897860681736, -12.067356887359576, -11.896106084268514, -10.348851300178323, -10.258969045848078, -9.904457309415493, -9.033577719425828, -8.986732927803974, -7.662745285894516, -7.6037714866138, -7.375056228604107, -7.0670363465705, -7.0130350023628925, -6.760337115351957, -6.576261387874669, -5.714240835000927, -4.514223612872721, -4.202544731306169, -4.14750130653511, 0.5574082568317067, 4.639078158775644, 5.867499082529945, 9.955709786380465, 10.226104889686905]"
"50,50,50,5","[-18.2032978737008, -16.286117486827727, -13.977380023543384, -11.504649231891483, -11.287546916875389, -10.648826457425077, -6.988781827211389, -6.974345107932721, -6.470637619869859, -3.880458984113334, -3.6535339836102465, -2.8116245060671643, -2.746282854370979, -1.925448286135433, -1.5410495352256621, -0.7272667717548127, -0.6730001250822113, 0.27577409118168195, 0.7290774337606356, 0.8550773285097737, 0.9718751010301094, 1.969369306983758, 2.7371973475118967, 3.7199060794367518, 4.101593369668369, 4.47204639031707, 4.485031525009636, 4.692899284119324, 6.254747691917454, 6.56907396963418, 6.928593503005196, 9.096810694715147, 9.425789815142325, 9.5540190847907, 10.01386482621535, 10.227816679478504, 10.42543776799711, 11.017607594901015, 11.148689432918335, 11.500560879352879, 12.290659379850778, 12.631175505734065, 13.866474767965846, 14.100274153480186, 15.1697571094824, 15.818397246524885, 16.853840805769313, 16.884162680897884, 18.898122106516823, 20.925719035253262]"
"50,50,50,10","[-16.296156945860364, -15.9849010683974, -12.926388259193217, -11.170000453087894, -8.436975372329016, -7.823667742545586, -6.694916371167874, -6.559737109733614, -1.712730272105993, -1.0452431599306384, -0.24315035086373582, -0.022105849431632407, 0.013909549782062047, 0.029267790498043622, 1.0770733913427186, 1.7331416150733734, 1.9808693803118995, 2.2996508608770814, 2.803778587891072, 2.9076557916215315, 3.087459351741448, 4.36124955179595, 4.838163862443841, 5.775055634591909, 6.2832787896935045, 7.266187614495464, 8.236392097007315, 8.505168792322575, 9.268646983638762, 9.691172029459157, 9.816021392638635, 10.773866555150768, 11.065522939482088, 11.14034229464244, 11.69602495598685, 12.069231888950668, 12.216275132062762, 12.358378542579942, 13.31078748860018, 14.893703503029162, 15.235255083417597, 16.021219475009342, 20.498300506004313, 21.64882163015449, 22.215788944559478, 22.346142782310572, 22.62303325614673, 25.470161145037245, 31.204561194656133, 33.02348609734653]"
"50,50,50,50","[44.50846876868931, 69.30903204542936, 69.70849894911882, 70.47624421269532, 71.50406847627168, 71.56522929788653, 75.38120177335725, 75.47478867669969, 78.90926564430139, 80.51866237077785, 81.00201679136819, 81.61062512650889, 82.36949631626672, 82.71686491499439, 83.41017105431206, 83.74990653311171, 83.98819709518025, 84.3303085061826, 84.87332314415119, 84.94632431616134, 87.25590001632261, 87.34149279810806, 87.53527198869295, 88.07942649782055, 88.10893033651449, 88.18292478990224, 88.23855886591886, 88.3915511830897, 88.5012332645161, 88.88421623579264, 89.51193732275709, 89.51700730225416, 89.75202387013185, 90.20234828261415, 90.35320781604507, 90.4831149876888, 92.17592171037563, 92.46493017077368, 93.02665955891051, 93.45299507713241, 93.52736282199511, 93.58249786208589, 93.75610250989556, 93.89224067205168, 96.57789803173635, 96.62942692777924, 97.15904952114573, 99.89120731243322, 106.85191341370697, 107.13764543031074]"
