Key,Iteration,Min,Max,Average,Std. Dev.
"k=100, n=20",0,307203468537545.44,8.770465355905661e+19,2.6689124324633503e+18,8.21357518292602e+18
"k=100, n=20",1,73934986329312.0,8.884101322322625e+19,1.1113238725323628e+18,5.662536246627885e+18
"k=100, n=20",2,44688111973912.79,1.5245334445958404e+19,3.013608918359468e+17,1.2114275823809106e+18
"k=100, n=20",3,10963687438130.809,4.3630809913902566e+18,1.0127649156410406e+17,3.5583220081225626e+17
"k=100, n=20",4,999360835047.6106,1.2480007456301852e+18,4.139899835510127e+16,1.2550151715468573e+17
"k=100, n=20",5,57063367167.227005,5.438508210678097e+17,2.4414132379114944e+16,6.191288882671241e+16
"k=100, n=20",6,297537115459.68365,4.991235825936269e+17,1.0248987270437268e+16,3.807731659386203e+16
"k=100, n=20",7,829695351051.2269,1.669212295537904e+17,4358612686068975.0,1.60536278366643e+16
"k=100, n=20",8,67423505783.793915,1.0454110793612669e+17,2034157536347183.8,7918889669322423.0
"k=100, n=20",9,121767407443.14798,2.019640757486616e+16,724345441564841.1,2251132236429939.0
"k=100, n=20",10,128265230377.02945,2.307614295269699e+16,537790597608059.5,2041747540398862.2
"k=100, n=20",11,71969806588.59145,7568116228398392.0,228031879952260.75,760071997444039.6
"k=100, n=20",12,7026368980.532468,3288981387373322.5,107704124145721.73,319789680908013.5
"k=100, n=20",13,3644440846.3597484,3577640190026944.0,69932013911972.53,285689448639977.0
"k=100, n=20",14,388134749.6355654,783829421068323.1,27096184935211.285,85033536967180.3
"k=100, n=20",15,406310617.22103715,432496730244805.7,14093462040150.709,46466903313959.984
"k=100, n=20",16,41626147.74810842,367577705468391.4,6101856091096.476,30153492265149.434
"k=100, n=20",17,1107085432.9592688,193704298881674.78,3418302774543.4116,14932364377742.49
"k=100, n=20",18,21194962.924390923,175897787665893.88,2510630573955.6016,13298761455593.223
"k=100, n=20",19,24845106.194741942,39567301512282.87,893226515344.3451,3270030730498.4966
"k=100, n=20",20,17219120.445193075,10559310062577.328,286172955561.874,813521536173.0386
"k=100, n=20",21,4935829.539115546,7703452219757.661,140369554250.0616,543209995943.04865
"k=100, n=20",22,4950049.332042589,8138260241019.374,97583904386.74193,596228643486.6061
"k=100, n=20",23,3067096.436191917,833115342174.8611,30848332723.12175,100610249954.9386
"k=100, n=20",24,8021477.919615772,197432926302.22116,9989383493.857805,24127877278.21521
"k=100, n=20",25,905117.3611877736,859438441753.064,9757890587.168785,53744739919.17371
"k=100, n=20",26,470055.4527146613,717027980042.6764,6783446984.558962,45063621728.84562
"k=100, n=20",27,826005.2810962239,50755987035.17836,1771829098.0102513,5124753132.5135145
"k=100, n=20",28,199886.99897452752,100808758056.97821,977557753.8706461,6173641299.193693
"k=100, n=20",29,63589.21185812901,13789462416.19989,348832081.33838916,1151149006.8828888
"k=100, n=20",30,415607.1048834571,90187640649.56804,1027684232.2205477,6253083077.053104
"k=100, n=20",31,88450.90897198764,8365764847.24739,185874950.5366848,666260992.6651677
"k=100, n=20",32,74270.4086486111,8367415684.437589,101063553.23311852,520849535.01517576
"k=100, n=20",33,105037.56069096367,1112487666.3949358,45448845.69403456,119807077.83464289
"k=100, n=20",34,26366.657566005033,2165076814.6775455,29906527.575370997,145103946.7392476
"k=100, n=20",35,29470.553096696083,588586978.8545135,12555067.263963012,41274901.40403761
"k=100, n=20",36,15667.851167618544,330244080.6928145,8430031.509214252,31848980.584947404
"k=100, n=20",37,10259.450351824567,178995537.95619228,3147971.0073757027,11867321.111508716
"k=100, n=20",38,11745.916292532018,41929108.65928367,1861918.3160697285,4784569.750708374
"k=100, n=20",39,11390.039048785167,8736097.25954021,747527.2993069524,1381138.7371625814
"k=100, n=20",40,5657.688516878624,35154986.28124915,676673.6108516194,3034946.6151017617
"k=100, n=20",41,5225.452633942874,14808030.286950435,315034.2322040819,1037926.6772380837
"k=100, n=20",42,5057.028480163493,3549786.679990409,155677.55892495855,312243.35615623806
"k=100, n=20",43,5316.355277353334,2291132.5143476357,116393.01505403039,215858.6670367795
"k=100, n=20",44,3662.1733756803974,2345317.690787656,75066.68446385354,165470.65288330225
"k=100, n=20",45,5446.167329428224,1872090.6590707083,51833.292013015074,130092.61676399145
"k=100, n=20",46,3339.0725984986475,287415.1589399106,31975.424504332554,37562.79588679648
"k=100, n=20",47,3193.316955986629,547166.0769565998,26444.306546077954,43327.619971417436
"k=100, n=20",48,3281.883503152159,436972.11214074685,22851.658732517517,38732.48719644194
"k=100, n=20",49,3424.5462340061745,134536.05595770842,15691.645247572065,14127.2880146302
"k=100, n=20",50,2653.296045514216,331539.3806998282,15327.098972065607,25502.3066015701
"k=100, n=20",51,3782.744103550796,43612.175827660176,10416.283741538324,5991.3806051786405
"k=100, n=20",52,3586.2484383452443,103379.8240306125,10514.453299706496,10316.788145118117
"k=100, n=20",53,2962.661605788007,103783.66611778055,9618.726523627296,8711.063922366278
"k=100, n=20",54,2819.66713217493,40018.088866333455,7829.773123605515,4857.944293111214
"k=100, n=20",55,2651.2955117437805,31818.211379179043,7172.476916324868,3913.084587628196
"k=100, n=20",56,3012.551229573579,35458.56672476486,6733.991015984007,3856.184508719241
"k=100, n=20",57,2876.8968447025604,20041.323541783022,5929.725284642335,2505.6128305630855
"k=100, n=20",58,2471.3279039989684,27967.687198704334,5960.166672434887,3059.2439493509055
"k=100, n=20",59,2749.7797689157937,45175.496954582486,5546.647585657489,3297.6549468508947
"k=100, n=20",60,2688.569522417248,28473.621499085213,5357.833147894857,2329.056949636727
"k=100, n=20",61,2602.9784909334576,20966.248641666487,5180.475270230545,2305.341860174051
"k=100, n=20",62,2704.915691714239,14202.749145264552,4947.851674130379,1769.4088951349515
"k=100, n=20",63,2451.3358541556318,15226.298986737775,4887.352881442941,1750.2161670156959
"k=100, n=20",64,2443.598734852848,15067.615763071226,4825.969891837728,1907.396014183735
"k=100, n=20",65,2233.0265070655632,13802.03823751899,4783.309605595198,1803.5814586872195
"k=100, n=20",66,2322.9778487458375,18848.198050602547,4769.223043770838,2249.264788836345
"k=100, n=20",67,2378.615811455269,11295.203564596326,4283.84588347174,1539.942823214313
"k=100, n=20",68,2178.1255038801864,12609.785392530357,4227.221183697417,1469.6062036293574
"k=100, n=20",69,2366.1183296673794,13065.885081272261,4120.216257334964,1439.8162799942013
"k=100, n=20",70,2291.5107968973525,8659.93041726824,3842.2000105742677,1094.951027377025
"k=100, n=20",71,2268.0260106223946,16860.689439829053,4047.3091152571515,1555.1011159005689
"k=100, n=20",72,2369.4175374263946,37444.505232122065,4091.2050961394125,2385.501901871972
"k=100, n=20",73,2021.6697720472237,13272.61050566258,3980.81803183126,1469.803964409471
"k=100, n=20",74,2024.8731731496916,13022.687594197816,3763.672759544636,1312.7551290214844
"k=100, n=20",75,2033.2870182964657,14162.823025829359,3791.0883615750245,1434.15888571074
"k=100, n=20",76,1987.9015171742333,19088.49973189079,3898.499512689677,1676.1026950210496
"k=100, n=20",77,2099.616961616101,13948.603198911891,3706.7572733540833,1311.5561879926504
"k=100, n=20",78,2277.0579310144312,15445.783039650212,3671.0987592548845,1243.7369620584639
"k=100, n=20",79,2148.3518295528597,9599.53426117382,3650.233499576641,1179.5037718606443
"k=100, n=20",80,2139.570059841419,8943.691232338808,3535.5313639639776,986.4094522523035
"k=100, n=20",81,2014.569639455146,9577.98979386267,3621.732948764996,1204.102064153019
"k=100, n=20",82,2128.1435239678717,15565.125230204883,3646.109318875891,1449.195219127439
"k=100, n=20",83,2071.269477760943,10743.9934418578,3605.1346059742673,1312.738493113768
"k=100, n=20",84,2087.630063890066,11491.195509153196,3510.362036432399,1106.644174462807
"k=100, n=20",85,2099.3574066721185,9897.744616266677,3448.8924821753317,1072.3435406089548
"k=100, n=20",86,1932.73513081566,8824.636530415453,3459.7968856831367,1118.8604885912894
"k=100, n=20",87,1898.8118516831416,9989.609423168287,3426.6029272249225,1205.6828880855371
"k=100, n=20",88,1862.2467069333468,17605.67434542102,3479.7658440625482,1381.3946412862135
"k=100, n=20",89,1998.011712301769,10068.190049332388,3398.7722095626764,1099.6210078560032
"k=100, n=20",90,1849.3496958709104,11238.738288224677,3349.067871023938,1258.7012933839883
"k=100, n=20",91,2004.2270449983603,12870.500153789213,3231.9472505665453,1124.362178008097
"k=100, n=20",92,1986.207151387456,15053.170800676276,3254.218158789509,1213.8095840014091
"k=100, n=20",93,1825.983942688431,8924.68382667168,3226.154591388692,1118.8023145043474
"k=100, n=20",94,1854.86553251006,8921.079143885507,3211.6270350440864,1153.5150977009487
"k=100, n=20",95,1837.1668002655972,8932.169403008345,3058.536491568167,1011.8446951398661
"k=100, n=20",96,1884.1498615360367,10309.771870622415,3139.577537483685,1065.6917389162559
"k=100, n=20",97,1784.620946812242,16682.79014634164,3115.6972512888133,1301.7029361774958
"k=100, n=20",98,1767.6012330942194,18989.224990038292,3203.2435299431454,1753.8624572064925
"k=100, n=20",99,1768.686968968745,8092.717072325352,3127.0493615477912,1075.9680962211296
"k=100, n=20",100,1841.4578292100368,8420.083173283776,3029.284971307196,965.7613389113479
"k=100, n=20",101,1756.2808350550315,7347.581028630451,2966.2857516388253,919.3250681124107
"k=100, n=20",102,1714.36576727505,8517.958776777998,2919.4473708332434,876.1125096723077
"k=100, n=20",103,1690.574566941713,8619.084110801154,2952.034486711518,998.4093549474272
"k=100, n=20",104,1686.805122347652,9291.388940911515,2848.0010645029033,985.2350579489897
"k=100, n=20",105,1707.7815595066409,10479.857137929162,2770.967077202036,896.9390103124725
"k=100, n=20",106,1786.5212157582132,12013.362830913951,2859.245901062956,1107.0199664792783
"k=100, n=20",107,1719.156172786729,8340.114124715168,2792.982138264626,939.4077085992817
"k=100, n=20",108,1669.6201408156542,6847.122832755184,2731.746014253007,762.3204876286148
"k=100, n=20",109,1582.3884062451768,11398.056749176403,2794.8339876130963,1018.961409441748
"k=100, n=20",110,1637.8367767641446,8899.110474654028,2773.8866467123944,913.2449335861345
"k=100, n=20",111,1714.018721275235,7267.664150915615,2677.4420521304437,782.5592501483115
"k=100, n=20",112,1538.3795823628743,8996.26430475521,2696.0949910967747,852.3763149620636
"k=100, n=20",113,1563.1878908721656,6655.347532213643,2740.9089436732706,876.295393495453
"k=100, n=20",114,1602.1440429468744,8508.660287914181,2613.526948307289,803.2609855612367
"k=100, n=20",115,1595.544959415855,7917.1052867251665,2648.6993335574075,820.8190814256043
"k=100, n=20",116,1685.422069802437,10078.4719651929,2709.068383733599,931.0159775957349
"k=100, n=20",117,1465.274000853879,14002.061338631276,2811.703935644518,1297.6424828677702
"k=100, n=20",118,1632.9941310078902,6408.70141096212,2589.9690893046472,719.1116182589818
"k=100, n=20",119,1529.4863890111062,9069.05320736896,2573.9075008046334,911.2687483179362
"k=100, n=20",120,1522.2763829026994,9533.629096845894,2611.9639554928754,956.641178619074
"k=100, n=20",121,1550.5793444243582,7595.121059810171,2568.0829138749937,809.0911935632851
"k=100, n=20",122,1574.030758131282,9416.539858480832,2503.6969812377993,879.7743195767852
"k=100, n=20",123,1506.3817779827605,6020.8872916892615,2508.3416102849624,712.8774081693401
"k=100, n=20",124,1527.8292659071171,6373.262520236612,2534.7930501168503,792.7156658158254
"k=100, n=20",125,1542.595165301677,6700.3798894176725,2569.445454425828,863.9309744104138
"k=100, n=20",126,1430.2501338416062,6298.177421457569,2522.5781957814943,781.2347557385443
"k=100, n=20",127,1417.0270201767464,6527.861621939634,2516.892620661076,771.2466427364474
"k=100, n=20",128,1417.0270201767464,7273.080038321664,2518.719452040295,832.0223474578958
"k=100, n=20",129,1450.9567797812913,8548.044658052198,2555.819981275457,863.0844374027797
"k=100, n=20",130,1416.3070178805021,7691.052372493242,2487.7076976085136,852.9545209354565
"k=100, n=20",131,1413.4602598517583,10802.13883813837,2537.6987284134443,1055.3326543964597
"k=100, n=20",132,1426.656954874762,8356.733089503638,2556.0868444125153,954.6304825294985
"k=100, n=20",133,1421.8627591141815,8894.98010957486,2628.5759526407064,1142.2035694855745
"k=100, n=20",134,1483.1053318189192,6732.995248218723,2508.111764389385,835.8850231266696
"k=100, n=20",135,1359.2752619353955,21934.799953546586,2498.247958331751,1407.201295871705
"k=100, n=20",136,1356.2653019720808,8400.429673207178,2443.896303665072,915.5261784384909
"k=100, n=20",137,1484.7953830662311,7429.554539094691,2423.638087823196,775.7882301272431
"k=100, n=20",138,1306.3670483159233,7897.493657701356,2507.5938707247406,948.7839777430767
"k=100, n=20",139,1435.4672582878416,12340.715311583379,2459.1545629367265,1077.6407889296852
"k=100, n=20",140,1242.5379426496047,10215.722117862364,2330.764112446563,874.2558911233394
"k=100, n=20",141,1342.9934321433166,5925.138560810882,2283.26136893091,686.0465515915712
"k=100, n=20",142,1356.870691893555,8349.775736791373,2332.592423888003,856.7781438089961
"k=100, n=20",143,1223.7153481115727,6144.8533193367775,2286.2648885266876,752.6669063757583
"k=100, n=20",144,1316.4038918642564,7329.578596691683,2252.563772011243,848.2096165224817
"k=100, n=20",145,1257.5501310934249,11791.290924247638,2250.755956711837,955.6699408106019
"k=100, n=20",146,1297.3902181685808,5444.027771190887,2171.8495214543505,667.5623612986872
"k=100, n=20",147,1314.6909123068738,5736.052568883104,2159.632086515744,698.3870239068325
"k=100, n=20",148,1326.9420698701874,15132.697908903723,2182.084568220899,993.8207645689184
"k=100, n=20",149,1298.2695963894105,4872.894137150177,2144.171676687716,689.8087877636237
"k=100, n=20",150,1282.8815576153345,9498.875268332173,2134.039050854622,972.152683696876
"k=100, n=20",151,1197.2206268552043,8106.168340015075,2131.5698715604663,829.9663174323023
"k=100, n=20",152,1243.8515850872132,7265.177980502854,2055.179171121587,768.4319047350141
"k=100, n=20",153,1203.4653877361818,5611.685464409119,2022.0938436949855,639.9383572961787
"k=100, n=20",154,1181.7156878889111,7017.421785059353,2049.916586351258,711.5657092031564
"k=100, n=20",155,1234.6289255960653,7804.08597952497,2070.0638569727143,741.1448276762675
"k=100, n=20",156,1194.5000329164927,5873.784325467159,2047.3501245385164,708.9877127257254
"k=100, n=20",157,1224.654305973636,6827.770822135692,2020.5053121955693,781.1883667113078
"k=100, n=20",158,1144.4700100194418,7406.781135287794,2110.1044927232597,854.5264791604867
"k=100, n=20",159,1218.7630992521736,8346.557516666571,2049.3472241440177,828.6139946036627
"k=100, n=20",160,1175.6790865266069,5045.181785448915,2035.108771097424,664.4362338572846
"k=100, n=20",161,1238.7877385440936,6596.565536413907,2049.5291283407782,734.961137055038
"k=100, n=20",162,1136.8734607007098,13269.087941611522,2085.8858475992506,1057.4424989024437
"k=100, n=20",163,1111.8169623194622,7471.206967179932,1953.4459986957543,752.5674717975402
"k=100, n=20",164,1153.1754204449699,7962.585194112776,1971.5262361712964,743.7086609935228
"k=100, n=20",165,1172.7952725633575,20928.522683727773,2061.4163973656196,1318.5737555130108
"k=100, n=20",166,1149.6487625053473,8162.299925081709,1990.9737325810102,784.0926119123467
"k=100, n=20",167,1192.4751898324537,6771.610782776696,2019.3345290733262,790.9082655314239
"k=100, n=20",168,1193.0248546409405,8093.584288660295,2052.773491025573,838.0341639385753
"k=100, n=20",169,1132.0270231652294,6925.847055384748,2020.1046043071672,757.5663688940846
"k=100, n=20",170,1169.9479727059802,6270.134116621636,1973.1742381351457,748.22514270581
"k=100, n=20",171,1071.252782425683,7898.613122863642,1924.3247661198047,775.974650214124
"k=100, n=20",172,1069.6622955122718,7099.084287868877,1864.0285131787819,669.1881807802306
"k=100, n=20",173,1109.220784467095,5090.237062326244,1867.2260217843088,632.4954680293301
"k=100, n=20",174,1069.5854725163827,7711.362490669654,1925.4229230113056,794.2567814387462
"k=100, n=20",175,1069.5159231380087,10502.303679836425,1900.6110110190216,851.029021783128
"k=100, n=20",176,1100.5839403182758,6507.090854740566,1931.6493692934482,791.5097486736133
"k=100, n=20",177,1043.4222859459276,8181.2451526447685,1849.9383800938128,755.0797753140737
"k=100, n=20",178,1043.4222859459276,5408.532249222745,1802.437034177701,576.8506471321413
"k=100, n=20",179,1048.910234069098,7032.122955590228,1829.7765425241878,702.7132339285373
"k=100, n=20",180,1045.5234448076342,5768.418474586264,1875.6698461469302,692.1130847931183
"k=100, n=20",181,987.023500102834,7398.2138228357535,1835.328956998925,750.5875213751398
"k=100, n=20",182,987.023500102834,6942.519186006839,1744.6355404257947,607.1443838079825
"k=100, n=20",183,1048.222214487241,5203.269191738787,1786.3617826057637,710.703039028707
"k=100, n=20",184,1037.4921046434813,4385.5916126446,1752.9429070550482,552.4365899003138
"k=100, n=20",185,1011.0786795154659,9271.706307372413,1746.9734503891568,708.9707233284136
"k=100, n=20",186,1052.0255717139962,5017.654344279463,1772.2699719149211,636.22025993694
"k=100, n=20",187,938.9122599416081,9413.664193986011,1795.1162941784116,919.4941294301649
"k=100, n=20",188,942.0881052140298,8377.847671858408,1785.0981020507083,746.3465102891396
"k=100, n=20",189,940.0214975054254,7983.235791717344,1749.8005425954093,750.7523061819501
"k=100, n=20",190,1029.1478218932514,6304.745234526866,1751.54449151633,653.8456398894303
"k=100, n=20",191,1024.307427746381,5848.83970014001,1718.6833896596083,623.9828056077928
"k=100, n=20",192,1028.9363543227444,4977.944101459923,1713.3797119049518,616.3365698893807
"k=100, n=20",193,922.191023561567,9638.558663189073,1747.9348000025477,870.0523221264046
"k=100, n=20",194,979.8367274430406,11352.760305790222,1722.9586305860407,841.3289875421556
"k=100, n=20",195,926.1617205061547,5440.992022776576,1712.3118156512944,591.359282380393
"k=100, n=20",196,907.5389249304368,9403.33863472623,1708.146114551201,763.3569776203063
"k=100, n=20",197,937.0101002708459,11574.473905625586,1744.1661661338512,913.9085818808757
"k=100, n=20",198,945.7507135254459,10563.382489917925,1677.5199634296941,814.8215148590948
"k=100, n=20",199,969.731982568323,8219.963770006681,1613.1935621087327,632.6189512414927
"k=100, n=20",200,919.5832610553222,5091.475936202866,1600.5798141397229,558.7519541654291
"k=100, n=20",201,958.8785518978603,9207.795345652525,1711.2997662611194,970.9585061814398
"k=100, n=20",202,880.7472270947509,5477.742548099335,1715.8508747398503,701.4272351412017
"k=100, n=20",203,973.0826455557656,7577.0156681559665,1712.3534934078928,728.3500949960228
"k=100, n=20",204,939.3338269007116,5845.5157884191485,1663.6151992669654,672.955701671448
"k=100, n=20",205,979.0682520005479,7075.255106833532,1700.7053059148532,762.5042594554955
"k=100, n=20",206,928.7017782757528,6669.596452883291,1650.8116599537896,669.8764326098697
"k=100, n=20",207,938.0977929659969,5772.348834876406,1568.2797908388259,594.8410436789903
"k=100, n=20",208,905.162256090282,6053.419588193226,1604.7371356493798,644.4201639046711
"k=100, n=20",209,802.245072838949,6356.521611615521,1545.0166312372173,627.2275197242506
"k=100, n=20",210,855.648381659156,5322.698523369679,1534.9725234734838,549.3060305890749
"k=100, n=20",211,890.6328316747359,4325.017389066027,1504.502727290252,531.2459293528271
"k=100, n=20",212,794.2121401658804,7414.858281261608,1514.8146339283753,683.4597170809625
"k=100, n=20",213,796.7315815865586,6006.686382794125,1489.9090416931217,583.3299901098443
"k=100, n=20",214,860.9866788313469,21622.890125503847,1656.6906865922,1539.3270423478111
"k=100, n=20",215,881.4274656902378,4435.221243672622,1529.7340426984606,525.5105814527165
"k=100, n=20",216,862.3229488957383,10690.456397286405,1613.3439668741235,851.2844524243287
"k=100, n=20",217,862.8283139669414,5952.2559558055,1549.2903523516702,624.433562649289
"k=100, n=20",218,866.4938813155177,6377.906289708491,1547.1006388290898,683.4734663347623
"k=100, n=20",219,843.5415651716692,5534.898141612732,1556.1958277244087,664.438933999299
"k=100, n=20",220,859.9888327053635,4610.191022320081,1474.988811289015,552.7030676781192
"k=100, n=20",221,823.9032004452638,4688.286189916043,1492.1730403807726,535.9712101966763
"k=100, n=20",222,801.204596108206,5998.423567084293,1595.3807910901085,714.0673669530164
"k=100, n=20",223,754.5114933317438,9478.617634473803,1582.0187200926807,845.7559240941791
"k=100, n=20",224,841.2749885219491,4498.21742163312,1513.037901105705,595.2219368389916
"k=100, n=20",225,811.5619161646473,9992.119840202326,1445.9099188929138,668.3323945344571
"k=100, n=20",226,824.436255008655,5621.380398375534,1441.1915709503141,576.8367578518187
"k=100, n=20",227,811.9008338613226,4264.891112964882,1432.6796604394963,552.5027344246167
"k=100, n=20",228,784.1593727897641,6492.172308250152,1469.7777640804497,598.9693323130317
"k=100, n=20",229,775.96938299041,4464.834973511622,1471.6790778331144,560.4261529268322
"k=100, n=20",230,734.6393559225677,3817.1387689006874,1460.3431968850168,613.3464321937083
"k=100, n=20",231,775.5580629516531,5998.690402646583,1426.4371826528886,636.2534884598416
"k=100, n=20",232,754.5971190406941,5900.682270174966,1445.9209208455768,625.6873982799085
"k=100, n=20",233,756.7360711472057,5910.878845914654,1409.5082416462515,623.3001348171205
"k=100, n=20",234,756.4912080766178,5380.194851268954,1347.4837916367376,526.2737194311375
"k=100, n=20",235,727.1646175181169,4878.341116157534,1290.6486415638815,570.202554100609
"k=100, n=20",236,687.1384354647121,5029.711879500767,1356.143033415515,607.5999892907536
"k=100, n=20",237,761.6379498653034,4883.119004917015,1319.1352951141837,461.6289893005578
"k=100, n=20",238,736.4566823171065,9247.603162398635,1396.850435074897,752.2442050759863
"k=100, n=20",239,719.9822245086756,7113.773483203992,1373.8050628217984,675.8800334169205
"k=100, n=20",240,643.1131239363715,5724.697346406778,1325.488612960941,578.0815321065004
"k=100, n=20",241,678.1871943578182,8903.381673826583,1366.5831963436815,666.2319160702593
"k=100, n=20",242,668.5561002281853,3643.9777021802365,1302.0943422971206,512.7119847349395
"k=100, n=20",243,673.0444469322001,6557.347721551553,1277.8394118498215,585.2632724835114
"k=100, n=20",244,680.4767048153859,9548.588407603478,1309.1614215174611,677.5890193609825
"k=100, n=20",245,704.624521592967,6743.873930596379,1319.8939745619678,608.7857380034416
"k=100, n=20",246,704.624521592967,5055.510997790655,1279.204038185127,515.13161608122
"k=100, n=20",247,708.8433037318126,5489.630420862663,1343.740800794994,648.9879354980828
"k=100, n=20",248,694.8454463077561,8471.230901971723,1329.1610393624214,649.3677407786093
"k=100, n=20",249,647.7780475811853,4277.131807341256,1353.3403713046973,572.7873007808496
"k=100, n=20",250,642.0025765098894,5204.284744351163,1295.1789950757236,542.5806253827661
"k=100, n=20",251,640.9423369833115,3886.356250052721,1228.6614337663116,466.5171973221877
"k=100, n=20",252,683.343159873008,4484.116024521488,1267.7532267367746,520.1047434050737
"k=100, n=20",253,681.5563289849384,5023.667752082889,1327.4307677347954,609.9600435503628
"k=100, n=20",254,677.8222997415743,4882.217724264283,1338.2088180645007,638.243567969327
"k=100, n=20",255,676.7959349366611,4546.740914415017,1277.7076865848364,504.91756047956704
"k=100, n=20",256,658.8118687435591,4223.537093077467,1191.441177586077,452.3049775066417
"k=100, n=20",257,628.2291770650934,4608.133281493213,1223.6773951711928,536.0495405204215
"k=100, n=20",258,636.6900388886191,5594.810708232509,1212.6122376101061,541.9589944132945
"k=100, n=20",259,640.3486496747233,6101.4117385554,1212.5140487632207,576.409307499231
"k=100, n=20",260,642.756982156148,3902.5586185092357,1188.2393429851563,490.53324806904504
"k=100, n=20",261,633.5568356212411,5441.229491468093,1178.2319545571127,521.994459975991
"k=100, n=20",262,650.4997065121648,9604.912779377672,1194.826054903048,653.8482467129635
"k=100, n=20",263,614.4858009111398,4640.929500022923,1241.141440818151,609.0994965553697
"k=100, n=20",264,593.5753377880865,3590.8569664945844,1185.8380485016341,444.10609081026183
"k=100, n=20",265,635.9544488015072,4882.45544707464,1180.2871861420588,494.7501312507315
"k=100, n=20",266,625.6998867284361,4605.811469296955,1155.5090817826574,530.3960743233979
"k=100, n=20",267,639.203528437917,4569.492028211286,1128.3549372126813,457.09681378973875
"k=100, n=20",268,640.9517513256128,3664.1578119337873,1141.7018683206609,425.78611861812294
"k=100, n=20",269,593.2302240482366,6221.281381980761,1197.9968942940068,574.6134297837996
"k=100, n=20",270,600.5771416244204,4755.494994367611,1143.1824137749022,492.35328659151355
"k=100, n=20",271,568.2991466720811,3850.1157358317882,1126.9616524211517,464.49101625963027
"k=100, n=20",272,602.4336258447147,4343.714199850188,1122.1338404425117,505.15887702818895
"k=100, n=20",273,569.8017047247258,4633.129240690315,1133.6607053639555,561.7307477377669
"k=100, n=20",274,569.8017047247258,7660.213018223619,1139.702482517393,672.0166599140102
"k=100, n=20",275,572.2585263809563,3417.6637678703332,1077.4447100225811,425.705908828446
"k=100, n=20",276,584.0034652283533,3242.7070347193708,1062.9023297769095,392.9943493665562
"k=100, n=20",277,555.8648653519108,4679.964690646273,1092.3392577418185,513.7997616050784
"k=100, n=20",278,549.0227347999454,6587.502235802872,1050.584216050454,551.1668146108171
"k=100, n=20",279,564.5624875884,7626.871257358406,1055.9956424794752,570.5544507027831
"k=100, n=20",280,546.5310898358674,3479.7103231978867,1048.2668858135519,455.2992385292214
"k=100, n=20",281,565.6871023690501,3960.2407552841237,1056.9972268487797,454.56053782094085
"k=100, n=20",282,582.2343235294943,6191.545549655746,1118.8344508808568,586.5662883750385
"k=100, n=20",283,588.5021262459733,3877.352308748618,1077.6039869088233,441.2637767876936
"k=100, n=20",284,549.4137218656443,3434.9623203399433,1147.0105763290508,553.84533905645
"k=100, n=20",285,531.9828677149429,19374.012670360677,1222.4670867272753,1245.2895288949678
"k=100, n=20",286,568.8931065167792,4681.39175739536,1060.1882040862213,422.5478223365127
"k=100, n=20",287,559.9095912749841,6117.9612567925315,1054.4437785945372,522.1705055420751
"k=100, n=20",288,520.0216415488769,4740.2936281833045,1066.7210582123892,448.38665905251804
"k=100, n=20",289,480.9885302313967,6635.294385624869,1065.1616793273033,550.0373113702146
"k=100, n=20",290,508.0939048296454,2842.3579773670003,1026.2847901565485,366.44551202683505
"k=100, n=20",291,514.8953827007132,3734.0174172269576,1071.9230360917309,520.5051801879412
"k=100, n=20",292,520.6544345851651,3506.3641285076646,1010.3416812831338,423.0523522129645
"k=100, n=20",293,511.5507464989668,3547.1750130962164,974.0137904278351,412.009594763334
"k=100, n=20",294,550.3519893380305,2730.2641548177826,975.1115656846812,367.41620549405224
"k=100, n=20",295,469.4290897304596,7245.567111975402,1003.4621269118297,560.3314364870606
"k=100, n=20",296,523.9092004201251,2818.880076271271,948.1791671487462,372.95961943658136
"k=100, n=20",297,469.2441324190476,4455.294139152818,952.7602354666017,469.68384368782773
"k=100, n=20",298,497.9544653946053,2833.6161438187564,934.8983548981479,363.02199426699934
"k=100, n=20",299,522.3599030707754,4213.743458172812,1020.992826132206,517.6539781777755
"k=100, n=20",300,485.680049509984,6167.213492618545,1017.2807778960466,535.6154699850214
"k=100, n=20",301,510.20718457767487,4254.754515408253,1025.9208563766963,546.2559579516314
"k=100, n=20",302,459.8233722805525,3476.5233383818,928.0099109338422,338.62680459722174
"k=100, n=20",303,494.2126970381567,2822.451991328991,971.121049874617,389.6995333099228
"k=100, n=20",304,503.458413462996,3740.7665019290325,917.9111419718779,345.86454755308233
"k=100, n=20",305,504.2659842553255,11316.52976832208,977.542144406666,728.2120053725876
"k=100, n=20",306,529.7446541936088,8037.391213377434,1040.3308406500314,688.9438227329576
"k=100, n=20",307,494.6094003498137,3968.1188960418235,946.6917375761931,429.93689367781167
"k=100, n=20",308,490.7207382356673,4490.472042203243,976.1421761996822,485.3462997155506
"k=100, n=20",309,482.98437314979543,3633.4003022095267,933.3763676484913,417.2192396299032
"k=100, n=20",310,458.8537092769765,3791.1365034433184,915.9536223647893,387.40061714513547
"k=100, n=20",311,458.8537092769765,5268.764162102917,930.011286556043,468.0086042052881
"k=100, n=20",312,473.8455138087391,3615.0849861219135,970.9755673309734,481.0664931785651
"k=100, n=20",313,433.0745398894707,3697.5159939578534,974.389927630076,460.4255028771051
"k=100, n=20",314,499.602198142601,2687.083347741722,946.5083973570416,384.72593223318665
"k=100, n=20",315,492.46137672839035,4137.189906223113,953.4928475923283,415.8810345437373
"k=100, n=20",316,493.3623034159912,6151.339369378828,959.2919101449933,486.5491841840061
"k=100, n=20",317,485.35528703345807,9077.900821877096,1029.914120787249,687.15473936605
"k=100, n=20",318,474.61016026376507,4584.972359442398,1058.5029285853543,605.1583288068944
"k=100, n=20",319,474.90132227990654,5717.136141216922,1025.4377218858945,672.2504861235573
"k=100, n=20",320,463.7250451485186,4351.82782067397,933.3808554854543,430.90400676670015
"k=100, n=20",321,469.16444224493364,3893.9438276183173,918.6284821450714,452.2995508941353
"k=100, n=20",322,469.61125941592513,6246.684941768666,960.679408637564,567.1675726510241
"k=100, n=20",323,443.72977767068437,8325.120903368563,998.5516119458148,670.4174997415648
"k=100, n=20",324,457.50638420528765,10749.09658087402,1006.4253088050735,758.036689162625
"k=100, n=20",325,447.5763686981081,4014.8421032553356,933.9864266260702,457.6272498608789
"k=100, n=20",326,456.0477076571078,5086.078934786248,961.7855167017198,563.9101891198495
"k=100, n=20",327,442.33930268298155,4321.89342053863,975.4209199661814,551.7622494468595
"k=100, n=20",328,445.70787229514497,5040.494959907262,971.254764174045,519.9873667238721
"k=100, n=20",329,447.03032489243935,2207.63498117767,905.0154525240455,333.07586886071886
"k=100, n=20",330,399.59637708770146,6136.26548323725,953.3307551440771,575.1328224723059
"k=100, n=20",331,416.6841910110464,3806.8761796365966,972.9857762693296,525.3499342448453
"k=100, n=20",332,429.5415558807452,4879.971017322146,966.8846580344815,556.8614573626459
"k=100, n=20",333,399.9747485654519,3357.7011633590223,867.5812383803255,380.00260162152813
"k=100, n=20",334,393.65593110063935,4228.808118249663,910.3234874095745,515.8992776600936
"k=100, n=20",335,421.8184769665127,3519.676600219552,897.878327063227,491.76544710935667
"k=100, n=20",336,388.5836061478967,2871.448795804057,863.8778927224354,375.0778205543221
"k=100, n=20",337,379.4254550381053,3082.3663778453274,847.2241638922645,404.0137521574759
"k=100, n=20",338,399.7265321490073,2839.2537733379427,829.0492184322518,369.838647263836
"k=100, n=20",339,392.2364498942513,3170.757583392523,825.2081283404513,442.99445355919255
"k=100, n=20",340,401.0328513392046,4244.020419573628,802.4546364437177,409.8552930391668
"k=100, n=20",341,421.27169855221484,5686.35620901608,747.3633611607684,416.76533382187273
"k=100, n=20",342,397.18978557002833,3091.7098944043505,691.2573803246917,275.5333132180075
"k=100, n=20",343,398.8026306984727,2638.3299423990584,686.9210438876232,251.56039085797516
"k=100, n=20",344,382.20988661293393,3990.5835352021604,720.6119396984807,354.15816704511576
"k=100, n=20",345,346.0329055787775,2457.0134028781968,712.7952117867391,290.38704738086847
"k=100, n=20",346,365.723800589659,3248.005587078839,744.578193849463,333.5962904089977
"k=100, n=20",347,373.83764034914714,2830.0433115205374,745.725735861195,338.26281507154675
"k=100, n=20",348,373.02006962409786,5997.346747204812,759.1816848987409,476.22264388533586
"k=100, n=20",349,352.83670738634453,4327.422039912636,742.529813599916,427.04544481039534
"k=100, n=20",350,396.24572011996435,2969.46038547073,734.8476236480648,330.40612087529854
"k=100, n=20",351,367.20552229339245,1844.9982138483253,713.2370249078804,262.62970053391234
"k=100, n=20",352,401.817457641502,3519.5607742345364,727.1261934356762,360.8074049941142
"k=100, n=20",353,388.1500762093949,2630.6271452637693,699.6001304177806,294.13110326925744
"k=100, n=20",354,353.27463866335705,2363.212964836293,713.7734309939227,316.9321410083041
"k=100, n=20",355,372.7863165518817,2464.000645927566,680.7110752603712,265.43024720456174
"k=100, n=20",356,369.9261000332478,4284.442392102491,705.9037061125782,366.4444026703428
"k=100, n=20",357,369.9261000332478,3247.588222936088,743.5506031266825,361.6416795755455
"k=100, n=20",358,345.43332433051415,3277.7691556642135,734.2879444151757,341.50795140273976
"k=100, n=20",359,349.3536718056554,2775.8629525432025,720.4814551759519,300.90377295614724
"k=100, n=20",360,357.38713637264317,3488.1036009516047,754.7143740066257,411.829860858138
"k=100, n=20",361,368.78809957336034,2873.578262836652,737.1434893855844,351.48869086002173
"k=100, n=20",362,362.89288808309954,5669.369430012884,777.9302841808919,495.86677660618824
"k=100, n=20",363,366.4216049310411,3092.8467957555667,720.3761366420916,342.6398496235951
"k=100, n=20",364,369.24992186960685,2356.1874162672266,726.9757214499294,350.6021070269848
"k=100, n=20",365,370.145482990798,3550.218004710569,723.852123663529,338.3190314579104
"k=100, n=20",366,336.7393430501939,2954.681879468932,723.9925748930857,354.6808308790006
"k=100, n=20",367,349.6613700080806,2973.8386140601356,674.4883086143008,276.607200517523
"k=100, n=20",368,342.1247561174214,4050.2422908866024,692.974543784497,379.02932274514563
"k=100, n=20",369,348.36167610015707,4325.706071247608,675.399468904566,357.73702694824607
"k=100, n=20",370,344.9182352353522,6100.142100929102,691.3227412854604,470.1529078943181
"k=100, n=20",371,339.6140316536085,4215.174291734267,686.9157522759091,420.36815395594965
"k=100, n=20",372,351.31780132092865,3745.1863896665345,706.8449643158639,415.6980680881449
"k=100, n=20",373,334.9572717713251,3117.202562842507,711.1865632906449,337.93124748902807
"k=100, n=20",374,334.0379231418504,2704.975334948891,675.537691808236,289.0242646805139
"k=100, n=20",375,346.1970809557099,4212.415935453186,693.5706752571981,357.6417863171937
"k=100, n=20",376,338.78955912323266,3703.9198259574987,727.917118994448,483.8095304474286
"k=100, n=20",377,333.04917559958784,1874.7471677033166,645.3916971462484,257.2999389792845
"k=100, n=20",378,327.66596127088616,7727.599853745127,679.4376784652208,523.4575131518058
"k=100, n=20",379,343.4909444257809,7195.755302902614,677.7852612118895,457.8414497574161
"k=100, n=20",380,354.23632158923084,1954.5442226525709,655.5906174762455,261.0126248174016
"k=100, n=20",381,325.31877267384,2801.628773752289,670.8915827534971,321.48761839444563
"k=100, n=20",382,323.66132423701487,3378.0079009819287,689.970909199698,351.64693292409385
"k=100, n=20",383,323.66132423701487,2660.4572395542177,690.912128061131,366.65893447893023
"k=100, n=20",384,327.1543115766905,3868.1412744043223,673.7856535633155,377.94630438274544
"k=100, n=20",385,304.9457066749121,4280.421327509538,669.3009184425287,393.2360179172387
"k=100, n=20",386,304.6316454288617,3165.6732105378032,638.244262145607,285.0997053747941
"k=100, n=20",387,311.60419787717063,5696.459300527381,678.5794986909349,477.20208447972095
"k=100, n=20",388,344.56667840706797,2926.1864248795705,686.419391252427,341.88542632183305
"k=100, n=20",389,321.1307369526332,4779.717145070627,694.7232562585954,471.5814767527335
"k=100, n=20",390,303.9619651584174,2169.032409776762,628.5557494718155,279.7510254694653
"k=100, n=20",391,306.4282894669605,1933.1533838036858,648.6246545917027,276.874250100484
"k=100, n=20",392,316.39002463775984,5895.557843845657,670.7921155264207,416.41493301057704
"k=100, n=20",393,315.4996717239544,3880.2641432458186,647.2332645379175,347.74797743764407
"k=100, n=20",394,317.64118255037187,3428.3498766285097,684.3983773568468,416.3446583593256
"k=100, n=20",395,281.66580282651324,5317.0329012852835,631.1333773526397,396.81049152699376
"k=100, n=20",396,303.1876630142876,2560.3994234949573,621.533110998972,320.11993861605134
"k=100, n=20",397,292.93642219566146,4860.736944633577,612.5690933580703,357.96510088182373
"k=100, n=20",398,303.9325466488699,2793.1103872666467,620.4110524342401,343.5837072130085
"k=100, n=20",399,301.8192197471395,2374.3241957963614,592.0654280788519,278.6175893226365
"k=100, n=20",400,294.84701656917434,1963.7390965666452,586.6583266952591,270.64212715072534
"k=100, n=20",401,283.82720814131824,2295.73976935086,591.9788773151408,286.9681548060517
"k=100, n=20",402,274.1690684221545,2488.7622886950408,604.765143384009,320.93235464144215
"k=100, n=20",403,278.2193129328586,6825.534409784181,604.5049345296726,472.19499597317207
"k=100, n=20",404,302.4854869931752,3631.3777203940745,604.2724585055793,327.7716090555529
"k=100, n=20",405,300.4237148030919,1912.0299210877272,598.7959965496731,278.60896352785664
"k=100, n=20",406,272.9786484369798,3354.805956076995,597.1792903025288,320.7901735648653
"k=100, n=20",407,292.36256171424986,7871.962880061024,627.6529169741594,514.0815032637194
"k=100, n=20",408,295.15750265733845,5728.554314069454,651.3390126412565,464.37510544744305
"k=100, n=20",409,266.9024953987296,5806.1099167540115,636.9288385503959,445.26655526712455
"k=100, n=20",410,289.1032611242907,4824.875415258755,615.464613455831,367.57795686428966
"k=100, n=20",411,280.9662110396401,2891.5433667493985,628.9435673089196,355.3157630675601
"k=100, n=20",412,290.5944986853653,5317.8652306876775,637.5381017628056,422.51043159668586
"k=100, n=20",413,287.678531686668,2180.2105641831386,594.4925410034539,302.2292415253015
"k=100, n=20",414,273.38626879601935,4371.920648029813,597.1771746370455,351.89941175364487
"k=100, n=20",415,292.389732475597,2635.027578248991,598.4461446508185,333.56040191100766
"k=100, n=20",416,276.7359774658672,2592.4087847634705,593.9090944097368,306.4913319518361
"k=100, n=20",417,277.7679148384782,2770.831879522974,584.0898315918886,329.4493278273072
"k=100, n=20",418,271.88537603859487,2545.5306365879255,572.2426201365204,300.6514577003467
"k=100, n=20",419,269.6294760519362,1651.5945192204101,545.5313399120224,226.76135590747634
"k=100, n=20",420,290.78224992858196,5570.554836905438,551.513346641668,391.01248988351733
"k=100, n=20",421,271.5150664502589,2319.058262952605,551.2221924877836,293.23003266575324
"k=100, n=20",422,271.5150664502589,2386.6090720394336,515.7331952326675,229.59684895954345
"k=100, n=20",423,266.32432098124644,2247.6772055962474,534.8955324040564,277.8709484211723
"k=100, n=20",424,273.6734578965518,1906.5196945230803,548.6360967181055,263.2702980484769
"k=100, n=20",425,261.02941475635134,2416.4998487383186,576.6069964242809,300.8021376262786
"k=100, n=20",426,253.27623936477227,2117.5899934226727,582.4617507066899,308.2445648207133
"k=100, n=20",427,239.5688541597571,2747.2674030172675,553.2469951188544,279.0985939945468
"k=100, n=20",428,237.871912467193,2283.0837516382508,513.1575126352695,237.100005103928
"k=100, n=20",429,244.74313153373694,6102.6666940603245,557.1578591724103,414.1302300065427
"k=100, n=20",430,259.9027578853212,2151.097602984915,535.7216033474089,241.12874828232705
"k=100, n=20",431,276.95847960038327,2468.2118605627034,525.8529124926772,253.804046610796
"k=100, n=20",432,262.4035911043491,2899.452226471928,536.6166232804335,285.9037375521078
"k=100, n=20",433,260.46891561805865,3627.07858986685,556.0443368989844,317.31451622371424
"k=100, n=20",434,263.64236895441854,3028.156257679558,535.7647477034185,281.40796409025893
"k=100, n=20",435,247.8745537940231,2051.4432273900807,533.4081971613733,263.3526491393678
"k=100, n=20",436,229.1199945877862,2340.577023308636,521.1041519343923,230.9614884977121
"k=100, n=20",437,274.54295296372936,3311.5946372353415,550.8742897726493,337.285299751614
"k=100, n=20",438,262.9298559330736,2821.292764816346,547.1557006812915,284.6574439174989
"k=100, n=20",439,262.9298559330736,2084.533292485798,545.2681344883894,268.5786367560442
"k=100, n=20",440,260.66608314861395,2624.199027278826,559.9223298967569,327.3272701582685
"k=100, n=20",441,271.84036623556347,2266.7905144562355,542.3898651456396,300.50387540902807
"k=100, n=20",442,257.0069929462003,2193.7007340865553,545.0886495767026,279.1129279540929
"k=100, n=20",443,251.60820125351916,5965.444213356928,532.0138875413601,398.70460360996043
"k=100, n=20",444,281.32547096963197,2917.7438971631977,543.3565145160501,306.0547673081947
"k=100, n=20",445,262.96658246228776,1586.3588815778667,543.7221479665399,241.17530222352758
"k=100, n=20",446,248.19046168087192,4143.257979023698,638.1505689431797,508.9046425903377
"k=100, n=20",447,254.7458841318323,2834.5836994996157,564.1746857086955,323.4042864004645
"k=100, n=20",448,243.5045275549423,2975.1387459565867,517.319754647287,269.5491587471815
"k=100, n=20",449,230.4510862166365,1983.3248250742702,528.6292102715388,253.82564500347314
"k=100, n=20",450,225.5985747619031,2848.4912570058514,520.4442477634155,309.6017997237697
"k=100, n=20",451,233.22359575848242,2363.4554510325893,523.7672711352847,283.2575133917239
"k=100, n=20",452,244.9727930871438,1654.548387380562,524.3680034883923,260.6097142377077
"k=100, n=20",453,242.85380815332022,2384.9548778591225,532.4916654968138,270.4729958544396
"k=100, n=20",454,241.82937166007133,3085.580222486525,562.6612153040147,338.17646388799983
"k=100, n=20",455,250.79324725273506,1914.6309365441787,527.9656211998954,266.58350254100316
"k=100, n=20",456,235.5061262305505,2587.589713360318,530.337071676392,280.5350080907768
"k=100, n=20",457,236.7890583394129,2500.2402406211295,533.1694002912379,317.7033165948247
"k=100, n=20",458,231.10435281014108,2934.0120523710298,544.2308971344443,309.6838483780432
"k=100, n=20",459,229.52305488696808,3779.050990085216,569.7649292340841,361.1023102734052
"k=100, n=20",460,229.52305488696808,3953.899377314097,548.2211873425782,383.089707667435
"k=100, n=20",461,229.52305488696808,2315.0589445390856,537.4140055051506,292.52204467929744
"k=100, n=20",462,220.58921411534763,3908.5345306388654,523.7808079327783,321.23985093705005
"k=100, n=20",463,235.20171936171243,2160.15744526917,502.80791592589657,278.4603064780546
"k=100, n=20",464,230.53318236495588,3047.0912541889893,499.3733836110932,282.8841508454439
"k=100, n=20",465,224.7757421490059,2235.022464755277,511.2701826111436,313.4323460327731
"k=100, n=20",466,236.47360700107222,2516.195016004297,473.148082861728,266.25224691413786
"k=100, n=20",467,228.7618273212906,2941.827282945996,493.6295879819634,321.09173591897263
"k=100, n=20",468,207.7497742038637,2067.9743796674916,453.15623455525287,214.77964104099772
"k=100, n=20",469,231.80742653502773,2174.197038198458,487.1129002600328,282.54766839531953
"k=100, n=20",470,227.1976813178851,2135.747077848075,489.7901230366658,290.1048327885735
"k=100, n=20",471,224.92320556498814,2525.8284439016534,489.507123230642,298.1775725790985
"k=100, n=20",472,195.2196436136043,1992.795711194917,476.3596375017012,238.8524376994943
"k=100, n=20",473,203.96318354773,1701.5440257920043,478.83629553489754,230.68044415220592
"k=100, n=20",474,200.9702038445082,2160.119125796587,486.030768851205,255.1731460460052
"k=100, n=20",475,211.2102499173554,4366.020605866386,513.0422384621081,361.5373318894099
"k=100, n=20",476,196.24620310500458,1947.1356819742912,502.902317760603,263.9797257810247
"k=100, n=20",477,199.4026697206255,4549.201834736789,512.4907452550882,382.1037903677303
"k=100, n=20",478,228.93865525266193,2470.2539896076823,483.90277036533865,265.8962460099632
"k=100, n=20",479,217.35975407235188,1917.1687246730223,487.7938765879912,264.89952831478445
"k=100, n=20",480,204.59548232445323,2365.5643733691245,484.8046764016646,262.7888500667008
"k=100, n=20",481,204.4328525828968,2670.868668683815,499.71715980135264,294.4824187746731
"k=100, n=20",482,220.57771135578255,3276.86501361511,497.18116206674694,326.2769320806224
"k=100, n=20",483,205.32474039492982,2115.0738794314398,512.5698406482505,301.8849608829825
"k=100, n=20",484,206.39705665165232,3219.2011433664056,508.38079712157196,343.82967141314543
"k=100, n=20",485,204.8219627170099,3321.398550869756,466.9437766728654,305.88372053372416
"k=100, n=20",486,218.19625707214018,1897.1960070283205,471.15551849691684,261.0291365351391
"k=100, n=20",487,209.7665559212888,3512.0255344924926,467.62525820306524,301.634376580237
"k=100, n=20",488,198.63788720471152,3618.476223730339,499.39135970470863,334.126488945631
"k=100, n=20",489,198.63788720471152,3540.6583788223948,497.78766157659254,328.8484563287776
"k=100, n=20",490,216.55313892212894,1723.1013176177662,440.6994052761836,218.27502943241416
"k=100, n=20",491,187.53467725303935,1962.7086432408007,458.5902643863916,234.8092818954829
"k=100, n=20",492,202.62906194176148,2455.0046086385255,474.06226994612973,267.41987462450356
"k=100, n=20",493,200.94621993544843,1854.7667435799792,449.0659817361071,241.81340654926487
"k=100, n=20",494,195.6504028562954,2244.870715404755,448.9666111640053,235.29113930948768
"k=100, n=20",495,186.44588642540847,1987.6373343512855,448.7443129809878,235.39093191411354
"k=100, n=20",496,208.74169979290897,2025.2082301946796,446.2886176110073,274.48887845137665
"k=100, n=20",497,201.40080726843493,2442.264536109137,450.0034436169849,265.70982659600014
"k=100, n=20",498,199.00412740915303,1678.110474302127,435.2381568459101,207.17419797132
"k=100, n=20",499,201.32554546528294,1905.229876046044,438.1524730084204,236.52378642955205
"k=100, n=20",500,206.26154383242505,2142.2931744993684,440.72299225589995,247.62622403177642
"k=100, n=20",501,190.24925653929958,1703.6873630112764,448.23770235397444,240.5798598866917
"k=100, n=20",502,191.14150418217602,7352.279736262751,454.14682123020117,472.0935433968223
"k=100, n=20",503,182.56292341192668,2992.691637617939,453.0545410234585,288.7207924901227
"k=100, n=20",504,200.6941766039333,3489.0383904771325,491.97804746433064,338.44952399270164
"k=100, n=20",505,202.172612700206,2928.32415095597,463.2339344932389,294.64480049871696
"k=100, n=20",506,194.6208894860117,3093.745995697811,456.9769184608351,304.2547621053678
"k=100, n=20",507,192.72643009163343,1630.6912951466443,428.1026053516659,237.14314996298864
"k=100, n=20",508,190.32976132676404,2608.342744364999,461.54712160943853,355.5452230789232
"k=100, n=20",509,184.30474808668438,2625.2480040302376,437.16672504689484,261.42051196138044
"k=100, n=20",510,191.04493745102175,1989.1928154194372,436.0467375203043,257.09247269041146
"k=100, n=20",511,184.90628818647738,2355.0580757028997,410.915195006392,217.15270248841054
"k=100, n=20",512,186.11602985857687,1801.0567256766212,410.17043208684663,209.70665403778858
"k=100, n=20",513,184.70027379445605,2308.4020168826596,419.03717552061767,247.0830301564171
"k=100, n=20",514,183.26790442000157,2123.19034472652,409.08626697504894,217.33674544076422
"k=100, n=20",515,170.28036012246324,2183.5841661965246,406.79212198337154,219.58903107627825
"k=100, n=20",516,190.42458348791678,1719.469352538438,425.535767375422,237.29664609631007
"k=100, n=20",517,169.99371689251993,5812.322741777481,439.43637237988895,396.9572575173008
"k=100, n=20",518,190.92827309746016,2540.9749296532395,417.65996414939326,235.906638165206
"k=100, n=20",519,172.17954744042962,5853.229400025229,425.33649858541486,373.1289313005774
"k=100, n=20",520,181.91221221066994,2239.535819673591,410.073196846693,228.99360254994113
"k=100, n=20",521,184.34828382794157,1741.186622697911,395.9823338331836,207.63475978156785
"k=100, n=20",522,181.37822422191246,1229.1324495395795,410.42795271172525,201.84365394571626
"k=100, n=20",523,186.08411807334798,11829.812631642808,486.6286608624516,723.0816498013103
"k=100, n=20",524,177.39150801134468,1853.5553667438214,431.55857168394436,242.98609125668605
"k=100, n=20",525,176.35296166602103,1629.4314932121679,407.53286997649246,213.88849566060895
"k=100, n=20",526,176.1753489506945,2045.738425952941,405.4209478512621,225.42424719992135
"k=100, n=20",527,178.6548252476799,1958.1478156523676,409.76692643422757,255.200755782233
"k=100, n=20",528,168.7036015488683,5262.99128551995,418.56853521876496,367.97138338815404
"k=100, n=20",529,168.7036015488683,2266.4036143384083,389.424252559593,234.1067124309166
"k=100, n=20",530,172.34724891199048,4266.319335835748,407.34506908543796,333.17638880236825
"k=100, n=20",531,169.57671588975745,3080.8390248273777,399.7589981864783,261.0695929787071
"k=100, n=20",532,160.07936840192582,2572.3597314482,413.17291048581774,279.45785321134474
"k=100, n=20",533,163.6024526179132,2489.2613507697306,408.5608194256918,266.09375499950255
"k=100, n=20",534,185.6898668007647,1810.6876494783387,429.3470362425818,263.1888505814278
"k=100, n=20",535,174.44599603992515,2206.327262732658,416.49054441306305,266.09365420743615
"k=100, n=20",536,168.7645277522502,1874.1060789480466,402.5286272404381,215.41344068994235
"k=100, n=20",537,169.0241757808565,1840.7449948142914,375.75107327491537,192.75609593717436
"k=100, n=20",538,170.0850493748574,1940.2415317693672,402.1301456931226,214.26305023295185
"k=100, n=20",539,172.73586146254684,1720.0841770205282,419.0636348750938,233.3368077153661
"k=100, n=20",540,163.88895419654216,2984.458700151934,442.1187492565926,309.7166752268238
"k=100, n=20",541,183.9104311447771,4117.036482286282,436.0988165489353,355.44569264078706
"k=100, n=20",542,186.203919916814,1663.261193030693,403.98841319024166,222.6956949566668
"k=100, n=20",543,181.86933696428056,1996.4322339705639,426.32550902294236,262.8326532070745
"k=100, n=20",544,163.8878479386728,2854.902763563826,420.2486413908254,284.66238297348303
"k=100, n=20",545,164.79928260800708,2235.2968479700266,393.030054073692,250.93772518914085
"k=100, n=20",546,171.8897143773011,1909.589660384886,390.03945198847043,211.18392247074306
"k=100, n=20",547,168.58745624634946,2952.3804013673916,381.8036063153056,227.77565582311007
"k=100, n=20",548,176.78942846423567,3318.1659363684394,406.5612773879512,312.4539005633115
"k=100, n=20",549,158.46703802569903,2092.016438398608,360.7450409084559,204.733502808943
"k=100, n=20",550,158.46703802569903,1722.5452670714947,375.8926824467591,228.00064486767096
"k=100, n=20",551,162.6123709117681,1997.5843156745066,362.33084076026665,212.6601733601419
"k=100, n=20",552,151.33841001744182,1710.9543456551455,357.0123502770775,172.63191934090753
"k=100, n=20",553,172.75485685750715,4714.084207976059,405.02636241872966,335.90874963697024
"k=100, n=20",554,163.4670592170629,2425.8458909521833,406.905558095366,261.0911102430196
"k=100, n=20",555,148.44039770440037,2229.1845857581275,400.9596544037294,265.20235998907935
"k=100, n=20",556,145.96108919337814,1497.2651197591038,392.3030893934098,228.4928154374794
"k=100, n=20",557,153.5997307867871,2480.347691340865,385.37907178276186,279.2989118383925
"k=100, n=20",558,150.87045714953965,2245.5527827775404,358.3993589334916,227.3151435400858
"k=100, n=20",559,159.23373530722733,2677.6011389029322,358.07746775566267,237.38309317463924
"k=100, n=20",560,173.00983066461927,3216.354959550274,361.62251262562063,251.73730912055592
"k=100, n=20",561,163.44449411280368,1570.2109139455417,355.6222981235874,197.31160741584222
"k=100, n=20",562,153.4291246342157,2582.2505566872437,386.0698324962199,248.62784983358637
"k=100, n=20",563,164.29187672208036,5446.671338308952,399.11897191695437,387.39002769520033
"k=100, n=20",564,170.75915663237183,3446.0694803548063,416.9178292639925,330.44388305837504
"k=100, n=20",565,164.13972418130265,1667.8707827496376,382.31081705715116,239.00898525620016
"k=100, n=20",566,171.01218361669933,2123.2287390132356,360.93339469006565,217.74936178457105
"k=100, n=20",567,162.14146440043297,2717.725164303966,376.21518777874746,268.7748542407608
"k=100, n=20",568,166.82135300900592,1892.4058360789415,369.599278969149,223.024607582135
"k=100, n=20",569,152.55155133662586,3257.5179346976465,381.4353049378597,287.5812121385017
"k=100, n=20",570,149.8762699869942,4093.0692239687037,367.22092555030133,277.5166103809746
"k=100, n=20",571,166.9045930022184,2212.4946961666265,368.2390140726247,230.12555069235083
"k=100, n=20",572,154.326979481773,1960.3251887875467,366.89451722202335,232.88178479838624
"k=100, n=20",573,155.67072646852205,1502.8122903292788,360.1079537664842,192.01855408282645
"k=100, n=20",574,164.42578885064924,1818.9146528778144,362.36695889631466,216.63994855317685
"k=100, n=20",575,157.16495014998858,1641.2420965327376,328.05925363326935,207.5775152648016
"k=100, n=20",576,154.26812598400483,1786.1630276231417,341.00888554113703,209.04179509421024
"k=100, n=20",577,157.39396705251752,2466.362895105864,339.5970031877816,210.87025178434854
"k=100, n=20",578,162.36285067814023,1540.444393547873,345.3509824734976,188.62119875497993
"k=100, n=20",579,163.56807571008846,1460.9407885310775,327.50476165912306,171.0237950760645
"k=100, n=20",580,151.52774836096955,1685.1314966613202,341.8013509596274,191.03363286509807
"k=100, n=20",581,142.11137846939755,2221.318935165052,353.0324544063222,228.22743709472908
"k=100, n=20",582,158.2340377353414,1442.4783491269,347.96677785554834,183.20438918673258
"k=100, n=20",583,151.45348364737694,3795.249882948152,369.91465157824734,276.0477774752478
"k=100, n=20",584,161.71800617821427,1281.634035592823,356.24309515112895,186.59731097312297
"k=100, n=20",585,150.90253323978638,2637.577059211721,370.65967364374217,247.32623863957033
"k=100, n=20",586,156.21319535203844,3036.2783142980616,385.70166139946053,315.95505453380565
"k=100, n=20",587,142.36330293651054,2146.246671957598,363.5627367214599,227.6819631492068
"k=100, n=20",588,146.79963534113324,1265.620179533921,335.94454877563004,168.36832437837222
"k=100, n=20",589,147.30741849134364,1341.955253222961,332.7348073588415,175.8838861159618
"k=100, n=20",590,147.30741849134364,1508.7891826497207,331.2135236795083,182.19769884142016
"k=100, n=20",591,137.136194113541,1749.3709128210494,345.9944377676265,210.31609557797978
"k=100, n=20",592,140.20996878205406,2596.7517978046303,358.94471829377864,262.9811670010692
"k=100, n=20",593,152.54685581616374,2601.556136649152,350.8118922876691,225.04712774818012
"k=100, n=20",594,151.3149760546058,2318.3941861378094,360.5106946169988,248.6348518980926
"k=100, n=20",595,146.36916075978615,1877.2781047032179,370.0233612924004,247.71339055819394
"k=100, n=20",596,148.89020252474185,2803.72498783264,347.05005221678647,242.569404118439
"k=100, n=20",597,152.45355700911745,3028.5156372549523,352.8173453622567,239.80483159729826
"k=100, n=20",598,143.11192170463022,2393.9602055778887,354.7497554817365,247.55900749971207
"k=100, n=20",599,139.49501443648728,5862.885076204381,368.11543787240976,390.90118795659095
"k=100, n=20",600,145.60916531371885,1969.2917810629162,354.43987741167496,213.3278565192073
"k=100, n=20",601,146.42596454034177,3813.7732264210763,349.8194892300875,299.86068351920557
"k=100, n=20",602,141.20225209191753,2258.0964447485408,340.71758541096546,226.85196408615607
"k=100, n=20",603,142.18102675731484,2201.361826693434,340.7978758040166,223.93567895518876
"k=100, n=20",604,138.58463954667093,3031.1650431292383,340.86642128109366,283.24081167881224
"k=100, n=20",605,132.92800828019983,2186.2316541984883,315.66870592330474,210.88149000068097
"k=100, n=20",606,135.75585940873577,1861.1747010448842,329.7878470015676,214.66442164883884
"k=100, n=20",607,147.3938791669421,1607.5977065754323,328.0123560611765,213.41850554279017
"k=100, n=20",608,141.77097992614134,1450.1171335925364,311.2184872882396,151.9956728294069
"k=100, n=20",609,148.8233927950059,1308.3181781417843,307.1488766128509,146.58444033376978
"k=100, n=20",610,144.68961610427047,1495.4718159653848,326.8550133321853,197.72475944569186
"k=100, n=20",611,131.93992327947734,1662.9957347160764,318.34643061138763,182.2245680736311
"k=100, n=20",612,129.73303621051818,3148.9155337508423,335.75897910998776,293.5950107670415
"k=100, n=20",613,137.84064072794553,2251.2441136195425,347.6899710042855,234.18060578668283
"k=100, n=20",614,137.8589730183048,2070.1037172307674,323.64007852990596,218.55515505158388
"k=100, n=20",615,139.29690077195718,2148.933756787,308.21343878595314,217.2188053291794
"k=100, n=20",616,131.409091404082,1783.894576512233,318.6791888053595,212.2622855736238
"k=100, n=20",617,135.25951124541788,1474.799187955645,334.07092091867264,209.90251941480807
"k=100, n=20",618,126.57516609111646,1265.5310175145185,322.2393835188265,172.10026641655054
"k=100, n=20",619,140.2857795599106,4355.2872877070995,343.0967410720724,326.7239611404848
"k=100, n=20",620,138.61033131940383,3865.3450293711853,331.6142109755971,288.9745322034921
"k=100, n=20",621,127.64047710375057,1395.1062310107166,295.7627809453365,177.9418408998534
"k=100, n=20",622,129.3155999527673,2080.4540596392685,301.6656678620696,220.68855346253963
"k=100, n=20",623,138.93893915800288,1389.7487844230673,294.4144705764604,170.2248695778906
"k=100, n=20",624,129.86272143949358,2597.5706606322037,299.9270982845041,224.59427012208195
"k=100, n=20",625,125.60846370567053,2405.3392833812104,285.61196219579716,196.98075639627027
"k=100, n=20",626,129.9264195280648,1445.0389609531915,288.9486333604026,158.38216087238533
"k=100, n=20",627,127.61481222382058,1453.2864777427665,282.96021680287345,162.41678294267555
"k=100, n=20",628,131.10647624307094,1713.8488582453751,296.5412890074878,182.16485049776725
"k=100, n=20",629,128.6093591655015,2372.8990108645676,296.91071957349254,204.81887490346995
"k=100, n=20",630,131.52069696997336,3248.287406602666,331.48297148754347,261.22381590459565
"k=100, n=20",631,107.70106030734388,1750.0147833608814,323.2830782804603,221.84588382154848
"k=100, n=20",632,108.93350813275842,1312.4302010021206,297.2530844897533,176.35427730900597
"k=100, n=20",633,126.0650861380839,2140.491536201796,330.0726374987226,245.11862928905208
"k=100, n=20",634,135.6202027872394,1383.8458957505768,316.7603702238045,175.7634294476041
"k=100, n=20",635,124.07882435808081,1401.47842588102,322.9419986257369,181.39308495510213
"k=100, n=20",636,129.61922630913617,1479.4944180342275,311.2565867317126,191.0435965279367
"k=100, n=20",637,126.919357430834,1050.3020038304887,301.1984301854791,151.4666629777285
"k=100, n=20",638,120.5652923499007,1573.8993078629221,317.870021864267,200.49643837253396
"k=100, n=20",639,125.95590426360452,4816.303634237364,327.5241690842072,322.6105498275536
"k=100, n=20",640,129.3808676849258,3843.203095225433,324.15588901810145,283.90059030181914
"k=100, n=20",641,115.2393815205347,1497.1473040207948,285.39025359302525,175.78031040615303
"k=100, n=20",642,117.84635812212517,1178.9928720324517,300.7835263705417,175.55056871541214
"k=100, n=20",643,122.51543803777025,1204.4095891678805,280.7236506166322,152.72367239984754
"k=100, n=20",644,125.18238995280711,4333.0752660307235,311.8286680464777,301.912501258471
"k=100, n=20",645,125.80073023176033,1703.2252804284467,312.0964089463299,193.6801804052346
"k=100, n=20",646,128.2051091260475,2741.8746171228227,332.44356413087286,255.45171743721758
"k=100, n=20",647,119.65463115740509,7242.762027843045,331.3383578966761,451.0162375691806
"k=100, n=20",648,122.30070505896714,1594.292723320997,282.72886613880456,177.15627056519696
"k=100, n=20",649,123.9267106197174,3651.0466362858338,314.70045305694003,302.5028498546521
"k=100, n=20",650,125.12422289300905,1572.9500742082332,275.82707652855095,171.9271532698083
"k=100, n=20",651,107.79288259272522,2560.89739819497,285.2548584750302,225.76332384422759
"k=100, n=20",652,107.79288259272522,2798.4131477835394,319.3384576300683,283.91080297593624
"k=100, n=20",653,105.31639394881306,2711.449146276099,323.4606480909344,277.1026334304129
"k=100, n=20",654,106.32644678803678,1220.4869455511184,293.66895051522044,152.14650635889006
"k=100, n=20",655,110.47158920031343,2161.015008837221,302.0548197458801,199.6772390718801
"k=100, n=20",656,108.29884656627709,1350.5292757351551,296.7926115089856,179.73135035499186
"k=100, n=20",657,118.1086688467818,3089.1076684713576,293.7029586432404,223.64659657799191
"k=100, n=20",658,117.36727291793258,1729.0008743809108,294.090805288178,205.40727685183822
"k=100, n=20",659,112.22217027315335,1556.228871600263,277.80524105625517,185.78500128458765
"k=100, n=20",660,115.40481583138144,1075.6201758989346,248.09886854177307,129.69866201393864
"k=100, n=20",661,116.85133452665336,2066.840939171949,252.76392980589793,168.86798672537245
"k=100, n=20",662,110.57481023396461,1748.7426481301352,264.80027484668665,176.94910516608743
"k=100, n=20",663,114.54197703434697,1576.3740082711329,256.4593156928155,157.78745375342328
"k=100, n=20",664,105.23834338541145,1303.0251726634792,250.84532791753824,142.21380805351933
"k=100, n=20",665,111.1495187488756,2531.622603417506,253.02688008248515,196.74305819379111
"k=100, n=20",666,107.82904218525044,929.2964603887231,248.91968380606647,140.75552839505886
"k=100, n=20",667,108.87919905402016,997.7230911368497,233.42022459629104,111.29232101706138
"k=100, n=20",668,108.2344502175952,1286.753355977329,253.00140756966528,153.7214555194325
"k=100, n=20",669,110.89868454935011,1822.7421332550693,246.95907711401412,160.8232054559937
"k=100, n=20",670,113.05701104620873,962.4674065748925,247.39718505961739,145.77962922858453
"k=100, n=20",671,111.59854082659272,1193.4999625302494,256.189353029671,152.22109858454843
"k=100, n=20",672,101.76205760880009,1508.2636668921307,262.4871162000643,166.8893091641064
"k=100, n=20",673,110.39031686156113,3573.8014381314056,268.30333674726853,240.64854122705748
"k=100, n=20",674,103.5359270215732,1658.2228788783889,258.85534365731377,172.98771382245934
"k=100, n=20",675,109.31615856656079,1264.336991161633,273.10169164524046,174.964161619896
"k=100, n=20",676,104.8121642242787,1193.076574781149,259.45442491481083,143.52905924107478
"k=100, n=20",677,96.07358032137556,1991.3752831055144,272.438852912709,177.30016759160898
"k=100, n=20",678,92.72802640773715,1569.2195738665716,298.92774448823127,225.31095548436318
"k=100, n=20",679,107.59136584978172,1330.970268443296,267.1948657272944,166.78531705130533
"k=100, n=20",680,101.16140522559944,3029.278434008583,288.48453421807375,281.0688056047928
"k=100, n=20",681,107.41586752672015,1546.118650277006,262.53837652588135,168.25647301043657
"k=100, n=20",682,97.08969409730479,976.8986251392099,261.2749793912353,143.78407969063724
"k=100, n=20",683,109.77631383180417,2132.7222907049018,271.31317068464756,186.21268200867556
"k=100, n=20",684,111.93764616414262,1095.5320291134628,265.0448396864185,160.55922916332966
"k=100, n=20",685,115.47930783613461,2459.7470913778143,274.1974079246169,238.4794626320888
"k=100, n=20",686,107.50393497350498,2003.5668184890021,258.6452817067307,180.52832402281746
"k=100, n=20",687,105.1233422832768,2039.351728219676,264.8542058649859,190.43829146496404
"k=100, n=20",688,107.02182533029648,1182.660572448863,262.97669287065867,153.32184196963718
"k=100, n=20",689,92.79238878150353,1681.8920502237754,269.84808796041017,182.33129187641316
"k=100, n=20",690,103.89936494931872,3689.2872667303914,292.8836847426767,284.5319280043052
"k=100, n=20",691,99.1074472155971,1457.3011386592743,268.17979047809257,171.76683815913478
"k=100, n=20",692,103.16469434746033,1553.1916914931235,271.7692869609805,183.43425006550692
"k=100, n=20",693,108.09351072838274,1263.7807892831422,267.20310047257954,157.8205464587437
"k=100, n=20",694,102.8079233262004,1419.1219169751387,277.92491983726444,188.60765093575543
"k=100, n=20",695,102.8079233262004,2583.5754640187515,275.06738220170877,220.94672897935527
"k=100, n=20",696,102.04807381423751,1753.7566094572323,248.95656908406895,189.50019848533475
"k=100, n=20",697,101.90050498628358,3654.3299367825825,254.1792256371252,243.64078165682153
"k=100, n=20",698,94.12963473362633,2984.815234326285,262.66195288342306,211.82499505658572
"k=100, n=20",699,104.446192092129,2239.558202035157,258.6018279404399,189.9072520464822
"k=100, n=20",700,105.40895971704667,1941.765926571438,264.5554272225242,184.91519082612373
"k=100, n=20",701,107.44680344318343,4974.127065567495,293.99581493389104,339.2373181995634
"k=100, n=20",702,98.83520247979214,3126.2407243585785,285.9118211074516,247.31810104250727
"k=100, n=20",703,106.30706790932061,1834.4671873934144,266.02424266489294,195.53347100042114
"k=100, n=20",704,106.3153286512289,10374.322301711205,314.55698884334106,636.6739933057306
"k=100, n=20",705,105.37788771539279,1651.88499935181,276.89477286048975,197.2356212330421
"k=100, n=20",706,104.36806659053809,2947.7387224185163,265.810409576634,221.2978987413433
"k=100, n=20",707,99.87306229888463,5265.915917385704,254.13687914946237,317.07450560690444
"k=100, n=20",708,98.35689384742648,1280.1109024113746,247.93767499260386,147.79825864161876
"k=100, n=20",709,104.29578533045569,1441.5262557510052,252.69957412405128,178.1791053843672
"k=100, n=20",710,105.86048487971514,2244.1878928602196,260.428877057745,240.15450300241918
"k=100, n=20",711,102.69616911003094,1314.07603074245,235.5477018535132,138.36489557974176
"k=100, n=20",712,100.07646233228937,1585.4856936454948,254.45932220909307,188.9822165957958
"k=100, n=20",713,101.57091455516903,3726.408465637148,253.85562414513805,254.82001069344787
"k=100, n=20",714,92.55909720377382,1061.6493977453074,252.00752098551573,145.49124752302367
"k=100, n=20",715,99.5947501703227,1499.548358819818,246.03237704552458,170.523192167319
"k=100, n=20",716,93.2185723241473,1606.5148652300638,246.88776796469068,173.08750144036165
"k=100, n=20",717,91.33222681391959,902.241229851961,236.0670874624224,137.39622729499112
"k=100, n=20",718,91.77261474152778,1909.69744599872,244.90208450811969,210.86661181410545
"k=100, n=20",719,91.77261474152778,1688.350118453419,246.44252109905457,179.8295877079777
"k=100, n=20",720,87.69775879730697,1657.3370373952619,244.58185431593276,172.54256297960913
"k=100, n=20",721,86.76294748567595,973.983971178967,233.05878573887864,131.34383658032107
"k=100, n=20",722,94.38376667197672,2726.7588462481326,252.79144853840435,217.7177828197698
"k=100, n=20",723,93.71991280310677,2559.883745956904,255.55528520634655,206.99015422951103
"k=100, n=20",724,93.34099717777747,1065.615814879558,248.8138412895444,141.64254872086522
"k=100, n=20",725,98.4502087817133,1819.6919736580337,269.2279416603195,225.17792945302472
"k=100, n=20",726,98.69117876604683,2220.919062542938,242.87796315530179,180.62732685506023
"k=100, n=20",727,89.19407751896318,6091.313503601905,258.4633261076497,375.77454020776435
"k=100, n=20",728,93.37109729833014,1767.0533673305301,275.6471283148587,217.15565528020895
"k=100, n=20",729,94.41687164042955,1426.4943322763693,260.5424746205268,183.3443638699935
"k=100, n=20",730,93.67137736904377,2077.7969038512065,262.1410916648312,201.765815365973
"k=100, n=20",731,97.68202521637379,1587.9752795523214,250.21763577043748,174.87503647452561
"k=100, n=20",732,88.80979208041076,2584.816699278574,248.10487044523393,236.13676999857563
"k=100, n=20",733,92.41905880023992,2177.2186018534185,231.84040449219415,163.43136236439258
"k=100, n=20",734,87.68378739396852,3792.776059755301,248.42414022048663,260.9435344378834
"k=100, n=20",735,95.56491566504059,1599.5173715488702,237.59988985011304,163.77226161671285
"k=100, n=20",736,95.92194317922471,5284.133973220679,271.8975265690472,436.1189074606223
"k=100, n=20",737,87.64982215778285,2349.5943560011106,241.63691209179834,186.6170559946765
"k=100, n=20",738,92.58137406278863,1896.8937439451306,248.5676438691811,178.13331353201994
"k=100, n=20",739,89.2904567065582,1235.616989045513,244.7866643929818,142.0849920936977
"k=100, n=20",740,96.90138210690297,1477.8120798163495,251.66238274253794,170.21979611194902
"k=100, n=20",741,92.46880568447564,1496.8116532073034,253.5995379160525,188.75495329375525
"k=100, n=20",742,93.12891392709035,1677.8089855395006,238.87623644503407,188.39613157294198
"k=100, n=20",743,96.71258684351653,1135.841358020441,226.0431917547128,135.40747280314665
"k=100, n=20",744,93.74376171449337,2297.838714208045,236.01894440043117,190.71455628781243
"k=100, n=20",745,86.94202328316074,1655.8354363171322,239.02908050402252,165.84047409690587
"k=100, n=20",746,84.92918033394986,1042.0018948679935,232.26957617902687,136.1075412434428
"k=100, n=20",747,90.08145699347001,1183.3497643001965,237.17114321170308,139.61245911016957
"k=100, n=20",748,89.2886108159801,1711.6987098258512,242.9173483346088,178.4388801080689
"k=100, n=20",749,88.62186060356295,1195.321374078248,236.46783298624516,151.49790073862005
"k=100, n=20",750,89.58649394813631,1018.3228162890324,231.90571834270634,132.12497435556426
"k=100, n=20",751,85.02807656257554,1345.0052891134294,233.24218650321836,152.34626674001802
"k=100, n=20",752,85.00547806502993,1263.7384937464074,235.63691025809578,166.145829050431
"k=100, n=20",753,87.94912996494774,6383.509913471443,254.86486070546195,388.9344504004965
"k=100, n=20",754,92.49647887250075,1779.115903915858,248.27814867044924,191.66730503642677
"k=100, n=20",755,88.86402477692856,1462.748584762012,234.2650727130023,161.162476244572
"k=100, n=20",756,81.81557316467978,1470.9991444435173,224.72598944830378,151.54421054843996
"k=100, n=20",757,92.33858606841846,1563.1774834710964,208.7911189320676,137.02908165830357
"k=100, n=20",758,89.81738275140134,1370.6664588691517,218.80334114950733,154.8583180819513
"k=100, n=20",759,89.81738275140134,1221.85182792894,224.85357815227334,139.35137952210027
"k=100, n=20",760,97.14014756073433,1234.2254858836143,244.00349686483344,172.7229628155465
"k=100, n=20",761,90.2547977737161,1339.9144226678002,236.00449779338098,155.27312091105802
"k=100, n=20",762,84.21569158266595,1263.8680933133867,240.88663400574467,163.892053871889
"k=100, n=20",763,85.83882129012346,1344.9754794695048,223.63677023209834,142.33279039122783
"k=100, n=20",764,90.06638360099342,1690.8963163801864,255.3117796736669,217.90436586690186
"k=100, n=20",765,88.39610902892635,2265.598994748279,221.64991544427232,196.6070783477762
"k=100, n=20",766,85.6424873671774,4185.430476708922,239.2667936558254,272.8418877775211
"k=100, n=20",767,89.26573806299652,3412.2968891077085,256.2844258274821,264.81809701511065
"k=100, n=20",768,90.28458077669578,1872.5854370560492,232.99632350155406,170.8929934997598
"k=100, n=20",769,86.81430192600732,1371.6531158453909,220.58468325336742,141.42145659250008
"k=100, n=20",770,88.42364004741778,1313.5990210082857,225.5283945885952,144.49850211047814
"k=100, n=20",771,84.77455658421077,1380.5630863345887,237.812083881971,167.45971013530766
"k=100, n=20",772,85.3008847749475,1789.691605832463,226.05450128777375,163.82465969366896
"k=100, n=20",773,94.38781645118125,1075.0008812785893,215.35492674385003,133.45150543192295
"k=100, n=20",774,91.93340410985022,1241.4354892682368,226.1811535293473,159.23772447650387
"k=100, n=20",775,86.81843481160102,667.4605839523996,207.81906356412298,106.85774074102802
"k=100, n=20",776,88.17556277979457,1508.5987564457735,217.0454888829889,150.4414647774256
"k=100, n=20",777,78.29356012293495,1481.318021973164,228.57207176330644,157.34944579830037
"k=100, n=20",778,91.90323268676738,2182.940689187291,231.287430931464,191.54165847002076
"k=100, n=20",779,88.1639391813604,1815.7110185586355,219.02487130412337,151.42074949706978
"k=100, n=20",780,91.8207979836001,1089.943986062066,219.80124242829737,147.99509715928724
"k=100, n=20",781,93.09779567612458,2460.966800858806,234.58420849895415,205.91914778253806
"k=100, n=20",782,90.92329140601078,1043.0387940876658,220.3914020760171,148.82669362056933
"k=100, n=20",783,80.52486079492343,819.9883277120872,219.89618938904152,129.975119785571
"k=100, n=20",784,83.47551068536343,1515.8167086309747,215.34182850920158,144.90246805183799
"k=100, n=20",785,90.30746264679877,1494.463116716459,219.92951745974898,163.01294505312
"k=100, n=20",786,90.83352599330766,2024.3103938949448,221.31218518636896,168.49754844572308
"k=100, n=20",787,82.25763909119476,1528.614757937549,219.5926459774177,160.58935585118363
"k=100, n=20",788,85.39723889294574,3802.550130307409,260.60335977603546,265.5006286552076
"k=100, n=20",789,80.77956756858637,1096.1234760265957,246.44621991911322,156.67069696254777
"k=100, n=20",790,86.33533456629277,1494.815318188233,267.13572264920106,211.63979907643053
"k=100, n=20",791,79.98390883864151,1654.5830270476565,264.417472064026,209.2448631827054
"k=100, n=20",792,81.66302809536634,2658.36194587737,248.335660695007,249.87818041857798
"k=100, n=20",793,87.74667443181131,1095.851343861354,241.79322091830971,178.85795625361456
"k=100, n=20",794,84.25910569219513,2874.212285580841,232.43775722139458,207.20339692569286
"k=100, n=20",795,66.98185072296806,1496.5961791911432,223.25464170820544,149.41155034639655
"k=100, n=20",796,86.9587046897271,1042.1384177389377,216.0021578822428,138.6633249410476
"k=100, n=20",797,87.45683504161646,1035.6611978942376,227.6067653855941,154.80860756296494
"k=100, n=20",798,80.02645619096457,1479.4265458652847,212.1523830698915,138.34468636878944
"k=100, n=20",799,75.09792834133705,1332.0381167829414,227.52721071242615,148.9798395251207
"k=100, n=20",800,77.4128837855192,1863.6098518120602,237.61178736436665,200.3304155796867
"k=100, n=20",801,78.56531785998577,863.5193871010531,213.3903490812131,145.2956762105676
"k=100, n=20",802,71.19731319643526,898.8804038773552,203.23337661218062,131.6877660369412
"k=100, n=20",803,75.70508824577034,2787.516172949999,210.26198868519091,202.65129715937962
"k=100, n=20",804,79.94008040214102,1363.4262068265048,209.02278315432855,149.60431391778314
"k=100, n=20",805,72.36779605716939,1974.3748541812927,202.00363103564862,160.26322711504392
"k=100, n=20",806,66.01345462194381,1229.1657726558344,199.73273951055978,146.20918814640743
"k=100, n=20",807,75.92128179009488,1333.7977447805154,192.3251910645493,131.49320616514
"k=100, n=20",808,82.55895885385814,659.5019830925396,189.6603521268566,98.35689878267391
"k=100, n=20",809,78.59062448950014,1992.2094923058216,217.74030506387953,180.05239481998322
"k=100, n=20",810,76.62815963284542,2339.278824653673,215.6958220515688,191.14894401897084
"k=100, n=20",811,73.50600965667839,1900.7761378585062,221.81010986199738,184.15246758891914
"k=100, n=20",812,75.45953979684687,1781.637583524834,219.20149997584858,162.91946410701954
"k=100, n=20",813,80.49565377368481,1280.1419206368776,222.607056881253,161.03954429057688
"k=100, n=20",814,76.64201719481694,2006.650606761634,209.8651281788606,175.9884490653991
"k=100, n=20",815,73.89143234143437,1058.5562866007294,204.01981342195086,135.2883022166898
"k=100, n=20",816,73.1436259801331,2998.699212426383,207.2688759891552,209.99359900567862
"k=100, n=20",817,73.33702766653455,1422.023480287848,213.43090607159374,151.33165100938515
"k=100, n=20",818,73.91634975968384,1079.26969352885,192.1672836827182,117.27431620933041
"k=100, n=20",819,76.95010933492496,1585.5121360372677,191.1317188825467,145.931417981245
"k=100, n=20",820,71.48698406649964,1410.0537562692134,188.59345091595873,135.67869185969678
"k=100, n=20",821,70.48944892628519,952.1459269338576,176.90365275972604,97.74105386626964
"k=100, n=20",822,78.75596798371855,1318.4195333789257,190.61300445267736,139.2254948657673
"k=100, n=20",823,77.46852919372772,1864.3083459176858,191.12761604568485,142.30871934607174
"k=100, n=20",824,65.64698293832413,1039.6109462289999,186.07602723826122,107.80259984536308
"k=100, n=20",825,67.2338045556918,1797.9536061581289,203.49375381371405,152.18371627665127
"k=100, n=20",826,78.45116651580314,1616.2562267244323,209.3104271301399,158.85930298142404
"k=100, n=20",827,76.42162311031136,5678.92697412803,208.12089131722075,337.80646904845383
"k=100, n=20",828,75.47522040809808,2099.103810103062,195.03055824017432,166.96354551943625
"k=100, n=20",829,73.26736942597715,2635.8418571150037,208.74830178643415,218.95059656731567
"k=100, n=20",830,67.43645361030181,2413.4347068353345,203.09056203094562,177.03952631306913
"k=100, n=20",831,69.65082066251766,892.814849793094,203.5323186156129,130.6421269878198
"k=100, n=20",832,76.04886987131817,3666.9676478165675,221.36398980265008,245.88456967310614
"k=100, n=20",833,62.37562426782826,1262.816683318088,211.72924021367223,167.98110072112118
"k=100, n=20",834,73.38681316879169,1348.5944281111617,212.69687517739436,150.060154040196
"k=100, n=20",835,67.48939629904888,721.8680790495072,196.66797614527076,125.01299090107217
"k=100, n=20",836,68.80783220899556,1589.1712658022432,197.53654803025537,152.68534170138395
"k=100, n=20",837,75.42692724776771,1559.1804710038898,189.10003247362363,147.53247040403906
"k=100, n=20",838,72.1153590391726,1693.114831135517,187.27947297620423,166.39319047985725
"k=100, n=20",839,77.16520519568398,1843.0111658285352,180.29307327748555,144.23037737213764
"k=100, n=20",840,73.48201647286626,727.8310222259645,176.07524423633703,106.53396526708678
"k=100, n=20",841,69.52829464404503,864.4677379832546,179.6327178025931,122.5308377553153
"k=100, n=20",842,71.76525523176467,1137.586759766682,179.97026668044973,132.26707690310803
"k=100, n=20",843,72.2040537319166,1374.7828625877914,189.1213569158657,162.2724474806258
"k=100, n=20",844,67.74736712759126,1516.5864551573143,182.44306311315935,125.25727983045084
"k=100, n=20",845,72.12592633526157,2314.73891551387,200.0878129303931,179.71857194242855
"k=100, n=20",846,66.56894904040844,1310.336191229055,189.8258581205373,123.1683494616389
"k=100, n=20",847,71.87871439714218,2381.7431318806753,197.72771715181167,173.95894603672537
"k=100, n=20",848,69.71288072071671,1486.8809904287152,206.34858957188587,167.0084147603801
"k=100, n=20",849,72.43516677566792,1787.4989895531864,203.90260315452585,176.5596763597466
"k=100, n=20",850,71.94689854584634,1816.6664084324523,187.81802604715574,156.3063516684505
"k=100, n=20",851,70.20121658601069,839.176182146915,181.53701349542519,99.18286134751388
"k=100, n=20",852,67.17377735699631,1135.736763697175,188.35982033068342,119.53807807315178
"k=100, n=20",853,66.77447761185675,1221.7631847533694,189.19485515721362,142.0914346038447
"k=100, n=20",854,68.34881174826826,2789.8197359785568,218.33474720046144,243.61364231405088
"k=100, n=20",855,62.87532879609923,3519.6666152995467,229.72528199147757,278.10507292645696
"k=100, n=20",856,68.04539282052292,1452.9779636656303,191.23706827941376,149.27780072319976
"k=100, n=20",857,69.55703737521722,847.7194501465242,182.38381141356933,119.86076744871481
"k=100, n=20",858,62.229396079963756,1170.8574362336747,193.5756909693918,137.13801677230717
"k=100, n=20",859,63.70006817498559,1001.3494171650586,178.0451373618092,121.44146125359069
"k=100, n=20",860,63.70006817498559,1009.8638175205949,174.17358991819995,110.83868373634498
"k=100, n=20",861,66.20331070399453,1328.4191126468177,171.4080064155428,112.32755614974138
"k=100, n=20",862,66.08202063157827,2395.316998090208,193.60360743981934,181.81076844210844
"k=100, n=20",863,69.13565165704269,1190.2337184906505,181.70610128936124,148.48226815918912
"k=100, n=20",864,64.31627908569476,1129.3041903053497,176.46983416774916,123.37830691004004
"k=100, n=20",865,66.52491404846819,1303.730966678994,169.37470019877648,118.55761543985606
"k=100, n=20",866,69.09225823795605,794.0153326924873,166.66637186807685,103.20319707464579
"k=100, n=20",867,65.6800301980662,649.9336305431037,175.42196631932063,96.17820765791836
"k=100, n=20",868,62.77780140423445,2926.477926374613,186.61618737918684,200.96209702817663
"k=100, n=20",869,68.65743519488916,1071.0339943257616,182.5018078178063,127.78545866946466
"k=100, n=20",870,66.07856219672374,764.9725997973248,173.99803735084734,114.63147789084941
"k=100, n=20",871,66.60585181804994,1158.7175749135422,174.95132550458894,126.05791322701549
"k=100, n=20",872,68.43191840520882,1515.3747991820883,187.10299181080947,166.97016090925842
"k=100, n=20",873,67.42823590152693,1186.711541528573,177.26510699826653,121.98959862486159
"k=100, n=20",874,65.06321999855982,1641.469157054508,176.6610612104792,143.43555412674277
"k=100, n=20",875,65.06321999855982,1061.5202743244067,165.8084650429264,106.79929979258551
"k=100, n=20",876,66.60202162595446,869.6932716917098,166.7178973864049,116.70132003201688
"k=100, n=20",877,61.97033611089351,1486.518514618273,168.58219195213803,126.79136950858458
"k=100, n=20",878,67.68360786113799,917.2591271451615,184.97526397454877,134.00828026381444
"k=100, n=20",879,61.22846723719176,1632.7151460815667,177.53226903255214,152.35389456330256
"k=100, n=20",880,63.022094018261676,1464.0480674374653,169.80089465978998,122.34140963028923
"k=100, n=20",881,65.46109938248608,677.8867287539391,163.0820756265334,98.3827261575295
"k=100, n=20",882,66.48009608092553,1428.7008198119074,174.84332470575492,145.45068679590503
"k=100, n=20",883,59.00622936940097,1055.0479834542705,183.2432604964677,128.823736926399
"k=100, n=20",884,61.04054345023966,1127.7120528519476,181.33507539447496,136.36205296923336
"k=100, n=20",885,58.00789199786136,2605.058821375311,194.41345573051652,222.37418219834188
"k=100, n=20",886,59.876571350350744,1008.9374627767119,184.80856632884252,136.7181660493368
"k=100, n=20",887,62.21822208203989,1070.7326150524566,192.91940115730625,151.64506754033314
"k=100, n=20",888,66.99114583874821,2936.0682164605437,188.49174666278412,211.80055111610938
"k=100, n=20",889,56.23750736845843,809.028677162958,174.07915737724815,119.69525355157351
"k=100, n=20",890,58.74574317881292,920.3864463854306,171.202362019294,117.23238853140072
"k=100, n=20",891,57.65445099113565,1419.1735903368487,181.30794964969598,152.86689125854073
"k=100, n=20",892,62.60600756906556,1583.3612684348047,184.60116017292643,146.06654179781023
"k=100, n=20",893,57.918410755681194,1546.180487581858,177.6679135310026,144.3198586394722
"k=100, n=20",894,63.4244780754441,1387.4626540969173,174.46936750540502,157.50053959262073
"k=100, n=20",895,54.07404674224062,1186.037554066941,165.25734766961125,140.73588974515422
"k=100, n=20",896,59.88592253619368,1608.1152535336332,163.65231748387495,156.24786352007925
"k=100, n=20",897,57.52199421127596,635.4874816647874,152.63508993684752,92.96321174040666
"k=100, n=20",898,59.30614258356554,1786.3447627847174,161.45506313127427,159.03697135638876
"k=100, n=20",899,58.79104804594986,1007.7066744677675,168.69149596236107,124.58799843624521
"k=100, n=20",900,58.28200740034858,1101.6641120893728,163.60818823887715,121.15669786621945
"k=100, n=20",901,62.06513710644763,3151.1026599205256,165.6256348733826,199.24670752693427
"k=100, n=20",902,60.111912824127025,1593.065224711446,165.217297992226,142.92089664407845
"k=100, n=20",903,56.380152640355746,840.4495580778081,156.28614856348824,102.03131514870337
"k=100, n=20",904,58.29936535143746,1700.6228982510609,174.26070154342028,160.51959996352892
"k=100, n=20",905,62.987525464317855,810.1916854249655,162.0274422219179,105.4439187163918
"k=100, n=20",906,61.31843951442735,1627.4951809391396,174.7870670870752,152.92151988261926
"k=100, n=20",907,60.4040049876045,1205.5450172838373,164.08716941369877,124.54367355270799
"k=100, n=20",908,59.33391702762979,1100.6591248491775,166.46598468477208,122.15941949060559
"k=100, n=20",909,58.55269839394702,691.2446321120665,155.7758956903029,93.34237293695078
"k=100, n=20",910,53.163402442509636,3290.1078463865,176.5673417750593,221.16326889104292
"k=100, n=20",911,53.163402442509636,1986.1969144366901,177.41416517491845,178.1560942204436
"k=100, n=20",912,61.5841134905869,1905.8385608461188,180.35216405182885,183.70952757923845
"k=100, n=20",913,51.35290324849998,1423.3876905206505,158.35113474531346,130.97545738952252
"k=100, n=20",914,57.36827884076899,1176.9969407824365,176.37910162034527,138.71811080827825
"k=100, n=20",915,58.14723914047337,2089.677288505249,183.59006217564632,180.7709824506279
"k=100, n=20",916,60.310191617945414,773.9770528755846,177.7026903371485,123.31598367338495
"k=100, n=20",917,51.84925079036558,947.3074212689748,168.56488069633792,114.35710856488848
"k=100, n=20",918,58.89459289480593,1222.29954001606,182.42198429646112,165.91547843371742
"k=100, n=20",919,53.367184216643935,1827.4248487031095,177.70427730812045,191.56794366644775
"k=100, n=20",920,57.21158630833235,510.1551807533821,149.08362510826305,78.41509598104652
"k=100, n=20",921,57.92235821293865,2147.337905578476,166.3334179565013,162.89385941784636
"k=100, n=20",922,57.02206712992915,1509.0205986529932,167.30027682963328,149.19486791196397
"k=100, n=20",923,57.99280964883032,1227.4154698977907,165.56031902385462,148.085860861824
"k=100, n=20",924,54.32533495716615,1709.2460466153905,180.8147007032462,179.04519055051213
"k=100, n=20",925,54.53209748130619,2197.2059906692675,174.60920917596815,168.92072115828705
"k=100, n=20",926,57.422935650245584,885.391020588115,168.8570152625025,116.94332628009963
"k=100, n=20",927,57.714057330958795,879.851860341609,158.29643525165218,120.6970140201802
"k=100, n=20",928,57.21570566325692,1235.1102380681255,157.73398083393903,132.0574812909614
"k=100, n=20",929,57.168842046232854,2114.817348932347,181.06098343070087,188.77827771181288
"k=100, n=20",930,57.56511832898451,1254.305161648255,174.23992316109786,137.20849969356473
"k=100, n=20",931,59.169433827145504,1105.0366027932946,167.42712404100936,112.40306926571205
"k=100, n=20",932,57.82928258950983,1868.6205233847204,174.40095533527287,151.2716829266405
"k=100, n=20",933,50.75228722212589,2792.8928942694197,183.8538120865626,210.04499649145012
"k=100, n=20",934,53.34852496764056,1289.7012451678113,185.13661472209554,146.86476778655458
"k=100, n=20",935,55.31069621098092,1407.1527783329532,186.7666366343727,165.6579314906415
"k=100, n=20",936,53.58280638183312,1831.158155756007,173.167503955268,154.910825085352
"k=100, n=20",937,55.244619755754826,1219.3716623274986,175.73021513179444,135.27125362057166
"k=100, n=20",938,55.100160722762546,967.4070886418258,182.35369591996513,139.92485806522765
"k=100, n=20",939,56.839655963053126,1934.3981470507451,181.66551717044362,182.97513616377134
"k=100, n=20",940,55.506754393864064,1259.7980822572265,172.8650387346693,141.4319667062123
"k=100, n=20",941,53.43455563457571,1056.6358419821324,163.6254733815174,112.47779474318612
"k=100, n=20",942,53.54152738098286,646.9466581140176,165.05715732508435,104.74309880779063
"k=100, n=20",943,54.58571529865019,857.8802802980443,154.81674538583997,117.01892246636082
"k=100, n=20",944,49.40587676375868,820.2127767163726,155.85172433578416,117.18480862595358
"k=100, n=20",945,49.40587676375868,3133.810177711077,164.06637311669334,216.50205505506992
"k=100, n=20",946,48.421411777447155,1873.5753292685883,153.84336837469425,158.59143692511444
"k=100, n=20",947,48.40720461588648,1680.2814739047246,156.9249398634364,141.0357601236335
"k=100, n=20",948,53.369208591832496,1131.1312043799624,144.4654679907515,102.81863061275263
"k=100, n=20",949,52.22081134212694,1334.1178589236608,151.9946112005183,123.46090247024159
"k=100, n=20",950,52.22081134212694,1049.9177045636443,164.5649661686451,127.59811132422405
"k=100, n=20",951,56.22806135977075,1047.6127021320638,171.1354710846943,132.27141048990148
"k=100, n=20",952,50.046201134064226,1634.4782361509067,171.18475206772192,154.70612112966424
"k=100, n=20",953,54.67179967962822,2578.363657329068,174.7500557929319,201.0610422522684
"k=100, n=20",954,54.776643051738766,1560.8684587369644,160.95243629444363,166.67224993326354
"k=100, n=20",955,52.01701122385804,2126.885197797907,164.84839763463216,170.27715652596964
"k=100, n=20",956,54.11625915447663,2035.3582584360745,158.41843317455388,162.83940653587817
"k=100, n=20",957,53.766699022282815,1204.179737274279,152.6285038346213,138.054043752995
"k=100, n=20",958,49.308090588347234,1520.03231763078,154.45057709065415,130.82210788364478
"k=100, n=20",959,50.608170726590544,1343.4675686286137,148.4493462103441,123.24126341781594
"k=100, n=20",960,48.65674058023697,482.2959257243308,136.19819882245545,74.14181886165748
"k=100, n=20",961,50.359379123714234,1698.2892327564384,141.86263983249586,130.23534138870207
"k=100, n=20",962,53.58111417327591,890.2181473447007,139.6868993685608,97.43784782230853
"k=100, n=20",963,53.1400840063037,1156.2877688050269,139.37132154670394,100.41015564904043
"k=100, n=20",964,48.96823824731015,1020.200126386557,130.8839011111617,92.83405915263619
"k=100, n=20",965,48.42024220812927,3209.4637289570765,145.24335184260474,194.58347533273874
"k=100, n=20",966,52.02651656570816,653.0871102446921,136.82875700095818,86.7754270228873
"k=100, n=20",967,49.88184976327353,970.8797974647621,139.7371494081515,105.37534657078743
"k=100, n=20",968,49.88184976327353,777.2707694401004,150.00260097968052,114.75541935788415
"k=100, n=20",969,52.65147908349966,1870.7147218751268,156.66789052658658,140.28728152735906
"k=100, n=20",970,49.82793697199472,1297.952854323399,158.98826620570432,141.6602976056165
"k=100, n=20",971,53.70071929311949,1068.314785997342,152.78888166539517,117.75600654422263
"k=100, n=20",972,50.29674443036387,1166.5082253416415,157.33508508443936,135.85559951706477
"k=100, n=20",973,52.53267433846596,2504.5523865217456,160.96538490592604,181.55756845340986
"k=100, n=20",974,49.84929818384299,1827.1616409112958,170.60292912790715,182.0254647411276
"k=100, n=20",975,49.380358894162136,2032.8949087941728,170.31418447410513,164.2953564689551
"k=100, n=20",976,53.278884655182374,956.2634197418988,160.56075064404146,121.84033648903544
"k=100, n=20",977,52.33306204835167,2027.705961498763,155.4833231046496,184.51355693685863
"k=100, n=20",978,53.8615384802249,2380.9818561655247,156.074518291738,216.50114260188073
"k=100, n=20",979,51.177250255938,1152.1393154505283,156.19972428896585,129.11711786702512
"k=100, n=20",980,49.85771403437558,740.9313819996689,159.40146184850025,120.46300613353432
"k=100, n=20",981,53.43075506292577,955.2696390266559,155.24624305612014,119.2444388760606
"k=100, n=20",982,54.88030280681314,704.6429228958982,150.2142664509309,100.25237399730553
"k=100, n=20",983,51.198048004470024,1471.039456631515,142.29546356592974,111.03909605366941
"k=100, n=20",984,48.616240526078165,1788.381150837159,148.69376881439172,139.66958050090605
"k=100, n=20",985,48.08060487347398,1288.7674657189887,143.24093380892893,115.60941198784906
"k=100, n=20",986,48.08060487347398,736.4675013897477,144.42418309763454,106.35945138081115
"k=100, n=20",987,46.634459158684656,1000.6922436993815,140.11194282512994,116.94918905378971
"k=100, n=20",988,48.2972892285747,1404.919159196022,132.9995358180692,106.91851200466496
"k=100, n=20",989,51.36832481088497,1329.416609304672,138.73388405023832,113.73974686622525
"k=100, n=20",990,51.39983980992938,885.2894901696291,132.11543341369494,89.58187583907005
"k=100, n=20",991,45.00280229442503,989.4632872186065,137.13917383232334,104.7542848511819
"k=100, n=20",992,50.935131972048666,1533.9818554696697,146.64741460403366,140.33777395325927
"k=100, n=20",993,48.9252419101191,3782.714900227187,154.90065274816521,241.04654181710745
"k=100, n=20",994,49.940712009932895,1107.9035339215857,140.84235781058422,111.00200415648195
"k=100, n=20",995,46.73294277477861,810.1173385121413,140.9919618833164,104.19014987754885
"k=100, n=20",996,51.32566920840402,2913.576439349607,148.57702134803904,189.93027009940747
"k=100, n=20",997,45.52365691826772,555.056544423624,132.92783915909374,83.76391878922321
"k=100, n=20",998,47.50188769297468,1086.3013809952954,126.74398911483807,101.77415158643176
"k=100, n=20",999,49.29235286137206,519.4745854850817,123.31728067379032,70.00400210545307
"k=100, n=20",1000,48.05221933273315,1164.613017740504,132.13971442252586,95.84482309735631
