n,m,M,b,loss p1,loss p2,loss p3,loss p4,loss p5,loss p6,loss p7,loss p8,loss p9,loss p10,loss p11,loss p12,loss p13,loss p14,loss p15,loss p16,loss p17,loss p18,loss p19,loss p20,loss p21,loss p22,loss p23,loss p24,loss p25,loss p26,loss p27,loss p28,loss p29,loss p30,loss p31,loss p32,loss p33,loss p34,loss p35,loss p36,loss p37,loss p38,loss p39,loss p40,loss p41,loss p42,loss p43,loss p44,loss p45,loss p46,loss p47,loss p48,loss p49,loss p50
5,5,5,5,-3.2173505462292207,-14.015730717416329,16.05969529825997,0.7159557069817213,-2.4883637901374662,4.047458619988202,-9.569363166418604,12.979347055145753,-0.2933823533014557,9.167460330303669,18.966034552722835,-0.41218975797119306,19.49802520580021,7.307911518122948,21.104714963983128,-4.677510084388091,0.5444927325727003,-11.087889017469537,27.32688848842054,3.128768431047531,5.013329130182381,1.9064416481685973,3.906025404109725,-8.162839174858338,10.1873137923257,5.145860385609527,14.173744965012503,3.1328280653572396,11.040774530554483,2.829083082376461,1.5184427872902209,-2.273354583906391,-1.8274648949675871,11.084336152755263,0.8637562691480074,-1.650740460643548,23.877787031492634,3.1557355768322335,-3.222663466577094,12.082939764772416,14.631475240870433,-13.990502375963228,-2.4995446510188053,11.753824283436268,6.6124532731280805,32.04105344986596,35.79257477981874,29.018906749675658,0.5067334183552212,8.507700424857909
5,5,5,10,4.855557079530351,8.651259267432602,18.90130733234595,1.8314028234044026,14.91104990996159,3.251926547387148,-7.648551911708076,41.60358715946816,-25.151139047579584,7.031541166408681,10.887110035938896,14.455578776177987,19.631583593168337,-1.8161160959248868,1.710246071047397,14.112308389621948,3.8992844821427304,21.567492946762673,14.831547126332001,0.302536125101582,5.977203558630331,13.370577814298043,12.038191284722071,-1.3589329033606985,10.123287094343539,2.4903649932024585,1.7762164105985754,-3.7320355670188157,22.650422569887283,5.690822462044455,0.8810955266565008,2.9769360964135085,9.087410847828941,-15.624311066381086,5.929611772771173,18.31969128494305,19.903341318208263,9.4839977861257,22.577154262794878,-9.601352961561034,20.3987947753377,7.86564219330492,13.18250163616874,3.6338265086443524,-9.89659408277657,7.750156890746486,7.338923300164048,1.4134773306398856,0.48148451609735154,0.7817953165858693
5,5,5,50,15.06613371837946,16.523155253459308,-4.680328841122381,-4.146720305880194,-6.30933286708014,16.608917620379586,-14.89303530011742,-4.646596072713985,17.71954418847837,-5.753706189298217,18.374934218734698,-7.428751941357548,1.7289074532153084,-2.2852347330861633,21.804403768553186,-25.81820583594788,13.960676904061096,-16.890113120841995,8.407521943819681,10.184287893758054,18.58707208254019,-7.370856996188877,-9.580371715783084,24.346157274706822,8.07512193137748,-5.948271500921415,-3.609635649436475,12.254310819502487,3.426919175761725,8.500196446177016,-21.14582430907974,19.643873775578626,-0.5901927014426875,-13.453721990642153,7.7780514203952755,3.626648407668503,8.78082779608405,17.444002834803527,-15.446930735136648,8.810589220690353,-0.6060416177343431,6.679598449967594,-11.073641801764921,-5.70502409008752,1.8867852226778998,-15.71576195096838,3.5240468300799552,-3.1100263114183235,2.707496954175838,23.712807867092362
5,5,10,5,13.335377352273705,14.347803558663594,5.082864116827512,29.653508871656314,-22.67504614107261,51.85340882249784,22.86673040198133,10.903333717271956,13.641465783474946,-23.735187345351843,-1.8803210972790638,31.818056545761657,7.589114904005047,8.703568569757692,9.452388356881245,26.460959978502178,28.102041594081925,3.5270288195302233,-5.851477562890554,46.62341760473108,1.7808251264692956,30.381477328095592,12.650819364045033,28.123649987701732,25.564162798613328,-2.2994269735053035,-1.2148547043166698,-10.249936771894415,-2.130391194491363,-22.790435963353236,-4.015532586091593,-1.358830552554871,39.09208267544396,-16.892891635531566,-7.077854054646064,15.60007785492443,20.874113922147263,48.44262335371464,-45.517727403214664,-20.000767605478035,-9.052854932783204,-50.4910960465123,-35.766101845853285,-11.025282544507643,4.080389658218051,34.5162082805403,-10.964501679270715,14.805038490159973,-13.715575267829012,39.94615082722972
5,5,10,10,-8.602917005819375,3.926940456670742,1.8116697241661046,-19.30113191001302,1.190311869388493,-5.359652805913649,46.70853403080655,-11.792208268588244,-5.216560903401834,-7.28588047608125,13.285819232563792,16.298580777286073,15.061519968598489,-35.26727988567645,-22.0371882740928,29.61587729261316,-8.074068017167813,16.349537582865743,-14.572339517958941,47.56077627900967,-41.061798774311356,-4.862836371918012,32.677489128084005,-15.192230113474318,-1.181110349455471,-0.7620038841030796,11.801568542235188,-38.95203577323311,-42.67245363898982,28.86337692475372,-6.023857563626665,22.239081262928067,52.91675618578626,5.626846016782053,-2.337127917943133,10.405702062035486,-36.332742516868436,-7.45051787870701,-31.62505296620742,-11.674522295214896,-0.94212950930274,-4.3209013742738325,18.360438261399196,19.65351262645094,-29.12977793008144,3.617700015093817,-15.241108214940311,-27.48526193633507,26.192145066474403,15.353348479177667
5,5,10,50,28.016533388220427,-34.269235332690265,34.04855214357471,19.70928544646875,41.013380538889564,-4.470340192112376,13.090273047220371,61.063198814308144,-17.4160268792103,25.451915532526627,28.636081451479992,17.71467885455639,24.50202647754136,21.471136673308052,-16.438856876600155,-43.85161895164724,29.43787096512207,40.46071736191946,11.458500015228774,20.548321629681492,18.429899800778394,6.876563149626301,26.697825691208884,-27.205024033793947,52.050522694534166,-6.844972244091883,44.17181210243892,-9.949501670284743,39.24287986281311,-59.421200615206864,15.783577700026546,-9.987127292464187,40.68922411509292,25.94164327138891,29.625676991435498,24.962576446042547,17.299250420164576,17.49596057154199,2.8524473800870265,13.295437042485025,-12.72219546910267,-20.03953793072584,-13.697436048330127,5.5408302126559015,6.672183053977408,61.57889660267125,-6.635539554529186,-37.85348907159258,39.92401342103493,-25.909079982043696
5,5,50,5,26.748825634238514,36.668866224759,-46.34191358672293,177.2310886469776,9.534335741121367,63.26149233156059,25.21962187439911,49.54945129489708,-78.59842526466811,-43.35122570204098,68.26760923350292,1.547059928783844,-61.10156866373263,-3.0283019094810157,10.823179896520191,155.4516749454183,-124.03697357997835,41.01110325503939,-74.93302218153042,27.080209207176132,130.99727982499505,-70.10622122912747,91.05896714170892,-65.02687187704876,-124.82114583346132,-10.000977714030455,20.129094901862395,180.0159356681447,23.511468515547065,-54.58710071351936,170.51483161481482,-31.83584231296112,-168.66846723449484,-52.658649530252724,26.473712671410187,-34.94172787982265,-14.130894061184755,218.23137878099536,126.50659588706723,107.29040743061411,-32.26424887554612,153.91496334684118,166.56550431509922,-75.57628118026376,171.33233337893196,57.755894114899974,-56.85571917705049,-152.58095973312783,69.75511929961039,78.72955001186426
5,5,50,10,-153.36315871518948,62.28545005646703,6.351486957563296,-139.63063556733275,-44.434651118783705,-249.96689962231522,-4.513510226309535,18.48122266276161,141.16014795161408,-23.44320645591091,-13.576482988843912,-3.2954912764981383,88.02737205565889,-26.780342387898898,99.43891243359128,-164.38977114382823,136.14603233125055,-47.040795485427466,-34.703452600672605,46.67404497624342,26.466875003439515,135.52386778152248,-5.8289371057920984,73.75457844157461,-172.84619532899586,135.71867593056064,3.553631418500565,0.22159302032376482,67.07464803375635,-43.34127675217833,57.544866677155056,164.9328612706537,41.516329017147626,63.42369354924604,-5.142266995293323,-15.2218976025157,102.49831668701175,-10.225927073712818,62.41509963624374,159.31195032037462,-87.46811216885109,38.098965261020034,-16.89152814406787,-73.0061197192604,10.956323800182208,111.96293486791978,114.60014183617028,-7.499932455872479,-114.54406504697374,-69.69745972028987
5,5,50,50,43.2784159219346,0.6891975260028325,27.77666805043537,3.3881394337012556,47.53832660521161,-0.8437524602191813,-48.57318603667461,-105.53687349280797,-7.226376135974009,-157.14711056804234,57.2714155087331,-69.120550998014,-127.77398038729339,7.454182082742117,10.892233014612298,36.446768979307755,64.67865431939778,36.206913612037084,50.92851047868792,-109.42670216568948,-71.5318961548472,-2.5650973413478457,109.37530719411379,24.648159846247893,-15.504833024491074,61.479021611383274,81.92890960865695,-55.95438874734398,53.30550567323073,-12.629442623788922,141.78171362015908,-18.318499190098258,64.46027830311664,127.8562355904135,-57.25414740608271,-11.377911630764611,137.4383077902544,59.52721414124407,-25.509889053916762,-54.249408938096586,-22.055278928612385,-174.96891248507757,-161.15951690164093,80.98959760590661,-45.50462679614464,-213.51364028975885,-68.54365364562707,127.4823703785796,20.595538294310813,-82.1429966859301
5,10,5,5,10.69622348234779,4.933158903031993,-6.145988507084887,7.2232055433685165,29.568070129379297,12.83575302747304,1.8396851572593578,11.737740990615585,-23.836123646342635,0.6913510453239482,8.41074890580591,1.203723969225143,-10.867767914082227,-0.2841981888956062,17.89289942557759,10.451040040395098,5.605292806688778,6.274191710357327,-1.3074051349840219,7.519948430933955,10.450279889961717,6.814418723406835,15.773375498332921,15.705488394464764,33.88055649758207,22.99983770936089,9.600656478231066,24.915290816967577,11.105208634671342,-7.378598370089265,8.121905989308683,14.41744276738298,-29.32441283422332,-3.266190565293229,-23.096759782072304,-14.318610079167163,-15.017981125805772,27.644033919642197,22.67944753383335,2.5356456184556944,4.2995376521653315,-11.41432310461746,14.54617272927059,-1.8981506849846796,4.745014012791568,-4.8331625749941445,48.170789402446445,27.879600852534956,3.0973269607233833,-1.400944912685913
5,10,5,10,-9.29335560676921,7.872107094344813,7.345840678989088,-33.04921195517561,5.33412892606316,4.133202475592599,-6.100546984305707,16.253736048273698,-4.447999163699691,-19.9526964316573,-4.792756136281381,5.150138494074143,34.587427218328685,7.95864190659822,18.89221992402007,-3.1351684124866015,25.069144249269776,15.07791674107757,33.74173148135838,-7.321988990642835,3.595997091213722,5.0501420284600975,19.983136953477665,19.609493221011462,34.82517670470417,-5.153885083393995,14.943913678562252,18.418602997354313,23.761942345094475,-11.235514837458844,1.0564606273265675,13.537705367698338,-1.6821431469275883,9.703130049870909,24.13198461642174,13.73293539908663,16.19830386406006,-1.1211405478196026,3.019684224108034,18.894306387554213,-12.40214022081063,3.6528323718480906,4.685627934801628,8.624329034577197,-21.423566904936337,6.873912344277562,2.6532562557026047,-18.946677835298093,-17.575677868943835,6.370829684282571
5,10,5,50,-12.343549221046151,27.45021418399056,22.602770206570035,-7.187901556843138,10.719729355852918,4.06168894096194,-3.9221229484644153,6.6048643070303505,-14.041399357576955,28.180998588239397,8.752328592055253,4.911768827674981,2.8180097403821307,-8.11794750238504,17.18334928312132,6.5351815070025,11.422203516731553,20.766824920425634,-10.70177098139136,7.1658504000078125,-6.12142678902012,36.408403930621944,26.49256455905587,9.206223556065549,31.093801478293116,-8.698177894302713,7.417600093666623,-19.54049958238087,-11.180893885218458,22.988163207716866,-24.56301888229625,-7.3171785099520195,26.33833094133317,-5.97286611811484,33.090965675760195,6.399735852105851,0.6697168771821076,-0.8370626733976145,11.115918088977498,-1.0153656686608548,-4.168035347375637,-16.57130171804578,7.824572561356947,-5.172311698508427,-11.362108638685946,-2.1516435017788553,12.306683063514406,20.70268337577339,0.20359503003130897,4.557960764606209
5,10,10,5,65.9908398416444,7.087105082086406,7.6839686635138875,8.66710769424837,-18.81965297393684,-0.9634452925634927,-28.102832519091017,26.495467693235423,-22.100877299158153,11.144214140256206,38.89596576135658,-37.33326477609817,44.32582065227631,-15.5405431132167,33.70281286745104,-15.722326419469884,24.15987809168491,15.57615378685697,15.514875252732072,2.216712159723345,4.860614705658611,-0.3907798784408216,-11.579422101561098,-2.538451271645492,-6.811744257223158,0.8164502584286497,15.606280316234386,-17.47645610678641,31.585953000185576,-35.232688656312746,44.33290467172687,17.02810064497271,-2.6257924778784307,38.803942950865384,3.8706237749363837,-16.485312223206666,9.072708192875142,69.63415195064871,87.22309451308529,14.413026355454384,-11.978970648802814,54.06945957396031,-16.960441234293654,33.233007576325576,-28.93298839664395,-9.669595530825422,55.4976285262532,62.1535418386049,0.40116541229703095,5.438543512073615
5,10,10,10,-5.407889046979301,-19.973845126562697,-3.2954365610415812,48.5123073035246,20.661425550320388,-38.817833992893775,5.433332044316169,29.703304538886098,2.941916100389615,-33.88715401969125,5.455711277347835,83.27286839353465,-12.88766987359961,15.850872289313857,13.961488513209046,12.49332642946953,24.47574877443573,36.70783778450311,-26.22155184288374,60.96889122165298,13.391540276397741,8.870052077099064,31.16361298289704,55.3042637778279,9.137191783527397,-11.592231570854354,8.424437879408856,-7.764591938235963,18.67931326580613,27.295030586079278,11.479860514768825,42.88772521888403,50.75549856090608,-19.962807250206225,-8.419205693354046,-0.3020074405655553,-52.649250208583396,-28.33506800832241,-62.66510816914958,33.569950875136875,-17.764925285945022,30.81954173538163,34.03990193923423,-2.7441260421005538,48.31819560123012,7.932898874772063,14.655097709657223,-57.89843275413321,15.822649239899551,-39.22055418016119
5,10,10,50,28.662744929515164,15.849535670869708,-8.534763475764517,30.169559511547682,20.312367030879717,8.344000271589431,-0.2984303719264805,-2.479774249086381,-1.5882360400286615,-5.100168701653384,3.883056882014644,0.13956304308923695,-5.121962926069755,71.14947261711242,-28.65334039622179,55.21359525462219,27.600286582019592,6.285673745353968,27.708636175051314,36.48514127752964,-41.73558423037124,6.291842649381729,8.776964571447426,18.716294026496893,18.337134500614376,-6.551966297326945,17.927102175406148,21.66634051493747,7.872881776745257,50.755596850304244,3.774985490453307,17.51374044830497,-28.125299390627802,40.31845692446758,31.938433199195938,24.211128456737647,19.596275641567374,43.00626434352412,-29.752297676101453,-46.173752982526196,-23.78881830943333,-7.017663407775835,16.179441720493365,2.231088798517776,46.450888723323956,49.06974871808292,25.107434659025103,23.66248175874312,-14.855738561334597,20.90757442048655
5,10,50,5,-163.0972171324011,46.764260405605384,37.67127715289082,-54.496512700235265,27.799754069351273,167.89206023882377,-8.410929150030178,317.75403661342614,73.45057493738673,163.94129203533814,177.9454377549476,195.09904847730786,-96.78691306045849,-94.028682725472,-185.47845607316535,157.9112996416263,136.56167682415432,19.307762177000352,17.616272350662,-3.540425998728046,327.1778505641074,52.189443147373545,-116.83601328099208,49.50827573414472,-119.42949543760197,-117.02191826566718,244.9513623769132,-59.08016149184351,-141.27015057148432,-18.69687730283031,-134.19511117840347,54.01246466389561,-50.19295359465411,-240.29638789373098,-71.09723758087016,-452.0635901437333,-62.8535978843806,258.02359705136286,-27.329154503140927,46.76270086205189,-95.38489547701911,5.424637490619503,106.50809695198916,104.45884949102474,-99.93263938490911,-161.5966089802125,-183.99505000752293,-299.2377551304897,-198.19134826937255,221.47184764768915
5,10,50,10,-8.993615883363837,142.6410864702623,223.9330744132573,121.66470066254348,-105.9808348766654,142.18836184505386,-235.615028315429,24.023802852783035,210.4029793467962,-35.83665357939317,110.77301345577634,-114.62110499326378,-105.703419569179,121.15525734910376,-176.06351348322352,38.81926255291735,41.863375445187216,308.708711926029,192.11931027472772,166.2277331240183,-47.50263943540213,-164.1417376212113,35.52465013938021,40.68494963211522,-150.06455700057347,22.444032445797102,29.240866533712378,-83.23890863231043,-94.38571211076317,109.23133853911988,289.6335791661743,19.827038035508902,105.21410158058866,-124.16990416019672,-83.30440723871882,-145.8600027477715,234.46251740595142,13.591621547913224,-106.20214692677006,4.259504481845465,64.86587631010175,-37.64261166870902,184.2771792332503,-12.116855471256436,161.76636037452425,79.29932000034422,-73.79850690629424,-13.140561349295371,-179.31343912805283,149.76034848370423
5,10,50,50,-36.739403216110304,177.8520512292663,-149.16323849139232,-3.015393970630722,-185.26954098260094,-0.9295239987502537,157.00085090084093,127.16299835629566,-2.6441672796508,101.72064498758401,-87.80425553748593,296.0290534761849,-164.19796237888158,-113.48830495149896,-7.871591779220001,61.29547953488206,79.92703323066912,-50.63868284372097,1.2329560114465927,-37.74951010871717,-91.26920227670894,13.91768314423359,37.96837468259669,-90.2456895774988,-240.38903344926615,-114.69363153226288,-243.53017846117274,-52.591328933918604,300.1646587797989,87.07775289948337,-160.1135643342561,95.50090350828641,175.39060178754406,85.03137329755842,16.783117695151624,-125.53391719505693,219.70616897803347,-96.00796346991768,-169.89288067187243,50.827202387472184,-115.37031637753732,23.446579859004313,-69.41802959423012,-12.35646069550554,306.2059650288011,5.046950534739889,-144.03146523058606,111.88065185671718,4.9078558760067175,-45.03497564375106
5,50,5,5,-1.9951803766808922,-10.543144008980205,3.301509367058566,-11.879618432985598,33.86970392850086,-10.836152144980817,3.210887071497032,-17.637984658152668,58.04435741769784,-26.455379537572565,29.44695880448702,64.4808144896567,-15.879619860429369,13.350326974483032,-38.204958125575956,-23.852175804363753,21.51518820491848,23.866342613734417,13.342497695605994,-36.63140041374409,-44.24792988172268,-37.780152452262584,24.080433107935928,2.9147214309392786,22.726734058110203,54.023116539178794,-4.591848530608637,62.85564673550335,-69.26101626648949,36.206887850381506,14.479723112465399,74.13847705043483,7.102727612811,3.49698634030125,-7.255943165539623,-64.84071427982165,50.39204504305434,32.28725706025827,7.938255682180357,-35.0627266613285,-1.7896002617912234,17.72993539538824,46.24419189205688,-31.83174887962953,-1.9644522507310143,6.386759377900742,-56.52859618057231,46.97606267303643,10.350881519864954,-49.75153760057424
5,50,5,10,13.096062206360427,34.534223748609406,-58.65259257550237,8.946332826401532,59.94562036643737,5.159458678619703,16.671445234732087,20.531870575406852,2.6664705913912305,-11.408419979606043,-0.8835623226624809,-14.527409333107542,17.449020639928538,1.971002429548653,26.00739269152389,26.948874568237542,-48.218969531994404,-8.108304168030056,14.627624590505924,-51.49028964298286,-33.46789569242633,27.30055519021692,-29.129623005266602,-40.25073363987081,25.551264449270512,-28.191230128244868,55.79233465892766,3.55950673399475,32.4362121217291,64.7812627240824,43.940258192495506,-2.658018501720539,65.83899165604895,-46.98198389034284,-35.15800284759456,32.18032116101856,-38.58676294354512,-12.156242700873346,11.576341942864232,52.35573220279221,-29.559457904011456,-31.955814516314504,-23.695658662181383,-4.496053489695469,2.00736229601641,-19.943165284073658,-13.067200798629766,-0.07885448690078078,13.556293797984276,34.825992619738415
5,50,5,50,-50.32574789596049,-33.38124744295921,-35.903596614974155,-3.5308227107657544,-17.412366836620393,2.7422428387595943,25.734253166913458,-9.198127743796874,7.864639794162377,-29.854502887397533,-0.4560903273809771,7.363520101703984,-60.57673239987629,38.47846327142166,48.134155211061305,21.659586762006526,20.036818232933953,21.176965889087416,-6.116959834881094,91.78878024347591,19.64921974769955,19.94911215676031,-29.488613700502217,80.69789052855774,62.77833893592681,-27.442847491385297,-39.550431130871345,-10.068463605758733,5.9131791140151195,63.29181727740623,-31.128660934564138,26.041354618440465,44.44396245158143,-65.22749675179497,6.070211514888683,12.543590493688466,41.401408812866904,31.38367286689321,56.72577243282763,-30.193556066553487,30.59533558342818,98.45168714025056,37.874577919804146,25.24016849576254,30.459747464816946,-6.5947349613502135,20.302388409259624,-32.50276085365135,9.826845036417467,13.783756550504668
5,50,10,5,-15.52269206781608,-28.663159394635787,-53.81215351572145,104.32780548670866,41.762421744892094,-45.23442477092878,-4.1367072470637005,11.935661905096488,103.68058152445101,-34.01745346424183,160.75578671588502,62.21076427977006,-61.9022804169062,32.34603784445646,67.3343711568678,75.8393001997751,27.24535521246581,-43.36821107574719,-71.20630935749361,-12.34092386356333,-1.512568901512763,-56.378448342319054,-27.11841448423113,44.21460292010473,40.35709470115177,48.31496041970929,-96.24426900921972,-41.09300391565546,-50.94001221160252,-18.076682912081438,20.472704829676545,13.421815818519613,33.56966537085589,-54.84163422544813,127.54401607396494,39.05034863806713,138.80245042614274,12.747940944186503,-60.493393907856486,-6.326345167404275,17.494979620476798,15.484102944798806,-7.631078836766399,20.336137999208503,29.249581867000437,21.71906610999673,-47.561658926595825,102.24132934409667,-57.751514087424106,-97.82029276711569
5,50,10,10,28.237737218460754,84.12834827455812,29.436781006972744,-33.17565188087761,65.57281395696735,29.026952979633922,-2.510119208160246,-125.64937282304693,-12.722946083803892,5.36711728403877,41.87076567877023,22.244346387188354,71.64430873349558,-56.087092405572896,106.65525362995443,164.22976513972836,35.351497953722856,-9.149544835740926,-42.35394783564668,9.43859919197207,-134.33406839513322,-55.093356473611294,-109.11373379035865,-7.0990231050648,62.597892918779536,-137.10445321527112,14.62918801739232,-44.67196911263695,24.95466682565489,2.525271214294997,4.639752822052273,88.25661172885377,14.93489992930336,42.83426384742738,90.44536006358229,-74.97692908380985,77.83892365332348,1.6290207566134214,-86.8002706048775,32.21098275527327,50.508777810286105,-11.07866198128239,-111.32040997023392,-73.41433218485291,-85.00079664772747,-6.562904609290799,136.76589213587476,-17.188226059064746,56.63791753403554,-53.17913367472394
5,50,10,50,-105.5187646179337,-15.673765915422706,-73.14127616928074,90.16877621025975,107.06917601690142,-27.62512637907068,122.31955539058032,-119.65261053210241,58.20613151054912,-22.859174130339298,28.78738139881232,-11.210798380975072,-95.79675196336972,91.09544168107273,30.43216791521853,123.86418286020336,48.510614573499026,-16.873975925712838,-61.35738557553056,-38.06365504921096,-4.905138338274046,72.33974964559826,-28.54112966297665,71.15676328364998,2.3133508173859854,72.824996129033,168.61100807321753,24.022887700369978,-31.857009067957943,44.1270092874861,-4.973771550822781,69.5592747805104,-81.0883573591704,-16.702870012210415,-24.39835569243526,-57.085580756586545,-106.45378529623763,46.79083191742562,143.42312254700553,-154.44309234431248,49.9483969088754,91.77649548346766,-19.111289171358635,22.72803353407692,143.98509770246758,-2.673089666207119,-59.9425686343398,-21.69123069742557,-147.1879164644246,82.40940123718951
5,50,50,5,254.66590120209347,8.283065585980802,-298.95620162899746,-217.50341518701865,455.16144003742164,442.03865302170226,-116.3801754748689,-40.956170738632046,-353.1409379329145,108.13198316088605,-77.5605757410683,62.620948496653114,-824.3266606568695,-353.9397609291682,46.94065906045297,223.39395773855534,-67.0508418856998,35.551085642559,-172.5670680015305,-517.9953534945552,-182.69809540292064,-227.88800683548502,373.1041819332011,167.96539534453242,-570.3276717895046,10.081963579571784,160.54933783858576,131.90257881350638,-528.456224976916,-32.99020800042497,-202.04231108561373,111.28353073820914,554.5051801039848,-129.43814295570905,421.9054295323803,565.8901309792387,280.7495842543131,195.7228702397274,490.0615845205553,276.722891248641,763.6728920546678,221.40909979141915,-10.516891965564206,432.78603214135615,64.8717537048289,404.00877765225584,184.30859586978414,147.1303735113205,-378.3026236723284,-493.1670457530794
5,50,50,10,-411.6936933503514,337.41651876426334,-243.13760495275974,58.41196476410728,120.68768570192586,96.65124017925307,234.28932408079493,-54.7577685332432,76.89327188087336,66.62700649495704,-82.84354006095106,-126.78364219730564,-132.00363381306153,-80.34911767332156,266.79496792709574,-12.06172021583367,72.15042417310312,169.36266164181126,332.11852942300527,-254.38812848430484,-241.47354227538509,254.6945703346247,-483.6940319612128,-83.20478078052594,-201.09468070235928,1.7179236827972986,-82.48567615055275,22.29125499958504,-49.49614263458025,-122.79485101719902,-355.955433112273,-166.79345564022697,-305.2244845321627,-319.9485998566073,-277.3245412897074,-52.98759920394898,385.1840804241835,-76.63903386001878,314.58487660751615,333.4749148133495,210.1910703265299,-279.77668353505265,-64.87521551401834,-489.05650482458714,-676.7749559761265,-139.29927042390534,451.42759607887194,-400.25262653335426,-42.700825710643116,-905.7379072417662
5,50,50,50,54.154516676775245,118.93634743064743,500.0095436141964,517.4199693895897,-247.6965903005688,-116.41259979041271,-277.174166386299,-400.92190546088403,-320.47124454081796,-25.290390568820378,485.08123106768693,337.39023328759333,-43.417944467437174,255.61252450624363,172.20545974659166,677.0512951280685,95.98189703312542,69.8768481498798,-71.84854047366004,349.0759149280984,371.91237266511956,224.21506241227607,577.8515201363324,22.16879314559235,-79.06662579733548,364.19820906573625,79.09196697309527,-215.29136064409923,-184.79199766184522,235.66078187120826,190.6414001723064,686.5750408181208,14.88495557725271,59.62591851756619,-580.134379375354,-115.25880450918957,222.58572917792844,62.77389591766262,99.3973988367245,87.66726205463453,942.2636376328763,39.93816790903451,-348.7154718641695,575.3207210383368,-28.0358648146457,-311.1977191868929,-227.3722016949908,148.49280953871596,426.7074332991971,-394.854199074086
10,5,5,5,-9.404847912396564,-7.954622737544902,10.220542564022237,22.72675528228635,42.33362967872037,36.96055822704452,28.375627118398672,37.97032956845816,19.23930912945537,14.32103853629752,46.09367376485544,-1.2533476982353786,20.74996312694775,31.741384417521424,24.618986348041318,-12.627125757378884,-8.465793617477473,66.3871998057019,-0.3691572499065652,3.328422883415577,40.574069227647,3.0424803731695764,9.853179759980808,0.6618571203415513,-4.229275901093811,42.138610296066936,27.76194504415409,-9.950494599734526,28.731413913570613,15.675838104275146,8.738525091631315,-0.12565458894136938,15.895937033091892,24.900142977252308,25.90495324422006,10.129073081230974,15.818855905781156,24.370981597556945,32.56557572852171,6.857166252413326,19.615036118908073,7.817555757943206,16.44720778518373,57.00018560369166,14.802695881076641,-3.306021872786598,17.279126820243874,14.668274689001745,26.07948556362112,7.129017693266441
10,5,5,10,22.38247437487219,30.90463726904412,-16.42683831518844,29.07466332381951,-3.6963578557677153,19.626479463870957,14.531988086120393,36.24581889949238,15.336269220206994,11.751858601154128,24.16320173721555,7.607867475699109,20.24732009031893,20.312625934701025,13.430833959275388,26.53689466297796,18.285277285622524,-4.569506457085646,17.511946004210024,25.522107616425558,34.43827189786726,29.211945963044265,-12.773476713994993,19.468620516116278,-8.7958581301632,21.351108247499404,14.62541782874148,22.328459702786684,18.400212764810078,34.378575295064316,7.89140278745049,-5.389008834745873,17.357088283048704,16.49090938217358,28.441710748111483,30.39414550610387,-1.9195730276101486,10.715537039976605,33.27507481867997,6.713340176955655,15.588322181763765,33.702632356480265,7.586628758775998,16.83223622579181,9.070683920971145,15.828776498052747,15.137106331421926,6.511757167549495,-30.96645106370226,7.948317247320038
10,5,5,50,-14.61393269217187,15.978767562568652,14.96686105839439,9.93108908001184,34.23493764883176,14.334171096977713,18.6024205517649,-5.587778028096448,2.7914248245993853,6.145274026864282,-1.0808843296435517,38.44904745109869,40.8984029093565,11.5136484958007,23.332395711623146,22.821218541046903,23.77849533311644,18.854319721693113,1.9415383223586364,34.44693462007759,-3.327055406136452,-7.628943216360765,26.526110130879456,14.807300985603204,1.0976846663366198,12.24149128172635,20.898908375567803,6.655887396065893,11.230588660244054,0.28499272905186146,6.997299254260751,24.534521366795616,22.92447748650641,27.72711031710365,20.64528044501737,23.910210753481625,-15.129452961010308,16.555790146731347,14.796258475895588,18.70503799911021,20.69984307119283,28.302627647471084,36.86970293392682,-0.6763240718437729,30.051407631498147,22.188785295594045,17.629633484215585,6.926665021258426,11.350609367562615,5.789569235802619
10,5,10,5,78.35710865160225,-0.4869405455764042,-5.344648987898534,-44.905317359541456,-67.60775401437853,19.409524919385667,-8.965029403232393,18.959882988169824,14.859693063050335,21.755907539328593,-6.298736719846435,56.88307164043954,-9.629115830201151,37.06008290754045,11.618169071905191,7.239842682020866,13.945870215668478,-10.525930143978337,27.675082176795627,-17.586041589199752,13.639157191339864,-15.239587663738362,57.53350476564514,46.08390361054805,-15.392984112917539,38.89887947123667,4.12594973769319,-12.29869956713067,9.361453280776313,-50.80929109153195,0.4209491693269243,-7.81329664752894,2.442367231061988,11.62849590233755,78.4085238389244,39.71767194050609,1.9664396400767803,-27.45493490868603,-54.63023942245747,15.321474717392686,36.61412758941125,35.00055439728665,-1.0377379347177786,39.337010511629174,74.91814324318372,13.03130287512956,20.2162847345994,71.71325481082404,29.788073441382217,-31.42782004028035
10,5,10,10,36.39949981530058,67.0203838595433,15.737365484414296,3.3654656280768345,38.3551333614823,34.170012358291714,32.87223055348508,32.023752233987196,97.14364604133979,-2.427091840913782,-44.707768222535805,53.65146620914179,67.37945697561162,-0.33867108106355204,16.75280634866161,-3.284606331073162,24.544612353392978,10.665144649047125,14.4219976233509,28.06977338077244,-14.133485959768318,-13.15988594386748,22.882900961371554,42.02836506135601,37.8930723301858,54.12083993317931,-7.553232205937309,52.75047327766276,-8.480319342654006,39.43472366635759,-32.97932776803465,0.8909268541689492,9.243666167971824,26.85034975086789,26.731115110808112,17.972910132502456,-4.540798482817946,6.908133789058429,-3.4711788229910603,39.9119587748705,34.74461700270356,-29.47403043916087,1.860894386386235,-9.367589009501273,-29.157000611468348,56.76257459022067,38.83545640105103,-27.171844152382917,63.3906752378964,57.87210084623068
10,5,10,50,30.75621495812734,2.872736259343794,-7.276539940439152,-22.546044847814827,-19.76760970018326,49.9715497985966,20.09552999662193,3.4770833322259707,73.38801809207106,-1.4403954963409369,-8.594296966471084,49.01921032680165,42.25919489667491,61.51221628527002,-30.505411568528835,-6.164286264849579,-28.128800761510995,-48.81233808657338,35.4937213607028,-19.806286233856312,26.26745916718069,46.603423178596586,21.89388132961093,37.61143555256656,-2.1060702396356117,18.17755106135317,28.851375763593495,29.47572946908653,-31.88695660383475,14.341203856953438,10.722702840870076,-47.335179952248765,32.81149009697016,-18.729210455987303,-23.254389589285587,-1.6033887090643955,-10.25602644188416,89.97540368875215,-19.105622686031627,5.020634152366249,56.09998521825746,39.32920600747943,15.963456982501908,35.271687246603086,27.04952747735725,7.251600940832315,40.64518567249927,20.44977439038061,52.274362153190495,38.13299985947547
10,5,50,5,51.85493972479327,-129.55138690368307,-71.40264185761933,51.63327078282499,-68.12230364178062,178.1575942416664,-233.57823066825932,-219.5640090994922,-168.93881751654268,109.48394095891348,66.50029052288883,-28.36107197161572,45.282778609314086,-29.931786476602827,26.202467180486508,-33.00961646525437,-38.09176263930814,16.605221351069027,-166.59263362587149,399.1552804435185,-213.8293876970348,-23.971295973028454,104.40446601403649,174.2170646749675,-37.30931431862852,27.63884479998047,-30.77135643864338,-176.06159554423425,187.96674956657438,106.53895510533856,-74.68480047575275,80.65108735258843,44.64580775030519,-268.52355707835454,-140.6189013174024,-21.967671863254964,90.91200103048949,287.56858886040624,-144.27635715620198,-13.962273296229228,55.41196489311347,8.831357446761427,-71.51073044347254,2.349842683116602,8.842277389747316,-73.42011452221107,-80.31909336387528,156.18947729010972,-82.93763738342803,167.99745541238454
10,5,50,10,-47.035090427201276,-54.84266393520612,48.13282763725635,85.39428061749662,3.903797463472614,-119.75487122479679,189.43822977703485,-119.91357270666784,-157.64324131570902,-100.34093460175505,53.74188955167607,101.55531306774348,88.42183992614324,11.446075311674345,-225.46997653551017,352.37200028892414,90.64842971921512,141.46223592887307,-146.11146796609134,-56.66083789515547,44.14706509621699,-3.072000690137422,146.3721057346439,128.77021717486622,247.72609057812213,-108.6164838840374,-175.96335618794475,-284.047614146559,-120.51580537890925,-11.021848609940852,39.85276985327489,62.59012580140383,-51.773175323485845,-98.52424182547026,-12.099597996840771,-299.0799665352424,-29.107124662828657,-280.6564343733544,249.8140579797368,49.298522110177004,-154.5600994392217,52.451593986018615,-207.66374225393523,49.20114968298465,-207.74777882738158,137.4949766966059,35.289946455899944,-216.73658721027803,-50.08474494683557,-120.5355912342136
10,5,50,50,-113.11799739368621,-252.31170029619383,-83.51168293008861,-53.1791070206294,115.03563255666921,229.43029654188865,-61.22748926457584,124.24143689027947,-121.41402729773588,121.3046871735923,-158.7259335297956,89.17296456636019,236.6068143606854,187.55299904611826,44.8031951850948,63.91729774530816,106.31830556559252,396.8596836942431,36.47191807143201,29.469739555968864,71.5066106624914,4.007473674799744,62.587397046672805,-82.84102125737103,96.79238175264744,224.44480440102282,-81.3301864879135,54.612118092825256,223.49993438272068,270.1975453625649,-168.6534116836912,159.23552985563123,-119.78958115896917,39.38212447772562,-36.107296707027196,82.17777687002419,-115.67104998118155,89.2120622003182,-16.89713923258935,-8.120882137416473,-25.281964736320184,160.24711108961682,-72.62516566840789,-236.39630935691855,119.48168680539852,384.93270336476263,164.97168727937466,18.57161895859966,-86.59190513156386,-124.93216404049119
10,10,5,5,1.3196582062761344,22.68323102922723,20.37588442754672,15.363906509451738,45.36163452781933,52.77050087172519,11.20338153984413,4.204811090770157,22.63822673179228,-1.9465594788457459,33.22520691883747,-6.719099462839466,-17.98728714480466,4.371537006960192,21.540242331585127,42.10154983062439,-24.215334153191037,54.12567755597068,19.655014660681807,26.400402404692713,9.557605357000124,20.88050252986773,11.60291788918438,49.60069376321934,43.594570655372536,-22.079595041736994,-0.6585886483833683,24.722450793284622,3.171068838755425,-2.8375547303657456,28.898027939808912,41.866690534989864,5.412564472901332,-3.8030173990869844,-13.3461805468923,11.162806255797639,-2.2648743687319666,11.326868697169218,16.198369557225753,19.728427029296334,40.679400572619926,44.077990856329976,5.680488148630188,-19.608199555015172,-23.15309148106533,10.855644339040989,24.506093836197817,32.83564348178592,8.085421138793862,5.211207046573441
10,10,5,10,16.33363351173643,-11.837008734363028,31.274675158239337,35.861104424889085,69.4269260287716,86.26706600305263,20.520932302220125,28.649242687850077,-25.44914107513283,14.074402807399395,6.083752708648652,8.17752853853454,26.001623421397152,14.261499846613065,18.652214335726498,24.05531568723486,36.788035100647996,-12.55165836487275,5.382532717472985,48.7367876349031,39.0577360918686,22.394710331566966,7.021591018588206,32.64775109332242,-30.849643539203047,57.35341077577096,11.647394675129128,20.587374730982447,20.211747903279022,27.40923537594823,-1.8723840435824766,-10.257939718474592,-8.861348248179876,11.139362062322213,49.83269896932721,7.427664241796615,9.83311751642541,26.941175088959014,11.157797031037607,23.067480102961557,-5.615719029902013,12.804600920412655,31.599836400035215,40.69736064929175,13.07025216334295,7.149801273575022,16.19640650370451,18.278624953932677,-2.2879681178937545,23.847859896898427
10,10,5,50,11.753563286068196,2.382063773059471,65.8639894944837,-9.139295859944134,43.46946282648754,-21.961649929945093,-20.762776511881068,10.341742875176635,10.238589489232876,-4.8877820504550815,30.986064363500496,-18.386636589596087,14.493448776774336,-19.702922134674786,29.023406408426826,31.322833839250762,36.052874122416554,11.855072050654563,62.96819451585512,17.4895058595815,-28.941769798340292,60.055059409914904,27.59857566847418,26.993775454883988,18.22788914620665,31.058510753186635,2.0052952383279834,30.013091877765852,-8.618751405777514,22.56648929293778,16.027939180278274,28.434129737730082,11.125947372546426,30.64035100768526,21.000471970060964,21.022148096960212,-9.3859826222692,20.947379305406383,44.60238512159022,35.77080527360404,9.41389673468584,48.04799749681322,38.32998739700717,17.310005566576493,16.267991335699843,34.052109513584014,-7.6598669921786815,31.22832751769854,29.037560514762653,38.7747060541148
10,10,10,5,-15.20602663513361,58.13411501145844,6.277264979426806,91.71945412189278,14.235331072449126,-23.850877993697623,37.45607250039738,-15.145703800488945,25.628670202150488,7.678348414937771,-41.60916732229212,97.14673723579016,15.636440821654972,36.52562594978569,83.2819080302066,-93.11254339203032,27.236226403187025,-23.17107183972615,70.66769110435769,36.51043123325061,87.38603434111778,59.177826450471954,-2.8339063288449853,-5.722076809963077,2.1757735784421737,55.06240911203709,6.4437179092294805,-7.504203917003668,-0.5559246041457584,-26.051823587412798,56.67162775782842,-40.982689313834854,69.34147658594719,-33.47217523513707,107.75734910562252,26.4294443056734,-16.127540653689074,13.579648789901825,48.760879984784026,50.06862297173531,-42.15963771205359,48.99561343579258,-12.075050291887761,83.74274829957189,1.8498254253140587,47.715720119989854,-22.764837018879877,1.1202753315691867,33.65709625479717,-9.447545020762663
10,10,10,10,62.57999232046827,-29.02048344093705,10.405245751418985,31.697691227171497,26.0043848330069,33.86475345286687,99.66400738551219,-47.14140044767985,46.62711607373406,24.561897899677188,80.58255111997511,21.361778833353426,9.035979384764087,25.25580104303915,-8.93065350134497,29.998607197914566,-46.42782109793007,-8.182932425023141,-8.715301755018212,57.03815134844342,8.028043438884156,-20.757223991226056,30.878271501379356,0.012769415412975604,-69.9829088950732,53.53394918414786,-62.738332871136436,97.26329463410572,-48.013446802858354,-42.847173164074206,25.008476691457634,-15.660096008078522,6.356471327245416,-32.54857977049853,105.41572384988883,55.100135880555,-30.729841685373014,8.172554473903212,-42.78545276765527,40.55444808045399,-59.0406148398487,54.89921718412265,-10.011719515845478,-58.484202328400826,21.974102622967063,63.19401924812742,102.58742120141076,14.975343945917306,-2.7234226819112877,11.26259104294141
10,10,10,50,40.681323189282764,2.718379275742799,-34.83174624918033,16.982187632065916,25.180482702906282,-53.57267305429222,-2.6910098546520933,106.26613833351198,-61.46410180886514,-132.60969176182846,54.72846339939205,86.14800853625137,27.219752651961464,-40.248155050847295,52.35618402918648,12.01336368623582,21.09270718240772,-27.14695015104075,-7.956210987227651,7.2569554686552795,36.400499813896104,-37.403230279196904,58.56682787652858,-3.362006534119079,34.53551603321414,20.423551045263586,105.44653026496121,7.713884569908454,9.024085786273993,14.442839238379566,-41.064801161269884,4.045238410015651,88.61465111992324,39.436980925508806,-23.160824401503007,7.070942339554243,2.969059706488225,12.434668560710975,-53.38260215895045,33.591413964766474,46.91404227731262,-19.779878222246488,87.49032525862981,20.4928655381824,-18.84087137344927,-69.05541637235528,-23.825917430901793,8.57570919472171,25.452169938905723,-0.16826706940316782
10,10,50,5,102.27168208315871,79.52613242585022,52.915944341002444,-7.684122463766187,54.68083885715302,242.0061697523331,-267.9875464461251,-72.3485591282057,-130.49930009148557,152.61133639169756,348.47814230587755,-50.24405036833798,12.35035241961424,37.763124474546984,-49.07621432694638,-96.23761507581918,-163.51473030662265,-385.7464077419599,90.72235196560317,-201.57814368385803,42.06952079386946,276.73686933564875,259.51544531954056,-285.6729690411354,130.83340512459887,164.11125133243723,-127.886769594779,136.27451160874122,-24.989336546715695,-174.82787830416802,-298.63256404074616,135.22365063855074,105.36690888725991,-69.14059203553457,-165.86077119889237,-76.70467277527479,199.90929340325403,94.29448095126338,-3.22599747050824,-34.24203895619697,-86.04312051661043,422.44841384213834,-107.89856264152249,-55.96390514832167,-103.64226540522827,46.275681005023856,275.8547573365934,40.098047881843485,-191.68811599613815,57.14671342337255
10,10,50,10,117.69891478753806,117.53892956944551,-359.81168886677125,-44.317012665316874,-65.95699602542263,-167.36563706583823,595.1716627085123,-73.5920353736146,130.0594521641082,93.86600346127356,-126.4518886549374,17.030346276324423,69.27311937746165,-137.69739597564583,276.30654139690404,309.4633843354939,192.17774358616893,-88.9964136000522,-148.4881850827998,-274.5135055425622,267.90648272779805,133.97192049901088,-233.32490424083622,273.6139828535165,123.55381150788072,-92.62483074323426,233.89018389371898,107.3955660307158,-36.62531295144079,13.226501487663818,-138.584744532527,75.15271243558296,-71.19562860193889,48.66112808498637,216.3599704617095,272.9150833903875,321.8579805795872,-143.82740148216197,289.98861398028674,128.3754392991548,185.82263401874854,-164.1079896716777,-252.60171896366072,-274.63745731942674,146.6036597822151,53.17026759658367,-320.3587515720842,-59.245229379628675,-3.386202582805753,348.8086641092212
10,10,50,50,-65.14533375760007,128.35748824152597,-40.737035949500495,281.00877325783307,347.6401984821439,-222.39323147370496,-116.55454164709792,485.2360401692244,170.6539431410744,-112.08574757544909,-133.26252805044805,144.27770785276445,22.324194342089104,187.9078302890664,131.7506772531576,-96.55955576869,50.743960052804084,6.092697252768698,-3.717231895041756,-69.92148412628423,-213.6893956880303,-107.94780384753017,265.1511452807402,130.10523070855365,378.9734701678413,-249.04725137955776,-66.1605090142609,174.73481480088742,360.79016180264335,113.27220974822816,-334.7935528900858,90.37353747836634,114.5395485288636,-74.29840387034912,-298.2592553015748,35.3600521787704,-151.6857241109051,-291.06011414584344,109.77443758027496,173.3656831468508,7.588733684039578,116.93345523189109,172.979157027956,279.0600868564182,101.52436909308418,167.94778850971636,247.23286839818655,-181.89755172235422,651.6373921627328,6.690844446248153
10,50,5,5,13.336799193464762,20.262336560168066,22.420082236311238,8.709294295141579,41.71660498901523,48.61393588501522,47.16170313335544,-35.529028404358215,22.966380883677843,37.40966510917373,11.558334055796655,14.929270837097206,9.610538702517161,85.27999078288299,-65.36292424975878,-7.923517087145324,83.81317037165641,53.848915213378774,10.214497307612572,13.20658355467311,-27.418502524065616,19.323691658467123,70.42760490020156,9.788316872800918,10.548630541069286,-43.34071340617756,-14.370159579410092,-8.658042351524697,-123.51235038866233,89.51910903810597,62.819652626633285,-12.735025633626826,112.76271834672298,17.822680876295273,41.87892919081262,22.168568990571224,4.355468571875731,-34.427460750559064,-22.215530260261435,49.66187148756424,18.600567260611857,-24.423863747704317,23.449554619779157,-0.9846374095644066,40.6176699880203,-42.76696198372566,14.753707563962644,39.9136051104744,-33.346871805267845,52.18203605641111
10,50,5,10,-43.33362974676088,16.14731071964964,-61.42558519532672,30.665605059800395,39.83828873568787,13.500849502840595,21.82294212670261,33.53754470243388,7.8276260058000116,-29.15736607927893,57.17487544867158,-43.8010749375161,107.89853196085946,-25.267240561768226,27.79621714829418,13.300673412895195,-9.10762757788319,23.47000674119206,45.862846368282774,-22.711925423202587,32.27939285944102,74.88391388453928,-17.10993337482347,58.847849163642444,15.92625660330716,-25.277055001043397,36.26779174559489,-41.77848176742944,-26.982231626580315,82.22408212033221,25.681320059299225,-47.274823267110705,-19.6385453026356,49.788923042785086,21.494752514858668,-12.298325271535369,-22.049881541449697,87.19866596975346,-10.567672222257574,55.45756428870742,-2.914884409765783,19.18944731571457,30.124212414358713,11.508841158638871,6.037311785200824,-3.967907804373545,20.99402036369935,45.65763315452706,13.261717007005903,51.82847113531953
10,50,5,50,14.8902245527001,102.14440856211753,66.5248813287773,-21.519936604272846,-33.24803064826522,41.906986315674715,27.981670257036118,-3.6562684367487996,29.336579878593056,-50.59546391821485,-38.08311937634027,-21.412530015449597,-57.952714940781135,68.1965831788364,18.549386602224775,11.92952393952178,-58.91460147950787,-36.1611692758642,66.95073847556395,-19.48939939931188,38.428603339741414,60.593333575961736,-26.919961115780083,-1.6463229914325908,-33.9387310388079,35.3259939762675,-79.26027601112716,60.44471410388235,-5.143454113144369,63.92156894065869,61.6947296184066,3.4182093757258247,46.864079187149585,73.92932394859044,-20.206524603169306,-53.30700680711023,8.389235906967016,-40.62861796564703,21.024406792157574,63.326272365475845,17.48737313933588,16.91231620643334,-75.51714880830437,22.98693912781319,5.3278926394519,60.06865488856006,24.950989985564384,-19.92814047313419,-1.0179569688920296,-6.387806569731399
10,50,10,5,-45.298298176058175,2.951940986407804,-99.857701638878,-90.55033504585704,45.82499884290289,-135.39465739381797,218.59067005477792,32.91842388239351,-65.64472784124033,12.871331936488199,-83.3616616117839,-24.876658971302216,130.1265790728542,-82.8734333918332,-74.05163425764411,96.64000385339065,-43.59935316314991,-86.6239010749348,141.72076911771114,24.67386211210543,4.131439733608618,44.72571108988805,324.12523684044476,-80.96825041140463,78.3125293247398,-19.969753155015827,-45.40400174051078,-27.475253555557092,40.68682316268163,-137.49297225225877,-86.04373526187867,132.19536794078823,77.57231310134235,220.0307622807111,100.15831394674669,-21.115902095588027,189.74194311586405,50.531166273895195,-60.436915171129435,51.65525907855612,36.588809664555,30.705281256183646,97.01148807943231,64.31948921493424,197.48804790943367,67.7862720510706,110.91829861720517,-70.48259036354861,-71.6931586071795,-63.234642316134575
10,50,10,10,141.88747681934007,193.99540554143118,32.56055566221677,-40.470102785912694,4.111970147487764,-278.07700454955517,71.96881613977567,99.75775677609235,83.69783943677388,-143.66318644983264,29.691325957316316,7.503575256970143,38.58790840681118,89.59689805619799,125.96632698008071,0.39998061936477924,-69.51265447304178,-4.953071509800296,183.0280466197273,8.969873846669255,-122.35748327670458,-10.87678038355547,104.36382762212062,107.14104280489858,26.633183852776455,46.64378097790229,144.62242435347028,50.7083939578501,64.4420041457915,-132.59838843908193,29.405425279385863,12.737447224903525,-152.0908571875334,48.539345984634025,-83.74202476547617,38.836067382018804,160.85658925281166,54.25705289142183,57.27867511668296,170.4308168737352,-111.71875733692922,-30.104229437675485,26.00406062486022,-31.771103329667792,-31.044604104020944,24.118557097792248,-109.52472482560557,21.060535933314863,199.15235692161522,151.14355898940406
10,50,10,50,-130.8800116403953,-5.209247462070174,-55.65397142659415,57.935010711985136,-18.270408770463987,-51.53572760473227,145.34315338117767,5.57980746241017,135.74927853205182,59.36257066133282,-56.5000310349361,95.55682850182453,90.41383905011101,-41.8375223314779,8.702379258862873,73.75477839359182,30.387544931832334,-23.894948308704215,-45.37546888230738,42.26091709278437,-13.482449342518251,-15.951661078497388,-121.63747087891917,-111.9037661364357,-56.701729959622405,-142.50527173397228,-155.9054299108058,-194.20647880414842,30.704205930679777,40.164089942449806,-80.92105953140288,80.80405566615572,140.76788112407485,17.62330262305744,120.29421596710175,137.5565847143839,78.07130302943263,20.488136664606067,64.22609462433675,-46.73497066463886,-20.266010512552764,38.92104710330964,-12.850987240008262,22.645114708641948,-43.26353032054848,115.16922382451327,-28.62999912420651,-34.71961086955279,-72.64901402535571,-149.03944451357162
10,50,50,5,-858.8851543501419,-187.95178423686028,103.9557054139412,-682.0972409552857,82.29633334079419,251.9229993739015,647.8829659675275,262.46463317034403,188.3879196006396,-326.85222066047004,523.1144427800268,578.6997857003629,-497.1319118105136,-181.379831685834,309.70920016728667,-831.5707918917716,-135.28639699246799,-89.61411878820385,-274.90561011652403,-128.5548358138562,75.40473645659827,-522.0999718742398,383.27914479210654,582.3867473472382,-183.59426472189315,-47.60792926022218,-179.5705438425417,75.83207999356158,-801.3872811385411,71.61461862109007,181.98803101487474,-356.9790979444798,-419.8074848540085,447.6896635906783,195.34530883260987,-719.0198873558978,-4.729916175573484,526.6410287620572,-63.780869051038195,1303.0777333216147,284.3516672431468,436.6598115772624,1056.9033097849929,-17.796256399926776,-111.95766224763388,13.606950819200279,170.1396903443911,36.15871147502852,-454.1647351988483,-9.602893535276223
10,50,50,10,297.55411135012196,-188.2170383081763,21.933381655807686,-0.25000248905045197,-66.14392115210705,457.362839200657,199.11661358377987,-70.4319294043613,-400.3966015743375,-101.33042583498354,-109.47794151681536,388.8831116226756,-335.6219394134908,158.1713215304908,-326.3264207715117,347.3045931782797,606.3472217735273,-441.4148783867302,-287.9563398798198,-209.67245087546536,185.07750800908974,1107.1046839238552,148.18517486640354,616.1083112174983,183.10958340705267,-76.22110600518158,-46.54157817632347,422.43613767864434,-181.79401957552616,214.85032062628744,240.47728509172106,371.18238326490035,-89.91428212327996,174.80949596454425,853.4924558277628,-580.023138621634,-213.0879723046591,150.96081841657593,81.48251487513573,74.64625915908198,653.4185856791189,555.2193260976888,569.2513464686599,-692.8949096494163,-984.5556430277431,-0.6104946795266422,314.46438459611494,-287.2737495700905,57.98837426450083,327.2897169397326
10,50,50,50,-179.81262733661507,-418.7687658011213,-208.1092029417162,79.71263481408005,-411.3892218603875,245.14492787083933,87.9089567037226,-275.92955216824043,-943.3392991922667,-163.0419894269615,227.33584145054752,294.0057782246444,164.29112843652584,127.60597714739731,373.1905949846528,-103.44741716759955,490.6959206662371,184.90040879577984,-541.9064444998953,-203.55139974321452,277.5423128459353,-147.62494242180102,21.138778110268056,-791.1791011718963,409.66353514137205,201.2775433232253,245.9770310304738,-502.08494877336494,406.3468399998391,-741.0950598435426,519.4242591950895,-144.26520040353876,-223.1965644307413,140.07620059832456,-56.71561993687859,27.79807422251441,-503.39147131829793,-189.26894797766028,-443.71049046011825,238.3195349269704,148.4284339390985,-26.093373746442097,229.2363343632344,-124.93456299932976,-646.527935809496,567.7652869360651,78.69103081147256,-873.6484893251561,-272.1111486583281,-46.338549847161374
50,5,5,5,105.73659992516369,91.11884641838608,154.4909468813182,81.2673628502003,125.63559694480966,132.79209249017867,133.86548755890237,53.10627080914961,104.51997012700384,42.70898723549599,95.88178388941922,114.21271410036645,121.5326838305622,75.15985460236763,56.32526739183463,95.64243571724494,109.99361334715044,144.512501159331,59.03626001994061,101.79253790176276,64.87271140313757,106.59260078777547,83.01782127576638,186.12434190434465,111.05388964448488,127.24924740044828,84.09333762692711,65.05041816056108,109.76520595806348,121.78063548275259,48.562592933085334,72.9410407550983,106.43193987089542,69.57709714636636,146.66470595750516,48.11926400334984,82.74376435872877,83.68695844949038,103.428097243477,103.47588886509544,83.37445380164856,98.75345468799848,135.21613344768156,144.8649277167665,88.86547181460904,87.99670108561443,47.39606914087165,78.09098770575423,115.59686743412922,87.87792014403885
50,5,5,10,28.17524439291752,119.61893438140986,134.43910512148784,61.478689010365045,101.4337451156758,116.65255754793066,74.93982450647117,82.92510909676906,122.91237193716366,115.6908766872356,76.89571697328753,135.27296980114036,116.5312676699969,60.954883798889966,130.45584854701087,144.15972984665194,83.7021500010965,48.278716079785845,11.746278011752146,100.9061670718539,58.24803582166932,22.698707939161544,8.909430880202663,85.16433818245368,104.81306412520094,98.9571640751214,47.53336869866629,99.28787676817035,36.53558158935067,113.56215078256514,37.111898518865026,151.84987374707336,53.28102540846492,68.5897950223983,133.6384910976219,88.29907526500224,94.93314908317437,71.96020085252488,76.9242673937463,117.87467466571303,156.18572756576606,100.7015796033196,83.15146850310202,186.99194695976868,164.7302925350173,91.13938857638297,101.3050606408331,139.73854978531728,139.56954557984938,72.02484471796654
50,5,5,50,151.54629187098698,148.03187370264308,172.5657991109832,83.32193742598125,124.19578994761623,56.657410315029246,93.04574791537054,17.474076978661962,55.44904047050353,100.90936732274307,69.98340348007113,183.55553856719803,104.80168646874876,34.83257124948965,103.69066414901852,119.23386832112345,46.0018580465403,42.70475546915476,98.633879552292,17.426509426776093,38.516744645644636,157.97502944610324,50.803870813775475,54.66231882217326,107.82608226497997,108.41325878974236,101.81338176017806,130.3714503014733,63.870837060421316,89.43326667771166,74.30302028058495,85.54507554354754,94.77127182157074,68.32703568432147,126.64468350428672,74.12320378959481,101.39921432060402,92.19460903968462,98.44290190351592,60.97332316502735,102.47585603930376,37.27107071833661,152.14088121735472,59.46887654067408,109.19230268816442,77.29877454329198,101.24067419912322,91.28989497455787,41.58892616846703,92.10994204327466
50,5,10,5,33.08157569926994,162.62146854535058,108.88916197654821,-47.223234641389325,94.5039714610484,123.33644991933599,184.7738075907846,97.84491977117796,22.377344872340167,95.61144894606778,69.30203308180154,-87.07487777794822,173.7933752001325,132.47847585997545,-13.387252096124328,94.09243468251356,97.61281971320835,-43.038637239397076,68.64682594016753,49.691154548540915,45.27582564022266,192.48984572121515,213.54147700731878,108.38791728943758,86.8586566878211,191.99421872610841,-51.26290517340911,103.50837688269819,78.33452151338264,81.14388340483575,109.85531572864602,90.19140353108838,156.7860146458751,184.2717579658219,175.65268691452854,137.2336071155646,163.04258319738,73.23472871140434,31.2423574276956,52.39303467962307,88.85960737777242,-36.82288482199996,14.366264682195421,108.32562798834627,188.48595352648755,133.8850157264723,40.077642012892824,155.4775747208847,-40.67008044375257,165.03016051699993
50,5,10,10,89.9142011512586,58.32384216003959,274.89490207100806,91.77969197669576,75.01942694577956,33.72676849538843,5.188346829789808,133.3322027207575,215.67996683008863,132.25999572793293,1.9121747600546684,72.4736893356488,115.46803540172917,101.02106455978077,187.8078846715955,36.88469222307847,147.94477493731023,71.47027081769579,49.15099165547997,61.85050272416292,77.60260408264996,-39.30610090288765,130.0133574727639,17.55405434394703,197.67338641754876,62.37449551185202,119.49456546597865,54.30408586176825,125.58838693336753,62.14492743979634,100.25758370136086,228.67871078575337,120.97133428811671,143.97480853887203,67.8692514091128,13.678076966047882,64.1731190908142,63.12289974371838,37.171536074070694,204.5296448842371,58.61766582798851,-66.23372850330416,87.26696207773594,62.67567444697052,-56.61140793055135,109.46809141978534,107.37358622413291,94.96480268402628,159.39978143289522,115.59261370380116
50,5,10,50,61.99299493827378,44.12236056498702,100.81121474552603,113.23441931032269,103.34340294877722,127.57784692339604,32.68273628478053,97.09670241030241,85.4247470338988,29.607802875555556,102.48762396930972,156.52973224727495,40.2677129198011,101.6611957680942,55.330489674513196,119.27935420431771,201.20880481243273,191.9360329582463,74.25776122436746,72.64708498596862,-25.521591673913107,140.64171967611603,170.08457917750246,185.10002108117698,146.17843791641428,139.09977100752553,95.67017406525926,93.50913551555766,146.6626065030283,89.533632905152,12.393785311390786,40.0102442229895,103.30859699990093,34.24053204097244,91.54248293324805,83.11039453534713,119.70136116359566,157.09768272245157,79.69657152763911,1.072538771694198,65.5350365108595,126.05921526317204,186.93643220448945,41.273511300826996,192.2059511820848,124.66514359498248,136.5308690281219,113.22417386928306,118.55713661006016,12.84544464678494
50,5,50,5,-378.97882703862183,222.58550352078328,150.05118994893826,-231.95830601790243,218.57362380771718,-161.34908439512878,80.14923511632689,-121.1128436650089,-8.416065159939365,193.51275496745453,564.7520221309014,458.19439405756447,-303.6486019843702,285.59065120147005,-155.76356530088776,44.073569647108016,807.438124400669,252.95404452948594,408.3408878345446,382.35547779089313,-129.66437614825355,250.56038121494666,283.4390888562459,73.09460998775835,-139.23888454423323,-212.37791601695454,229.58597672055376,-7.585575388085665,-150.38504725330301,97.42660224010305,22.437855765604354,-167.40913352746668,-122.01965768150978,-135.69593945931598,249.23265980130606,-129.089813512026,459.58532162020657,101.99502517555345,-153.79384417070202,-108.91753687015384,328.50320817637,-121.39392138215234,-94.60738596829076,-242.1743720847739,-234.6159855398948,147.58960079629225,-122.04184490093786,157.23091729542384,127.16850493560091,495.14930311948405
50,5,50,10,-99.66044893380388,-10.500012495851422,-200.07225909881743,135.3567279488521,281.552409627144,244.05507529507344,-141.0038370779574,315.80260971975076,83.91825177096503,211.47128854536416,552.1145355177446,118.80403365950104,-113.05011950955634,-309.63560595637193,178.5282588945074,183.43401703539757,107.8624945731109,187.33976634487507,499.22768840652503,344.36550127425676,-62.00951721997717,524.0800050065474,-139.52496196810824,44.92933934469566,-51.09458483565672,-106.78771111478491,-81.50892846310495,-870.8737038881991,175.84334993226855,-516.9895437534357,110.73855079896381,452.90503914284625,-79.6451973061905,-25.873670257260883,-541.9665078026305,91.0132862145793,-288.97102869714274,153.17821025932494,-236.44256964442118,-220.42184819251577,232.53343013112982,175.0798694413844,486.5456190042377,-257.02324684652655,453.35968101445957,141.73550828259386,-122.43426263997978,225.816731686504,-206.48959062455253,-481.1685582415547
50,5,50,50,140.19834779398792,-310.5593607769233,356.7653153729759,-241.5511129983622,63.12568909546655,68.67382796514083,214.2981746557798,351.280515440826,255.5737561624607,-6.395218921971576,-35.171432413132436,35.619298830807594,-359.9173230870841,-30.7385151338907,182.35976017089962,120.71553222795941,-451.19428276291427,-125.47465314491313,-18.580799545816916,-284.3942550079995,274.1128050007873,396.25608366123237,-75.15558475184582,350.8127226180844,692.965435677243,104.7982586260182,2.722854176867429,572.0401092823151,-330.6265852876793,195.22703252496999,215.5174739803035,-494.22564517822747,297.6084796823412,56.81112780347787,360.9392936884442,709.0892437871896,55.319860670958775,-136.34649846095138,360.63390641453077,-134.55122383254414,-406.7793626804475,278.7361892647642,585.2297080625987,282.40278685319936,351.895737908667,571.5625530700125,357.8786533486579,-800.4760884490332,426.48046555729354,441.6951151145774
50,10,5,5,101.32612722579256,161.3825744115243,92.1386003851409,139.30548461259593,46.83743809709355,146.58374394358702,122.14677726884159,168.9677596922553,133.24210898112378,80.8516893508347,206.44208644545768,45.704555971163664,101.62445069022593,20.784417996388697,97.22207658188633,164.57767745886764,42.332718767484565,141.02024250746194,181.34585225274935,153.83634318454241,86.10592920817855,117.3848686631946,43.221834558244225,127.42694397446377,100.26461453840737,45.56611537447806,51.58524629913701,2.3029165797006783,89.4095957087352,42.16657318601098,70.52498731752056,125.68930134150001,75.87595367204746,107.340835093599,119.1428769400753,109.01248129508377,126.00696074599594,72.0270527313948,51.30607795260158,71.96898952407567,118.1202160755893,137.7527820201541,100.51425381427632,55.38848155738816,56.35847723059305,52.434485524462204,163.8508204237134,172.33840766884583,102.03924233082671,59.45287188660386
50,10,5,10,99.26848136222222,74.02232951710519,46.16044435608679,82.70780047420234,51.179072420771384,73.5446388371005,101.00658258454396,111.49380432704945,63.87321495981034,97.55753361361715,139.74371965099382,108.22023762330278,147.27833541251775,108.1286961002502,108.57353942621808,105.3606640886045,82.00571777032188,157.29849580939413,53.72871501297539,55.07641643615997,166.79103679774823,117.26820143477735,110.00741597642714,110.68555066938328,69.6007543052151,134.43122073640498,66.82579154212046,52.069770048319334,30.535781385350347,61.852607492914295,99.97644459826466,89.51589821195937,97.6037915496543,86.17226565565235,144.7493508136695,39.643604149549944,198.13486753195085,57.98160279723124,114.98493433897625,-2.7140642258003,-45.962824895858915,109.79550596452873,51.26617049874582,110.39216796597135,84.643154653702,198.01097778290233,144.04753989413908,75.82573234970629,104.50409520600525,82.55418216161985
50,10,5,50,18.295120432934,99.69630772364911,75.60218093128371,100.07178607504574,53.58817008131267,111.8182453549973,106.66415902951748,173.90164610908582,92.96656119858199,100.15920937378566,46.47298869691991,90.182380320923,126.33810095967002,134.96933665539444,110.9791555597579,60.293451453616676,75.88685279090092,86.0305570779918,112.09165119758435,41.09127611442628,95.43565454719246,169.54523550050777,139.92957760053167,51.73849328801754,95.8388319288809,64.642776286248,60.955489273357884,49.73505912375714,153.28495345160752,17.496980065594457,60.8486942979049,78.41417501865645,148.91628279886595,77.5634984012431,91.36218559540195,84.39885115792508,-7.587954282355156,86.49429200231805,124.24525837633296,106.35048864726541,90.98608262332439,107.77499581547572,110.53606216556365,176.31865692599595,66.02644420214793,10.541337862144509,107.65937386780814,208.41922686849847,104.0921207044469,164.77068104285235
50,10,10,5,-107.29496430183823,195.481616637025,288.394689766033,76.20220431152194,7.16864343663498,30.200889301941004,229.64110193061123,74.55456178709427,119.40370851415007,-63.918334946863666,53.90709887056123,19.205843312693418,86.34338499240803,29.97767254698313,234.69334575571838,187.76876924621013,-24.184481248847817,79.79462780606545,261.13439449600037,151.515528576528,221.09586949417667,-70.66051647507697,26.765080197715307,71.00393146756248,60.914207050148484,343.84147360793384,-145.1128172396723,-43.67913425160086,243.9157296755772,41.206022137557895,-96.11345934664189,131.7415013987325,344.00475897702586,-12.56373178168326,156.18660678129518,66.58781798194303,141.21987531372736,283.21235183179596,321.19292576864456,-64.9531952376629,191.77212203179892,196.12236229273066,115.95804938058946,-59.077707632436066,69.31592481054241,281.2485932037348,217.32137344001427,-89.27448760063675,168.44875333489097,65.53801801853278
50,10,10,10,14.529236302541179,162.5869046807454,192.71434967458026,163.58538920869879,164.18562121549107,85.22070095711484,75.3039361647507,128.6128545928245,308.764474085568,101.11002514116308,39.52960599328976,80.16229787566833,-69.21214293248651,100.84263072088405,17.113669368072323,180.07234146008332,232.19698950738166,68.67269171859644,108.35370626265694,80.4285540580666,17.290794374750973,-55.04983713150948,-4.915300222651936,72.63388994636028,-12.340369961178638,88.40135501611468,46.90876135270325,55.63466078488442,169.11991548293977,-55.288910428785826,87.57805780678808,219.04776108061367,263.7325073427334,102.40742623615272,50.28099719904968,125.27526873384186,209.7985573259176,217.81337851523432,134.48459499474095,7.911735861148884,274.6617584841672,269.3893008217762,177.23357021344765,23.283478433495887,200.40424701817153,157.66257070926397,146.2819351588627,275.00177346327587,97.17452929726647,163.58810699362505
50,10,10,50,103.79388870045284,67.34228042223344,-7.3053850212391325,147.75290809007134,43.3771508045695,116.72904028476688,80.18584971209428,32.550261205635344,-40.7054151017812,393.5120304763128,155.77588644747158,272.59436473884625,128.17554438895286,47.2824606882726,149.73233804471147,136.0713089358738,157.1613489077094,101.31281340071453,200.25521151432713,97.01142194515762,-62.35423749964286,262.8239441062282,204.0683166825255,39.186359529462194,-87.16671915910746,50.86287114128645,95.08647661974605,61.57181206935745,229.13824969009448,234.7596944332159,110.44745620307918,56.02625142022582,-25.145996983075364,70.90722744353383,69.40902536596276,-6.6734716696933845,192.507290484647,1.4693828696773608,113.69248750110874,187.9770473885468,151.8159119159156,46.81517130962389,62.56224546299845,52.56877362321926,48.87522193460987,137.09214691423557,-32.93275839706155,0.1693183270169385,34.44209432100131,124.3645766985606
50,10,50,5,347.36975635796,349.08076966853827,-130.8381370459893,-336.4195884721896,949.0571144356852,-160.26746118465988,213.41349865450354,370.4530935012039,116.0792729425236,84.15892932609442,6.773474366254689,-65.72822073790584,118.58142302422517,682.2386844059284,-464.29040581633126,-225.43609780127701,-4.459739815518461,-119.92199836249358,1016.4168480857776,536.4265467836485,-242.2396430403111,-745.3653893000089,224.89752122573134,461.7749153005408,913.8040239352672,560.8373356417941,582.8980943875988,284.3517626950639,-161.84025906577668,344.315538459134,536.2855032735155,-398.5701177623564,-71.3350870374839,-637.9711608781414,75.99700887999164,-326.16979241545476,-89.38582854475517,1049.2930146275069,-128.1808155713159,-40.04684075675375,575.2274600397373,147.79115890345435,-553.7576391462402,-491.33306236718795,50.59781276810442,-368.48569106041583,322.3630469221391,-583.3011149036375,680.3677805491418,86.36579467575231
50,10,50,10,-6.301763893734815,248.42997150900973,402.11711093335623,-211.78019320766953,123.72825311753226,-158.98447792378846,307.22657385207617,344.30685515328764,461.2241772398818,244.29187168474783,-952.038982690595,985.902815938522,191.23668907765102,20.455575821363084,-232.7993262052372,-818.9102818155,9.262942822457433,9.79050352911672,304.744363375217,573.6885841648073,223.97899630770257,611.3618216994886,-440.3100849379438,-406.29490705448495,-506.22789670106727,512.7484501130452,-63.63147347091028,-333.4206526623126,383.2197320894709,-28.575959806460375,669.3308225286098,192.3204373488697,807.7826450335654,-180.67585986523696,359.4506284752518,-31.023942737087424,185.0493221975961,-89.61410861800377,-687.649802767888,267.8114193385704,832.3586318131779,670.4886534584627,666.0404180346392,414.13858723219937,479.5806219969748,-119.77887502170962,123.46575746661613,-449.2518943982875,497.60337931943144,321.7101988788022
50,10,50,50,972.0125646766847,889.8932060514071,317.331305940008,1202.2349110274863,-546.4867046194672,1093.3157912262486,-252.0608698310191,491.5888637604429,-141.79299724170664,280.7476598501895,-722.7351481372093,-417.8592742102747,205.24042587944965,494.9904571490529,-254.9304554612526,-66.97575159866875,1.454094266663489,118.6847002734496,618.6218589875133,612.606018328793,324.25298369253954,-350.114864209552,280.5639637570396,-432.72807359928964,127.72094357369016,451.6778613947596,-118.40781044489177,640.0912928995367,437.21161662218753,119.54591078916951,492.9271179726592,243.07600598359443,319.90702242728634,-3.847559783300028,-731.5344227670431,-669.6223917893482,172.11826687780362,393.2627083745243,474.7449421845625,756.3946761290158,626.2587697951873,146.92021502466838,800.3391032698486,-293.1158261693499,-268.20563992448785,554.3840108523482,938.5942040039192,6.928336607458505,438.0736482244952,223.17511031712783
50,50,5,5,299.7607239244869,93.57548356124315,102.5180343336822,209.7687130715542,157.30820327061747,189.53014612554503,213.94440553229168,189.7962404188433,1.4078731479570479,-62.18211416807293,-25.431052388591226,154.25017066118903,52.544360641324495,109.03994420729965,177.81141739577174,196.58009377766555,133.05878662833763,-111.18253981363326,3.574769968791358,108.32233455369905,-10.241481461375955,104.60436654209542,153.5257984881479,136.9404099984418,194.76414735399882,173.03529736261083,138.37627050891462,-87.02657928502254,41.6909292130225,270.6491728602548,182.09261467931253,108.6000965674214,49.006700161793404,5.945327591009118,-60.314909386545395,59.37695804303898,197.2401820567746,112.69529591992145,177.43418978273175,39.14902794323366,200.6238782675965,265.544159280923,85.65979411837702,13.109755039890452,6.0827390664383785,160.21618643476725,77.17073391397597,225.71386766680814,198.02772581422767,129.47855541171953
50,50,5,10,76.16931310144044,192.7115451761079,198.0740754847797,50.480421514191605,97.3486609578627,85.54455002111374,75.59982111752001,243.67932440365874,-84.18892754133684,214.03893032903585,127.57273711840708,9.153430657018092,252.9964872719189,136.61059697166164,77.22047789107002,192.99284917202925,219.70024166519948,93.91666262297512,92.92807334319681,94.28100213576641,111.495088357344,107.7877492042949,10.748381099221973,32.23833952152429,-27.287819817572,-0.8159489890040845,260.0490874408972,115.4094105079477,-9.944603950033468,70.42220052396182,150.61873036265325,72.99293973939075,92.55138357711219,-132.8731419184868,121.25613000578346,-54.02041258913769,192.05411443472107,223.25770134517927,-141.28465206819567,24.469802700370906,-65.8612392936281,47.6569871064343,276.26637646218285,208.10591170344665,113.35863290504251,43.33878081403215,333.9107181858109,86.89188992342905,-45.02567466519655,-28.038617859202617
50,50,5,50,51.191644627638546,45.396825400689906,104.13959269079547,138.76563044829587,56.609241699503016,200.60356269473357,280.81493017833543,65.96178606623872,119.22668373538005,72.10107277730009,88.96334750882968,-138.25365575074306,199.26202879823256,223.91094342166355,80.79176672256051,128.12482312940858,-116.23796777504656,172.4649133883249,117.12568243864276,182.35478383827086,-34.65714828674071,102.33092258249359,90.511540167539,104.45603871110465,110.72275646015152,85.16289539645172,213.77671198188125,50.407459376295975,28.732588051756885,78.2737444620716,-19.40854971486317,78.99501359828704,251.7616100443933,175.0157223631042,265.0758865042502,72.91985072465185,352.8966174725721,53.790525832678114,149.8567223477209,19.062232987868754,169.36179646739612,-130.27787206662208,93.55285491734035,194.9961068546208,208.43254047384494,210.40946314307945,271.16442536582576,111.26159445248767,132.8398186065603,108.58664768857521
50,50,10,5,-313.8128360681825,199.30435410334735,-192.22914419581645,286.7291719156983,33.67293909452551,-320.79722311571373,9.659337971410693,89.4424992826164,155.85821527358905,-281.5475634073249,317.77832031767423,120.60075466148244,-474.29783174896556,-63.29446729021528,301.80731325126874,9.36470825968199,-103.26093130434455,-244.8570535117717,-130.5562227501084,-422.7723104231511,-199.61534351800552,145.73755772686104,123.93648172621728,94.80250107100032,-99.7297411120581,105.59616700453823,-400.5053668201857,182.2082501678335,116.4029581573304,-108.99936632869931,72.32428946399884,105.35510545381499,-198.51110458261473,-99.49679086103069,84.26370903033182,366.9900203011167,136.88306554001582,-21.839792699326978,58.65154135051252,127.86189182191677,95.98117030605104,441.13940134864316,156.52476451799723,10.024974899810871,-80.71948137295749,-114.80299675616035,43.83189760410613,136.1685871949576,285.0239923051415,178.10732708559863
50,50,10,10,302.14606414098796,77.44319813052917,93.1336096433673,-47.13683210127337,164.72383506374854,-45.86112211181525,495.44197779773697,227.44704770131523,526.1252671523569,-96.58704660761265,65.64405099222199,-242.166127909919,176.8914383400866,215.31589808306776,-40.15057915513424,320.69621550741226,273.1085871602077,-249.38134723918,-25.257596730486398,-157.20406007727206,-33.193437484294904,328.9010843701898,254.73474610887348,-57.69684207303135,264.55577981389933,-298.8295186772842,170.02158197591615,213.09104129942716,87.03497973272361,281.2196908248537,158.81276391222002,-6.699969093513971,12.54137331567145,218.83887974495548,-19.742405737277664,188.73555515062912,358.6820373549774,249.8838447874507,418.5996781897504,-139.17563747737836,24.69863600206135,192.88381349900644,-85.67766082902033,-214.318512383038,-294.0188108866207,-153.9188919740537,-36.85549603556652,214.5854091381812,-104.03542357854872,308.3277821925131
50,50,10,50,-737.9451180933366,-241.15473766816524,125.43127287309729,-43.670529445359705,111.58084992181399,127.00236012881068,-1.532903233443733,-221.61603514771252,206.5692897169713,85.25580130597291,-117.57685722740982,-221.00689165621105,-35.40212315387646,122.12591455894221,443.2940066379014,12.0248851290754,344.7746933413673,177.30495335940225,177.30914224446462,-11.439477311715464,161.59857781822961,301.98336546307684,52.319316732344156,-2.4645803931203574,104.40232016793149,-195.05493227685557,144.9946945595371,191.1977041087991,524.9873251724185,-161.39194944659886,380.6355015883389,135.54428294381006,140.9750369895198,-14.285863011203801,-8.316660277283532,30.21377267877716,297.15506622292975,195.3049480603399,-15.74183418845189,301.17093356007274,-55.92943147497874,255.81300671193296,112.94985236424549,176.85237187411724,143.49802029904194,92.64305280559618,347.59222594171604,-26.942786209045124,548.45426573054,135.6949407142628
50,50,50,5,943.343509366403,2216.0697899137667,-991.9309119792172,-1148.2432567095748,-191.22600960326398,2216.5287282349627,-928.9152350474142,-1047.6044694356813,1245.9791640665662,114.65966313483811,680.4327625917105,-1636.6383071618786,-1986.1308909081758,-2305.075229291048,1617.6195462869625,707.9176768188146,-680.1838499959244,1269.1880171734208,371.3025672048911,1674.2197784825864,1497.44980109752,1030.6854636396936,-1173.7719177394943,-795.6017612841133,2141.5566282919967,1345.250405685038,1170.8096183791656,-883.7804730455568,1285.1336861264438,-254.77360489529298,690.648248541268,-1714.7066159935446,-370.4907005618113,-698.6670556014662,736.7091115023034,-378.84235548387636,-539.6158137285771,-422.4870773881282,-196.1473357379598,1312.585519528118,1294.0645629835603,-339.82398323340107,-1376.0918495928127,-1987.5159417708765,407.84675583232803,1313.1943794365652,1236.7878728661449,874.1184086906474,1537.0178769922338,389.0800331811765
50,50,50,10,-331.9279290171489,2102.043204773793,-1367.6272395683386,-1576.2496465750028,2036.186813254713,1062.5384825907126,175.8864462486856,1007.6382094074023,-683.4587379999493,125.13306379374127,91.52287880676289,-230.12697226881122,-1638.7760240036093,-434.308879322989,902.7638034949332,-788.0504431828147,15.363261798177831,1929.801659663798,1887.0207795134131,1720.129799251254,745.4690518848583,-910.5417004635112,601.826138046256,-211.87809935903482,-121.08970081316596,-590.8485297099076,1658.0335683509186,993.9466658050286,-851.7640521009607,310.2075380678527,-905.8133483754327,954.7758366226292,726.0681680846911,-1375.706212059712,69.6936739862453,34.164297079513105,-499.03395368166406,828.806131164931,-274.7128326094377,2154.5181318032937,-563.4611465762704,-76.69100974218777,612.1229279433251,566.4239118511327,-299.03044413776104,485.52606425996566,143.84221331935592,21.43422988916052,1774.039923259837,-636.4172068248556
50,50,50,50,232.19309266353173,877.493377261881,-58.50882864034254,1869.3165047293307,564.9860417241005,-374.9856382215728,1416.168394717916,-292.00233618925324,-557.6821572962817,-572.2439041800253,1669.4426216461482,-1026.4050921873272,462.25240709186625,-91.31557631015276,-800.6603894302668,795.9150812706821,446.7439390192157,1502.0299235323812,-550.234876025852,819.3071401161492,165.24827592059563,335.2508181822328,-544.0599850741044,1221.352144267755,-444.00503802979733,1057.0969642192758,769.2120837952687,846.3877779441591,1083.7025586498844,448.06626543280686,765.7485211113151,2284.1996488480318,-2139.277790826501,296.8895545157327,1698.119153441747,460.81525757843514,880.4509105028174,-665.4220222066219,-1094.9558119581634,1741.90099058316,-462.7857040145349,-752.7116064212141,1074.8141117002192,-1000.5266179153626,74.89999802317084,-596.8062704976351,1754.2442746720776,847.4392654609396,-1989.7712316442617,1445.382393364725
