"5,5,5,5","[2.482857496242072, 2.73277422925411, 2.7422368937415835, 2.743582677669832, 2.8163130087485535, 3.070671164803251, 3.071561561714298, 3.0736059902999386, 3.1152427020043936, 3.188016671976621, 3.1908181453220115, 3.1972738126255527, 3.253091567029108, 3.257544652247143, 3.264438268864707, 3.281256840439581, 3.3057662272347286, 3.307269049658281, 3.313242154349935, 3.314171490960561, 3.3349801310242695, 3.344116576163077, 3.351959366565061, 3.3780265542926786, 3.381506444848558, 3.396458677351292, 3.3973345966302873, 3.4011736472303653, 3.4148652029228, 3.4170603505598365, 3.426030780286601, 3.432478628735211, 3.456979170105521, 3.461373792282535, 3.4835336155621968, 3.509606794030424, 3.544882704763107, 3.5539326331761556, 3.5743925303435917, 3.5853206362625074, 3.5880731409719893, 3.5931690192800283, 3.608656438118296, 3.6198164592060893, 3.625321710427201, 3.73705019554599, 3.7547051230984643, 3.8289663139602554, 4.219835601816819, 4.620063383838197]"
"5,5,5,10","[4.556343363039532, 4.644472038697034, 4.751579228558519, 4.775164490833866, 4.804038507833075, 4.833912165874171, 4.846260060715073, 4.880415112592063, 4.905760733691983, 4.963131539677002, 4.9645163558597405, 4.991608215745369, 5.005388239122802, 5.005433721950284, 5.01558976167257, 5.016906945041099, 5.051561221332511, 5.066949851807147, 5.093466236778859, 5.096903947803166, 5.102558990235469, 5.129490873590259, 5.132869712777465, 5.144400503477721, 5.145278142087978, 5.148417608689549, 5.184053777694196, 5.191302622898479, 5.206461865440035, 5.217848492638705, 5.226118113327393, 5.237315399277925, 5.237601630033624, 5.24543870225162, 5.252817629116533, 5.255066722950421, 5.274551822148062, 5.288126100384895, 5.289882676686281, 5.294296428020317, 5.296131808107748, 5.309233784603658, 5.319525296921699, 5.330752127695012, 5.333771300849146, 5.381849257752117, 5.448012006918608, 5.4675569029317215, 5.576858618274182, 5.734760468537249]"
"5,5,5,50","[4.556343363039532, 4.644472038697034, 4.751579228558519, 4.775164490833866, 4.804038507833075, 4.833912165874171, 4.846260060715073, 4.880415112592063, 4.905760733691983, 4.963131539677002, 4.9645163558597405, 4.991608215745369, 5.005388239122802, 5.005433721950284, 5.01558976167257, 5.016906945041099, 5.051561221332511, 5.066949851807147, 5.093466236778859, 5.096903947803166, 5.102558990235469, 5.129490873590259, 5.132869712777465, 5.144400503477721, 5.145278142087978, 5.148417608689549, 5.184053777694196, 5.191302622898479, 5.206461865440035, 5.217848492638705, 5.226118113327393, 5.237315399277925, 5.237601630033624, 5.24543870225162, 5.252817629116533, 5.255066722950421, 5.274551822148062, 5.288126100384895, 5.289882676686281, 5.294296428020317, 5.296131808107748, 5.309233784603658, 5.319525296921699, 5.330752127695012, 5.333771300849146, 5.381849257752117, 5.448012006918608, 5.4675569029317215, 5.576858618274182, 5.734760468537249]"
"5,5,10,5","[4.556343363039532, 4.644472038697034, 4.751579228558519, 4.775164490833866, 4.804038507833075, 4.833912165874171, 4.846260060715073, 4.880415112592063, 4.905760733691983, 4.963131539677002, 4.9645163558597405, 4.991608215745369, 5.005388239122802, 5.005433721950284, 5.01558976167257, 5.016906945041099, 5.051561221332511, 5.066949851807147, 5.093466236778859, 5.096903947803166, 5.102558990235469, 5.129490873590259, 5.132869712777465, 5.144400503477721, 5.145278142087978, 5.148417608689549, 5.184053777694196, 5.191302622898479, 5.206461865440035, 5.217848492638705, 5.226118113327393, 5.237315399277925, 5.237601630033624, 5.24543870225162, 5.252817629116533, 5.255066722950421, 5.274551822148062, 5.288126100384895, 5.289882676686281, 5.294296428020317, 5.296131808107748, 5.309233784603658, 5.319525296921699, 5.330752127695012, 5.333771300849146, 5.381849257752117, 5.448012006918608, 5.4675569029317215, 5.576858618274182, 5.734760468537249]"
"5,5,10,10","[4.556343363039532, 4.644472038697034, 4.751579228558519, 4.775164490833866, 4.804038507833075, 4.833912165874171, 4.846260060715073, 4.880415112592063, 4.905760733691983, 4.963131539677002, 4.9645163558597405, 4.991608215745369, 5.005388239122802, 5.005433721950284, 5.01558976167257, 5.016906945041099, 5.051561221332511, 5.066949851807147, 5.093466236778859, 5.096903947803166, 5.102558990235469, 5.129490873590259, 5.132869712777465, 5.144400503477721, 5.145278142087978, 5.148417608689549, 5.184053777694196, 5.191302622898479, 5.206461865440035, 5.217848492638705, 5.226118113327393, 5.237315399277925, 5.237601630033624, 5.24543870225162, 5.252817629116533, 5.255066722950421, 5.274551822148062, 5.288126100384895, 5.289882676686281, 5.294296428020317, 5.296131808107748, 5.309233784603658, 5.319525296921699, 5.330752127695012, 5.333771300849146, 5.381849257752117, 5.448012006918608, 5.4675569029317215, 5.576858618274182, 5.734760468537249]"
"5,5,10,50","[4.556343363039532, 4.644472038697034, 4.751579228558519, 4.775164490833866, 4.804038507833075, 4.833912165874171, 4.846260060715073, 4.880415112592063, 4.905760733691983, 4.963131539677002, 4.9645163558597405, 4.991608215745369, 5.005388239122802, 5.005433721950284, 5.01558976167257, 5.016906945041099, 5.051561221332511, 5.066949851807147, 5.093466236778859, 5.096903947803166, 5.102558990235469, 5.129490873590259, 5.132869712777465, 5.144400503477721, 5.145278142087978, 5.148417608689549, 5.184053777694196, 5.191302622898479, 5.206461865440035, 5.217848492638705, 5.226118113327393, 5.237315399277925, 5.237601630033624, 5.24543870225162, 5.252817629116533, 5.255066722950421, 5.274551822148062, 5.288126100384895, 5.289882676686281, 5.294296428020317, 5.296131808107748, 5.309233784603658, 5.319525296921699, 5.330752127695012, 5.333771300849146, 5.381849257752117, 5.448012006918608, 5.4675569029317215, 5.576858618274182, 5.734760468537249]"
"5,5,50,5","[4.556343363039532, 4.644472038697034, 4.751579228558519, 4.775164490833866, 4.804038507833075, 4.833912165874171, 4.846260060715073, 4.880415112592063, 4.905760733691983, 4.963131539677002, 4.9645163558597405, 4.991608215745369, 5.005388239122802, 5.005433721950284, 5.01558976167257, 5.016906945041099, 5.051561221332511, 5.066949851807147, 5.093466236778859, 5.096903947803166, 5.102558990235469, 5.129490873590259, 5.132869712777465, 5.144400503477721, 5.145278142087978, 5.148417608689549, 5.184053777694196, 5.191302622898479, 5.206461865440035, 5.217848492638705, 5.226118113327393, 5.237315399277925, 5.237601630033624, 5.24543870225162, 5.252817629116533, 5.255066722950421, 5.274551822148062, 5.288126100384895, 5.289882676686281, 5.294296428020317, 5.296131808107748, 5.309233784603658, 5.319525296921699, 5.330752127695012, 5.333771300849146, 5.381849257752117, 5.448012006918608, 5.4675569029317215, 5.576858618274182, 5.734760468537249]"
"5,5,50,10","[4.556343363039532, 4.644472038697034, 4.751579228558519, 4.775164490833866, 4.804038507833075, 4.833912165874171, 4.846260060715073, 4.880415112592063, 4.905760733691983, 4.963131539677002, 4.9645163558597405, 4.991608215745369, 5.005388239122802, 5.005433721950284, 5.01558976167257, 5.016906945041099, 5.051561221332511, 5.066949851807147, 5.093466236778859, 5.096903947803166, 5.102558990235469, 5.129490873590259, 5.132869712777465, 5.144400503477721, 5.145278142087978, 5.148417608689549, 5.184053777694196, 5.191302622898479, 5.206461865440035, 5.217848492638705, 5.226118113327393, 5.237315399277925, 5.237601630033624, 5.24543870225162, 5.252817629116533, 5.255066722950421, 5.274551822148062, 5.288126100384895, 5.289882676686281, 5.294296428020317, 5.296131808107748, 5.309233784603658, 5.319525296921699, 5.330752127695012, 5.333771300849146, 5.381849257752117, 5.448012006918608, 5.4675569029317215, 5.576858618274182, 5.734760468537249]"
"5,5,50,50","[4.470582633723863, 4.475749429517806, 4.475966793255729, 4.476893169790357, 4.484657676396654, 4.502159210088583, 4.517725906738727, 4.518743046613163, 4.529462732396445, 4.547642901000419, 4.554401456523129, 4.5754206524319905, 4.592972684083212, 4.601158837753348, 4.60632067936232, 4.622971109636202, 4.623998135279945, 4.627141846701692, 4.654778371095931, 4.658827713000603, 4.675466238298569, 4.6906987637835655, 4.694012046300489, 4.698651370343118, 4.69926874119253, 4.706729629653723, 4.723682319943952, 4.7251319107247625, 4.726980501162076, 4.735425059272045, 4.736651104453996, 4.736900405599716, 4.743211150479516, 4.754274641221191, 4.754371908696424, 4.760404429195412, 4.763502618789776, 4.766059362776222, 4.779022153991457, 4.784536561796008, 4.802306197215031, 4.807424867150446, 4.811685560836356, 4.827068391667992, 4.829383633356393, 4.841810423967103, 4.862454985606231, 4.9154427163843835, 4.927389396556646, 4.948718936670704]"
"5,10,5,5","[4.15295981537335, 4.51435363011084, 4.611767813062737, 4.615089075760416, 4.616624782376599, 4.630074571130567, 4.645544745079086, 4.650935926151547, 4.664388213764143, 4.670314333514337, 4.675337725176595, 4.677222452761598, 4.688886910106799, 4.689787575628419, 4.702017765950298, 4.704888242334338, 4.707227463949004, 4.714071591528587, 4.738905954085743, 4.746543892108107, 4.770435618842365, 4.776933794831166, 4.790036383276161, 4.792184900675133, 4.8035435066569905, 4.817319516109034, 4.821552342465903, 4.822961350039385, 4.832686557899713, 4.845341330584444, 4.851854232715144, 4.864026510842427, 4.877473824845529, 4.879965994715439, 4.883992058602173, 4.893219996925973, 4.898968641472167, 4.904084630625242, 4.9048134812330035, 4.9146286785612086, 4.926141154181007, 4.926947469503751, 4.964203763963022, 4.9687285471906515, 4.9800015516579395, 4.980888232367608, 4.9969158482866245, 5.019624215620475, 5.267927347419455, 5.320705538071813]"
"5,10,5,10","[4.15295981537335, 4.51435363011084, 4.611767813062737, 4.615089075760416, 4.616624782376599, 4.630074571130567, 4.645544745079086, 4.650935926151547, 4.664388213764143, 4.670314333514337, 4.675337725176595, 4.677222452761598, 4.688886910106799, 4.689787575628419, 4.702017765950298, 4.704888242334338, 4.707227463949004, 4.714071591528587, 4.738905954085743, 4.746543892108107, 4.770435618842365, 4.776933794831166, 4.790036383276161, 4.792184900675133, 4.8035435066569905, 4.817319516109034, 4.821552342465903, 4.822961350039385, 4.832686557899713, 4.845341330584444, 4.851854232715144, 4.864026510842427, 4.877473824845529, 4.879965994715439, 4.883992058602173, 4.893219996925973, 4.898968641472167, 4.904084630625242, 4.9048134812330035, 4.9146286785612086, 4.926141154181007, 4.926947469503751, 4.964203763963022, 4.9687285471906515, 4.9800015516579395, 4.980888232367608, 4.9969158482866245, 5.019624215620475, 5.267927347419455, 5.320705538071813]"
"5,10,5,50","[4.15295981537335, 4.51435363011084, 4.611767813062737, 4.615089075760416, 4.616624782376599, 4.630074571130567, 4.645544745079086, 4.650935926151547, 4.664388213764143, 4.670314333514337, 4.675337725176595, 4.677222452761598, 4.688886910106799, 4.689787575628419, 4.702017765950298, 4.704888242334338, 4.707227463949004, 4.714071591528587, 4.738905954085743, 4.746543892108107, 4.770435618842365, 4.776933794831166, 4.790036383276161, 4.792184900675133, 4.8035435066569905, 4.817319516109034, 4.821552342465903, 4.822961350039385, 4.832686557899713, 4.845341330584444, 4.851854232715144, 4.864026510842427, 4.877473824845529, 4.879965994715439, 4.883992058602173, 4.893219996925973, 4.898968641472167, 4.904084630625242, 4.9048134812330035, 4.9146286785612086, 4.926141154181007, 4.926947469503751, 4.964203763963022, 4.9687285471906515, 4.9800015516579395, 4.980888232367608, 4.9969158482866245, 5.019624215620475, 5.267927347419455, 5.320705538071813]"
"5,10,10,5","[4.15295981537335, 4.51435363011084, 4.611767813062737, 4.615089075760416, 4.616624782376599, 4.630074571130567, 4.645544745079086, 4.650935926151547, 4.664388213764143, 4.670314333514337, 4.675337725176595, 4.677222452761598, 4.688886910106799, 4.689787575628419, 4.702017765950298, 4.704888242334338, 4.707227463949004, 4.714071591528587, 4.738905954085743, 4.746543892108107, 4.770435618842365, 4.776933794831166, 4.790036383276161, 4.792184900675133, 4.8035435066569905, 4.817319516109034, 4.821552342465903, 4.822961350039385, 4.832686557899713, 4.845341330584444, 4.851854232715144, 4.864026510842427, 4.877473824845529, 4.879965994715439, 4.883992058602173, 4.893219996925973, 4.898968641472167, 4.904084630625242, 4.9048134812330035, 4.9146286785612086, 4.926141154181007, 4.926947469503751, 4.964203763963022, 4.9687285471906515, 4.9800015516579395, 4.980888232367608, 4.9969158482866245, 5.019624215620475, 5.267927347419455, 5.320705538071813]"
"5,10,10,10","[4.34846534126388, 4.377334338627792, 4.459277116479695, 4.493234149646962, 4.4948246612362555, 4.531136331955613, 4.557626436401076, 4.571282719395245, 4.580054006057761, 4.582961576315303, 4.586420326759578, 4.589680895303761, 4.610770383731537, 4.612735742198673, 4.614178095068556, 4.615457997137254, 4.621183503552341, 4.6252242272588395, 4.6307699010168974, 4.644824151992803, 4.651548708151416, 4.657947050075627, 4.679575975745514, 4.680857679925249, 4.681580830366401, 4.692197766370719, 4.694605988369101, 4.696225096996819, 4.699070982885686, 4.701428364042391, 4.718071902250981, 4.7187886447555885, 4.723242123564886, 4.72682211628179, 4.742656635653862, 4.749929845786865, 4.7516005675200175, 4.75203610030697, 4.755712240354458, 4.762088893551261, 4.7676994843813, 4.784388560604335, 4.786274965509056, 4.789250645507909, 4.807013368679732, 4.8174841257379315, 4.8250002103828455, 4.833716652174036, 4.883393171001224, 5.1702403660398035]"
"5,10,10,50","[4.15295981537335, 4.51435363011084, 4.611767813062737, 4.615089075760416, 4.616624782376599, 4.630074571130567, 4.645544745079086, 4.650935926151547, 4.664388213764143, 4.670314333514337, 4.675337725176595, 4.677222452761598, 4.688886910106799, 4.689787575628419, 4.702017765950298, 4.704888242334338, 4.707227463949004, 4.714071591528587, 4.738905954085743, 4.746543892108107, 4.770435618842365, 4.776933794831166, 4.790036383276161, 4.792184900675133, 4.8035435066569905, 4.817319516109034, 4.821552342465903, 4.822961350039385, 4.832686557899713, 4.845341330584444, 4.851854232715144, 4.864026510842427, 4.877473824845529, 4.879965994715439, 4.883992058602173, 4.893219996925973, 4.898968641472167, 4.904084630625242, 4.9048134812330035, 4.9146286785612086, 4.926141154181007, 4.926947469503751, 4.964203763963022, 4.9687285471906515, 4.9800015516579395, 4.980888232367608, 4.9969158482866245, 5.019624215620475, 5.267927347419455, 5.320705538071813]"
"5,10,50,5","[4.15295981537335, 4.51435363011084, 4.611767813062737, 4.615089075760416, 4.616624782376599, 4.630074571130567, 4.645544745079086, 4.650935926151547, 4.664388213764143, 4.670314333514337, 4.675337725176595, 4.677222452761598, 4.688886910106799, 4.689787575628419, 4.702017765950298, 4.704888242334338, 4.707227463949004, 4.714071591528587, 4.738905954085743, 4.746543892108107, 4.770435618842365, 4.776933794831166, 4.790036383276161, 4.792184900675133, 4.8035435066569905, 4.817319516109034, 4.821552342465903, 4.822961350039385, 4.832686557899713, 4.845341330584444, 4.851854232715144, 4.864026510842427, 4.877473824845529, 4.879965994715439, 4.883992058602173, 4.893219996925973, 4.898968641472167, 4.904084630625242, 4.9048134812330035, 4.9146286785612086, 4.926141154181007, 4.926947469503751, 4.964203763963022, 4.9687285471906515, 4.9800015516579395, 4.980888232367608, 4.9969158482866245, 5.019624215620475, 5.267927347419455, 5.320705538071813]"
"5,10,50,10","[4.15295981537335, 4.51435363011084, 4.611767813062737, 4.615089075760416, 4.616624782376599, 4.630074571130567, 4.645544745079086, 4.650935926151547, 4.664388213764143, 4.670314333514337, 4.675337725176595, 4.677222452761598, 4.688886910106799, 4.689787575628419, 4.702017765950298, 4.704888242334338, 4.707227463949004, 4.714071591528587, 4.738905954085743, 4.746543892108107, 4.770435618842365, 4.776933794831166, 4.790036383276161, 4.792184900675133, 4.8035435066569905, 4.817319516109034, 4.821552342465903, 4.822961350039385, 4.832686557899713, 4.845341330584444, 4.851854232715144, 4.864026510842427, 4.877473824845529, 4.879965994715439, 4.883992058602173, 4.893219996925973, 4.898968641472167, 4.904084630625242, 4.9048134812330035, 4.9146286785612086, 4.926141154181007, 4.926947469503751, 4.964203763963022, 4.9687285471906515, 4.9800015516579395, 4.980888232367608, 4.9969158482866245, 5.019624215620475, 5.267927347419455, 5.320705538071813]"
"5,10,50,50","[4.627663236301518, 4.670466960959981, 4.674291399742131, 4.685346988318073, 4.698316790680941, 4.730783399098496, 4.73997734838496, 4.7425495418741015, 4.744735740005804, 4.754916960333161, 4.772536490781536, 4.773171769274436, 4.774410454225065, 4.782840014580703, 4.805430953552218, 4.811064612926733, 4.814328521753153, 4.820163550133143, 4.841840045989674, 4.84798525252438, 4.848395609788663, 4.850921539771275, 4.851702856117706, 4.861249307287256, 4.862832382724226, 4.863306942701242, 4.900669271574573, 4.904516750047429, 4.906115193974087, 4.909185533646893, 4.915188504882466, 4.942258963580159, 4.95859864901749, 4.964878058592424, 4.971740018891725, 4.973223755977124, 4.975191874924018, 4.981321501629447, 4.981899352358566, 4.990754398236746, 4.993204077365103, 5.008077615039536, 5.021653975634756, 5.028969192172409, 5.047397018419833, 5.091639377999794, 5.097205689329187, 5.108673106869201, 5.1197690833691585, 5.144235309689123]"
"5,50,5,5","[4.008653527214405, 4.207241078864265, 4.29821862097959, 4.333951242049984, 4.385767071376284, 4.4049811185724925, 4.409473527973859, 4.417395866088079, 4.421416319121906, 4.423580854296477, 4.424612071633115, 4.436232944930087, 4.44820821207617, 4.460119586725672, 4.469450534880248, 4.492736316098663, 4.493760618191115, 4.50722535487755, 4.510630732388015, 4.516260855986244, 4.519158169338862, 4.52368014881651, 4.524761218558115, 4.528477409755653, 4.540377990309653, 4.54069413555663, 4.544968141019588, 4.548613067043019, 4.556931728282941, 4.560454302790923, 4.5730562610843295, 4.579141592124596, 4.583760582082234, 4.5951215695274135, 4.6184585975236105, 4.626483117257618, 4.635723331069581, 4.661972938963825, 4.671308821711998, 4.679156484507916, 4.705070072502711, 4.729024252857366, 4.731726839976497, 4.737064483957274, 4.743522351273217, 4.833933997325524, 4.85163198650908, 4.877001184523397, 4.8860739445004775, 5.259746255163155]"
"5,50,5,10","[4.627663236301518, 4.670466960959981, 4.674291399742131, 4.685346988318073, 4.698316790680941, 4.730783399098496, 4.73997734838496, 4.7425495418741015, 4.744735740005804, 4.754916960333161, 4.772536490781536, 4.773171769274436, 4.774410454225065, 4.782840014580703, 4.805430953552218, 4.811064612926733, 4.814328521753153, 4.820163550133143, 4.841840045989674, 4.84798525252438, 4.848395609788663, 4.850921539771275, 4.851702856117706, 4.861249307287256, 4.862832382724226, 4.863306942701242, 4.900669271574573, 4.904516750047429, 4.906115193974087, 4.909185533646893, 4.915188504882466, 4.942258963580159, 4.95859864901749, 4.964878058592424, 4.971740018891725, 4.973223755977124, 4.975191874924018, 4.981321501629447, 4.981899352358566, 4.990754398236746, 4.993204077365103, 5.008077615039536, 5.021653975634756, 5.028969192172409, 5.047397018419833, 5.091639377999794, 5.097205689329187, 5.108673106869201, 5.1197690833691585, 5.144235309689123]"
"5,50,5,50","[4.627663236301518, 4.670466960959981, 4.674291399742131, 4.685346988318073, 4.698316790680941, 4.730783399098496, 4.73997734838496, 4.7425495418741015, 4.744735740005804, 4.754916960333161, 4.772536490781536, 4.773171769274436, 4.774410454225065, 4.782840014580703, 4.805430953552218, 4.811064612926733, 4.814328521753153, 4.820163550133143, 4.841840045989674, 4.84798525252438, 4.848395609788663, 4.850921539771275, 4.851702856117706, 4.861249307287256, 4.862832382724226, 4.863306942701242, 4.900669271574573, 4.904516750047429, 4.906115193974087, 4.909185533646893, 4.915188504882466, 4.942258963580159, 4.95859864901749, 4.964878058592424, 4.971740018891725, 4.973223755977124, 4.975191874924018, 4.981321501629447, 4.981899352358566, 4.990754398236746, 4.993204077365103, 5.008077615039536, 5.021653975634756, 5.028969192172409, 5.047397018419833, 5.091639377999794, 5.097205689329187, 5.108673106869201, 5.1197690833691585, 5.144235309689123]"
"5,50,10,5","[4.627663236301518, 4.670466960959981, 4.674291399742131, 4.685346988318073, 4.698316790680941, 4.730783399098496, 4.73997734838496, 4.7425495418741015, 4.744735740005804, 4.754916960333161, 4.772536490781536, 4.773171769274436, 4.774410454225065, 4.782840014580703, 4.805430953552218, 4.811064612926733, 4.814328521753153, 4.820163550133143, 4.841840045989674, 4.84798525252438, 4.848395609788663, 4.850921539771275, 4.851702856117706, 4.861249307287256, 4.862832382724226, 4.863306942701242, 4.900669271574573, 4.904516750047429, 4.906115193974087, 4.909185533646893, 4.915188504882466, 4.942258963580159, 4.95859864901749, 4.964878058592424, 4.971740018891725, 4.973223755977124, 4.975191874924018, 4.981321501629447, 4.981899352358566, 4.990754398236746, 4.993204077365103, 5.008077615039536, 5.021653975634756, 5.028969192172409, 5.047397018419833, 5.091639377999794, 5.097205689329187, 5.108673106869201, 5.1197690833691585, 5.144235309689123]"
"5,50,10,10","[4.627663236301518, 4.670466960959981, 4.674291399742131, 4.685346988318073, 4.698316790680941, 4.730783399098496, 4.73997734838496, 4.7425495418741015, 4.744735740005804, 4.754916960333161, 4.772536490781536, 4.773171769274436, 4.774410454225065, 4.782840014580703, 4.805430953552218, 4.811064612926733, 4.814328521753153, 4.820163550133143, 4.841840045989674, 4.84798525252438, 4.848395609788663, 4.850921539771275, 4.851702856117706, 4.861249307287256, 4.862832382724226, 4.863306942701242, 4.900669271574573, 4.904516750047429, 4.906115193974087, 4.909185533646893, 4.915188504882466, 4.942258963580159, 4.95859864901749, 4.964878058592424, 4.971740018891725, 4.973223755977124, 4.975191874924018, 4.981321501629447, 4.981899352358566, 4.990754398236746, 4.993204077365103, 5.008077615039536, 5.021653975634756, 5.028969192172409, 5.047397018419833, 5.091639377999794, 5.097205689329187, 5.108673106869201, 5.1197690833691585, 5.144235309689123]"
"5,50,10,50","[4.627663236301518, 4.670466960959981, 4.674291399742131, 4.685346988318073, 4.698316790680941, 4.730783399098496, 4.73997734838496, 4.7425495418741015, 4.744735740005804, 4.754916960333161, 4.772536490781536, 4.773171769274436, 4.774410454225065, 4.782840014580703, 4.805430953552218, 4.811064612926733, 4.814328521753153, 4.820163550133143, 4.841840045989674, 4.84798525252438, 4.848395609788663, 4.850921539771275, 4.851702856117706, 4.861249307287256, 4.862832382724226, 4.863306942701242, 4.900669271574573, 4.904516750047429, 4.906115193974087, 4.909185533646893, 4.915188504882466, 4.942258963580159, 4.95859864901749, 4.964878058592424, 4.971740018891725, 4.973223755977124, 4.975191874924018, 4.981321501629447, 4.981899352358566, 4.990754398236746, 4.993204077365103, 5.008077615039536, 5.021653975634756, 5.028969192172409, 5.047397018419833, 5.091639377999794, 5.097205689329187, 5.108673106869201, 5.1197690833691585, 5.144235309689123]"
"5,50,50,5","[4.627663236301518, 4.670466960959981, 4.674291399742131, 4.685346988318073, 4.698316790680941, 4.730783399098496, 4.73997734838496, 4.7425495418741015, 4.744735740005804, 4.754916960333161, 4.772536490781536, 4.773171769274436, 4.774410454225065, 4.782840014580703, 4.805430953552218, 4.811064612926733, 4.814328521753153, 4.820163550133143, 4.841840045989674, 4.84798525252438, 4.848395609788663, 4.850921539771275, 4.851702856117706, 4.861249307287256, 4.862832382724226, 4.863306942701242, 4.900669271574573, 4.904516750047429, 4.906115193974087, 4.909185533646893, 4.915188504882466, 4.942258963580159, 4.95859864901749, 4.964878058592424, 4.971740018891725, 4.973223755977124, 4.975191874924018, 4.981321501629447, 4.981899352358566, 4.990754398236746, 4.993204077365103, 5.008077615039536, 5.021653975634756, 5.028969192172409, 5.047397018419833, 5.091639377999794, 5.097205689329187, 5.108673106869201, 5.1197690833691585, 5.144235309689123]"
"5,50,50,10","[4.54902162021974, 4.557777919994224, 4.573740017581294, 4.577513304804104, 4.597041813051154, 4.6121332600802765, 4.628700930259777, 4.6402681636156276, 4.648610932456934, 4.652933823281305, 4.655935958682462, 4.663871352965126, 4.666223520559542, 4.689697872815883, 4.697624983772879, 4.700599659357224, 4.700736003679415, 4.709266774869662, 4.720940107858616, 4.722844335403647, 4.72610427775243, 4.7285959827275885, 4.7379744371942705, 4.743505285166751, 4.745464103799456, 4.755455826573714, 4.761819862581223, 4.774274772374419, 4.776658210895922, 4.791287009654781, 4.7939050215699845, 4.796031542800887, 4.834206925865314, 4.837693382093828, 4.839015976732539, 4.8473666318869855, 4.853825530521208, 4.863912658824586, 4.8650691755481965, 4.866635972264265, 4.878972047297199, 4.883084436599086, 4.893725344736118, 4.894956677854071, 4.897050251226039, 4.908595931818857, 4.938472851061452, 4.976493472582393, 5.03715701730263, 5.042865472393723]"
"5,50,50,50","[4.54902162021974, 4.557777919994224, 4.573740017581294, 4.577513304804104, 4.597041813051154, 4.6121332600802765, 4.628700930259777, 4.6402681636156276, 4.648610932456934, 4.652933823281305, 4.655935958682462, 4.663871352965126, 4.666223520559542, 4.689697872815883, 4.697624983772879, 4.700599659357224, 4.700736003679415, 4.709266774869662, 4.720940107858616, 4.722844335403647, 4.72610427775243, 4.7285959827275885, 4.7379744371942705, 4.743505285166751, 4.745464103799456, 4.755455826573714, 4.761819862581223, 4.774274772374419, 4.776658210895922, 4.791287009654781, 4.7939050215699845, 4.796031542800887, 4.834206925865314, 4.837693382093828, 4.839015976732539, 4.8473666318869855, 4.853825530521208, 4.863912658824586, 4.8650691755481965, 4.866635972264265, 4.878972047297199, 4.883084436599086, 4.893725344736118, 4.894956677854071, 4.897050251226039, 4.908595931818857, 4.938472851061452, 4.976493472582393, 5.03715701730263, 5.042865472393723]"
"10,5,5,5","[4.54902162021974, 4.557777919994224, 4.573740017581294, 4.577513304804104, 4.597041813051154, 4.6121332600802765, 4.628700930259777, 4.6402681636156276, 4.648610932456934, 4.652933823281305, 4.655935958682462, 4.663871352965126, 4.666223520559542, 4.689697872815883, 4.697624983772879, 4.700599659357224, 4.700736003679415, 4.709266774869662, 4.720940107858616, 4.722844335403647, 4.72610427775243, 4.7285959827275885, 4.7379744371942705, 4.743505285166751, 4.745464103799456, 4.755455826573714, 4.761819862581223, 4.774274772374419, 4.776658210895922, 4.791287009654781, 4.7939050215699845, 4.796031542800887, 4.834206925865314, 4.837693382093828, 4.839015976732539, 4.8473666318869855, 4.853825530521208, 4.863912658824586, 4.8650691755481965, 4.866635972264265, 4.878972047297199, 4.883084436599086, 4.893725344736118, 4.894956677854071, 4.897050251226039, 4.908595931818857, 4.938472851061452, 4.976493472582393, 5.03715701730263, 5.042865472393723]"
"10,5,5,10","[4.54902162021974, 4.557777919994224, 4.573740017581294, 4.577513304804104, 4.597041813051154, 4.6121332600802765, 4.628700930259777, 4.6402681636156276, 4.648610932456934, 4.652933823281305, 4.655935958682462, 4.663871352965126, 4.666223520559542, 4.689697872815883, 4.697624983772879, 4.700599659357224, 4.700736003679415, 4.709266774869662, 4.720940107858616, 4.722844335403647, 4.72610427775243, 4.7285959827275885, 4.7379744371942705, 4.743505285166751, 4.745464103799456, 4.755455826573714, 4.761819862581223, 4.774274772374419, 4.776658210895922, 4.791287009654781, 4.7939050215699845, 4.796031542800887, 4.834206925865314, 4.837693382093828, 4.839015976732539, 4.8473666318869855, 4.853825530521208, 4.863912658824586, 4.8650691755481965, 4.866635972264265, 4.878972047297199, 4.883084436599086, 4.893725344736118, 4.894956677854071, 4.897050251226039, 4.908595931818857, 4.938472851061452, 4.976493472582393, 5.03715701730263, 5.042865472393723]"
"10,5,5,50","[4.21442457077396, 4.4730506204705485, 4.542320863704214, 4.559920740840314, 4.573403453570166, 4.576789336020551, 4.581649411715597, 4.587800775636031, 4.600747568523563, 4.603043489695696, 4.603670994551615, 4.603907052897642, 4.615017291788156, 4.6292625409925225, 4.6353039145279995, 4.640163781160887, 4.644390702012661, 4.64483510592994, 4.65343793408154, 4.6613811931598255, 4.663880325488967, 4.66553517026195, 4.669620427489594, 4.675717582312215, 4.67904052260266, 4.688460717304629, 4.702377365250907, 4.713468745647785, 4.72027317376095, 4.72045852893237, 4.72463874813013, 4.727949518006884, 4.730651358719298, 4.731438462146088, 4.731624326581906, 4.734764973772598, 4.745336832849521, 4.747964632243075, 4.754472180783816, 4.7584968062558595, 4.762112141448197, 4.774186090915126, 4.778703121834698, 4.783484798711132, 4.783830575664052, 4.801061160154421, 4.802640123426942, 4.814370940330947, 4.8347770709202935, 5.1199237908723845]"
"10,5,10,5","[4.54902162021974, 4.557777919994224, 4.573740017581294, 4.577513304804104, 4.597041813051154, 4.6121332600802765, 4.628700930259777, 4.6402681636156276, 4.648610932456934, 4.652933823281305, 4.655935958682462, 4.663871352965126, 4.666223520559542, 4.689697872815883, 4.697624983772879, 4.700599659357224, 4.700736003679415, 4.709266774869662, 4.720940107858616, 4.722844335403647, 4.72610427775243, 4.7285959827275885, 4.7379744371942705, 4.743505285166751, 4.745464103799456, 4.755455826573714, 4.761819862581223, 4.774274772374419, 4.776658210895922, 4.791287009654781, 4.7939050215699845, 4.796031542800887, 4.834206925865314, 4.837693382093828, 4.839015976732539, 4.8473666318869855, 4.853825530521208, 4.863912658824586, 4.8650691755481965, 4.866635972264265, 4.878972047297199, 4.883084436599086, 4.893725344736118, 4.894956677854071, 4.897050251226039, 4.908595931818857, 4.938472851061452, 4.976493472582393, 5.03715701730263, 5.042865472393723]"
"10,5,10,10","[4.54902162021974, 4.557777919994224, 4.573740017581294, 4.577513304804104, 4.597041813051154, 4.6121332600802765, 4.628700930259777, 4.6402681636156276, 4.648610932456934, 4.652933823281305, 4.655935958682462, 4.663871352965126, 4.666223520559542, 4.689697872815883, 4.697624983772879, 4.700599659357224, 4.700736003679415, 4.709266774869662, 4.720940107858616, 4.722844335403647, 4.72610427775243, 4.7285959827275885, 4.7379744371942705, 4.743505285166751, 4.745464103799456, 4.755455826573714, 4.761819862581223, 4.774274772374419, 4.776658210895922, 4.791287009654781, 4.7939050215699845, 4.796031542800887, 4.834206925865314, 4.837693382093828, 4.839015976732539, 4.8473666318869855, 4.853825530521208, 4.863912658824586, 4.8650691755481965, 4.866635972264265, 4.878972047297199, 4.883084436599086, 4.893725344736118, 4.894956677854071, 4.897050251226039, 4.908595931818857, 4.938472851061452, 4.976493472582393, 5.03715701730263, 5.042865472393723]"
"10,5,10,50","[4.54902162021974, 4.557777919994224, 4.573740017581294, 4.577513304804104, 4.597041813051154, 4.6121332600802765, 4.628700930259777, 4.6402681636156276, 4.648610932456934, 4.652933823281305, 4.655935958682462, 4.663871352965126, 4.666223520559542, 4.689697872815883, 4.697624983772879, 4.700599659357224, 4.700736003679415, 4.709266774869662, 4.720940107858616, 4.722844335403647, 4.72610427775243, 4.7285959827275885, 4.7379744371942705, 4.743505285166751, 4.745464103799456, 4.755455826573714, 4.761819862581223, 4.774274772374419, 4.776658210895922, 4.791287009654781, 4.7939050215699845, 4.796031542800887, 4.834206925865314, 4.837693382093828, 4.839015976732539, 4.8473666318869855, 4.853825530521208, 4.863912658824586, 4.8650691755481965, 4.866635972264265, 4.878972047297199, 4.883084436599086, 4.893725344736118, 4.894956677854071, 4.897050251226039, 4.908595931818857, 4.938472851061452, 4.976493472582393, 5.03715701730263, 5.042865472393723]"
"10,5,50,5","[4.369049895731093, 4.384756005422845, 4.495025111163005, 4.52184262961747, 4.5306096247253125, 4.536363084658893, 4.573620731578395, 4.579148243726849, 4.581573646049947, 4.601889495762947, 4.602033708503022, 4.604634964939446, 4.608173970401772, 4.642046071466275, 4.674811192438507, 4.677608828571342, 4.684694759084369, 4.685048964566356, 4.704780719472706, 4.705683901161252, 4.707447906181779, 4.718165727091699, 4.7229441842889965, 4.735197426270731, 4.739195258906879, 4.748949347128185, 4.765296933605, 4.7848644104465, 4.795549719151561, 4.808213037747707, 4.824763390806637, 4.833872193455721, 4.842582979218924, 4.845395865622553, 4.847530063318722, 4.855265503587036, 4.893000110833327, 4.8973678464936965, 4.906780682926603, 4.92209295416688, 4.940097497279951, 4.955913674666722, 4.9643117708070275, 5.00840694916587, 5.011995739994648, 5.021017035870867, 5.036308843928796, 5.040511171995986, 5.112456448402601, 5.15908160280491]"
"10,5,50,10","[4.369049895731093, 4.384756005422845, 4.495025111163005, 4.52184262961747, 4.5306096247253125, 4.536363084658893, 4.573620731578395, 4.579148243726849, 4.581573646049947, 4.601889495762947, 4.602033708503022, 4.604634964939446, 4.608173970401772, 4.642046071466275, 4.674811192438507, 4.677608828571342, 4.684694759084369, 4.685048964566356, 4.704780719472706, 4.705683901161252, 4.707447906181779, 4.718165727091699, 4.7229441842889965, 4.735197426270731, 4.739195258906879, 4.748949347128185, 4.765296933605, 4.7848644104465, 4.795549719151561, 4.808213037747707, 4.824763390806637, 4.833872193455721, 4.842582979218924, 4.845395865622553, 4.847530063318722, 4.855265503587036, 4.893000110833327, 4.8973678464936965, 4.906780682926603, 4.92209295416688, 4.940097497279951, 4.955913674666722, 4.9643117708070275, 5.00840694916587, 5.011995739994648, 5.021017035870867, 5.036308843928796, 5.040511171995986, 5.112456448402601, 5.15908160280491]"
"10,5,50,50","[4.369049895731093, 4.384756005422845, 4.495025111163005, 4.52184262961747, 4.5306096247253125, 4.536363084658893, 4.573620731578395, 4.579148243726849, 4.581573646049947, 4.601889495762947, 4.602033708503022, 4.604634964939446, 4.608173970401772, 4.642046071466275, 4.674811192438507, 4.677608828571342, 4.684694759084369, 4.685048964566356, 4.704780719472706, 4.705683901161252, 4.707447906181779, 4.718165727091699, 4.7229441842889965, 4.735197426270731, 4.739195258906879, 4.748949347128185, 4.765296933605, 4.7848644104465, 4.795549719151561, 4.808213037747707, 4.824763390806637, 4.833872193455721, 4.842582979218924, 4.845395865622553, 4.847530063318722, 4.855265503587036, 4.893000110833327, 4.8973678464936965, 4.906780682926603, 4.92209295416688, 4.940097497279951, 4.955913674666722, 4.9643117708070275, 5.00840694916587, 5.011995739994648, 5.021017035870867, 5.036308843928796, 5.040511171995986, 5.112456448402601, 5.15908160280491]"
"10,10,5,5","[4.369049895731093, 4.384756005422845, 4.495025111163005, 4.52184262961747, 4.5306096247253125, 4.536363084658893, 4.573620731578395, 4.579148243726849, 4.581573646049947, 4.601889495762947, 4.602033708503022, 4.604634964939446, 4.608173970401772, 4.642046071466275, 4.674811192438507, 4.677608828571342, 4.684694759084369, 4.685048964566356, 4.704780719472706, 4.705683901161252, 4.707447906181779, 4.718165727091699, 4.7229441842889965, 4.735197426270731, 4.739195258906879, 4.748949347128185, 4.765296933605, 4.7848644104465, 4.795549719151561, 4.808213037747707, 4.824763390806637, 4.833872193455721, 4.842582979218924, 4.845395865622553, 4.847530063318722, 4.855265503587036, 4.893000110833327, 4.8973678464936965, 4.906780682926603, 4.92209295416688, 4.940097497279951, 4.955913674666722, 4.9643117708070275, 5.00840694916587, 5.011995739994648, 5.021017035870867, 5.036308843928796, 5.040511171995986, 5.112456448402601, 5.15908160280491]"
"10,10,5,10","[4.369049895731093, 4.384756005422845, 4.495025111163005, 4.52184262961747, 4.5306096247253125, 4.536363084658893, 4.573620731578395, 4.579148243726849, 4.581573646049947, 4.601889495762947, 4.602033708503022, 4.604634964939446, 4.608173970401772, 4.642046071466275, 4.674811192438507, 4.677608828571342, 4.684694759084369, 4.685048964566356, 4.704780719472706, 4.705683901161252, 4.707447906181779, 4.718165727091699, 4.7229441842889965, 4.735197426270731, 4.739195258906879, 4.748949347128185, 4.765296933605, 4.7848644104465, 4.795549719151561, 4.808213037747707, 4.824763390806637, 4.833872193455721, 4.842582979218924, 4.845395865622553, 4.847530063318722, 4.855265503587036, 4.893000110833327, 4.8973678464936965, 4.906780682926603, 4.92209295416688, 4.940097497279951, 4.955913674666722, 4.9643117708070275, 5.00840694916587, 5.011995739994648, 5.021017035870867, 5.036308843928796, 5.040511171995986, 5.112456448402601, 5.15908160280491]"
"10,10,5,50","[4.369049895731093, 4.384756005422845, 4.495025111163005, 4.52184262961747, 4.5306096247253125, 4.536363084658893, 4.573620731578395, 4.579148243726849, 4.581573646049947, 4.601889495762947, 4.602033708503022, 4.604634964939446, 4.608173970401772, 4.642046071466275, 4.674811192438507, 4.677608828571342, 4.684694759084369, 4.685048964566356, 4.704780719472706, 4.705683901161252, 4.707447906181779, 4.718165727091699, 4.7229441842889965, 4.735197426270731, 4.739195258906879, 4.748949347128185, 4.765296933605, 4.7848644104465, 4.795549719151561, 4.808213037747707, 4.824763390806637, 4.833872193455721, 4.842582979218924, 4.845395865622553, 4.847530063318722, 4.855265503587036, 4.893000110833327, 4.8973678464936965, 4.906780682926603, 4.92209295416688, 4.940097497279951, 4.955913674666722, 4.9643117708070275, 5.00840694916587, 5.011995739994648, 5.021017035870867, 5.036308843928796, 5.040511171995986, 5.112456448402601, 5.15908160280491]"
"10,10,10,5","[4.369049895731093, 4.384756005422845, 4.495025111163005, 4.52184262961747, 4.5306096247253125, 4.536363084658893, 4.573620731578395, 4.579148243726849, 4.581573646049947, 4.601889495762947, 4.602033708503022, 4.604634964939446, 4.608173970401772, 4.642046071466275, 4.674811192438507, 4.677608828571342, 4.684694759084369, 4.685048964566356, 4.704780719472706, 4.705683901161252, 4.707447906181779, 4.718165727091699, 4.7229441842889965, 4.735197426270731, 4.739195258906879, 4.748949347128185, 4.765296933605, 4.7848644104465, 4.795549719151561, 4.808213037747707, 4.824763390806637, 4.833872193455721, 4.842582979218924, 4.845395865622553, 4.847530063318722, 4.855265503587036, 4.893000110833327, 4.8973678464936965, 4.906780682926603, 4.92209295416688, 4.940097497279951, 4.955913674666722, 4.9643117708070275, 5.00840694916587, 5.011995739994648, 5.021017035870867, 5.036308843928796, 5.040511171995986, 5.112456448402601, 5.15908160280491]"
"10,10,10,10","[4.4475860448158215, 4.480230067458342, 4.485636945219871, 4.537722199078546, 4.571728155563248, 4.5844502742591295, 4.621087531944587, 4.624532086177523, 4.634472500545297, 4.635183972109352, 4.639932050816617, 4.652046412095748, 4.657684420613203, 4.660391937663824, 4.666687716065301, 4.6673583550383135, 4.671034163545905, 4.671444475359451, 4.680414151108876, 4.68232654956759, 4.686128882196403, 4.700068161663441, 4.710800783763508, 4.711179380421528, 4.715223761679851, 4.715826821573843, 4.726034295676662, 4.736043152225862, 4.742849853397336, 4.74502600630313, 4.751461143540824, 4.756401298324311, 4.756799822148006, 4.758935251203749, 4.761629379684549, 4.76576516631588, 4.7829674677253315, 4.795453983485159, 4.79725745401437, 4.797835474677104, 4.875457736434578, 4.892280718445443, 4.895547141224191, 4.941301780624594, 4.942826766876892, 4.950318320489585, 4.95634826001434, 4.95889633933087, 5.088251629656777, 5.161386854678515]"
"10,10,10,50","[4.184913973449548, 4.213578967738802, 4.265521873728151, 4.313154407388239, 4.315599619436552, 4.352464873230741, 4.364454167248402, 4.369900639044743, 4.384801721671197, 4.415600386052086, 4.420361484573635, 4.422277168881506, 4.428187255461651, 4.429453035857646, 4.4350490630320705, 4.43738548006479, 4.459110102670698, 4.465683069709908, 4.46955155107515, 4.471253015481356, 4.472470582710197, 4.478862956468533, 4.4827067417687685, 4.496519744806344, 4.497021797288949, 4.499546704689023, 4.50123478704476, 4.504054555129017, 4.5099844187353275, 4.5244391128914465, 4.524952223992326, 4.525219513754816, 4.529401486336825, 4.548877204441082, 4.553137331245717, 4.561262217739112, 4.563098913264317, 4.590576324717917, 4.5930536737469785, 4.595271666751094, 4.67152079978319, 4.677524814735017, 4.686088648561247, 4.703174884344113, 4.741484256324008, 4.810154937235961, 4.915589511829044, 4.91625184241286, 4.921997335628036, 4.93593840616561]"
"10,10,50,5","[4.184913973449548, 4.213578967738802, 4.265521873728151, 4.313154407388239, 4.315599619436552, 4.352464873230741, 4.364454167248402, 4.369900639044743, 4.384801721671197, 4.415600386052086, 4.420361484573635, 4.422277168881506, 4.428187255461651, 4.429453035857646, 4.4350490630320705, 4.43738548006479, 4.459110102670698, 4.465683069709908, 4.46955155107515, 4.471253015481356, 4.472470582710197, 4.478862956468533, 4.4827067417687685, 4.496519744806344, 4.497021797288949, 4.499546704689023, 4.50123478704476, 4.504054555129017, 4.5099844187353275, 4.5244391128914465, 4.524952223992326, 4.525219513754816, 4.529401486336825, 4.548877204441082, 4.553137331245717, 4.561262217739112, 4.563098913264317, 4.590576324717917, 4.5930536737469785, 4.595271666751094, 4.67152079978319, 4.677524814735017, 4.686088648561247, 4.703174884344113, 4.741484256324008, 4.810154937235961, 4.915589511829044, 4.91625184241286, 4.921997335628036, 4.93593840616561]"
"10,10,50,10","[4.184913973449548, 4.213578967738802, 4.265521873728151, 4.313154407388239, 4.315599619436552, 4.352464873230741, 4.364454167248402, 4.369900639044743, 4.384801721671197, 4.415600386052086, 4.420361484573635, 4.422277168881506, 4.428187255461651, 4.429453035857646, 4.4350490630320705, 4.43738548006479, 4.459110102670698, 4.465683069709908, 4.46955155107515, 4.471253015481356, 4.472470582710197, 4.478862956468533, 4.4827067417687685, 4.496519744806344, 4.497021797288949, 4.499546704689023, 4.50123478704476, 4.504054555129017, 4.5099844187353275, 4.5244391128914465, 4.524952223992326, 4.525219513754816, 4.529401486336825, 4.548877204441082, 4.553137331245717, 4.561262217739112, 4.563098913264317, 4.590576324717917, 4.5930536737469785, 4.595271666751094, 4.67152079978319, 4.677524814735017, 4.686088648561247, 4.703174884344113, 4.741484256324008, 4.810154937235961, 4.915589511829044, 4.91625184241286, 4.921997335628036, 4.93593840616561]"
"10,10,50,50","[4.184913973449548, 4.213578967738802, 4.265521873728151, 4.313154407388239, 4.315599619436552, 4.352464873230741, 4.364454167248402, 4.369900639044743, 4.384801721671197, 4.415600386052086, 4.420361484573635, 4.422277168881506, 4.428187255461651, 4.429453035857646, 4.4350490630320705, 4.43738548006479, 4.459110102670698, 4.465683069709908, 4.46955155107515, 4.471253015481356, 4.472470582710197, 4.478862956468533, 4.4827067417687685, 4.496519744806344, 4.497021797288949, 4.499546704689023, 4.50123478704476, 4.504054555129017, 4.5099844187353275, 4.5244391128914465, 4.524952223992326, 4.525219513754816, 4.529401486336825, 4.548877204441082, 4.553137331245717, 4.561262217739112, 4.563098913264317, 4.590576324717917, 4.5930536737469785, 4.595271666751094, 4.67152079978319, 4.677524814735017, 4.686088648561247, 4.703174884344113, 4.741484256324008, 4.810154937235961, 4.915589511829044, 4.91625184241286, 4.921997335628036, 4.93593840616561]"
"10,50,5,5","[4.184913973449548, 4.213578967738802, 4.265521873728151, 4.313154407388239, 4.315599619436552, 4.352464873230741, 4.364454167248402, 4.369900639044743, 4.384801721671197, 4.415600386052086, 4.420361484573635, 4.422277168881506, 4.428187255461651, 4.429453035857646, 4.4350490630320705, 4.43738548006479, 4.459110102670698, 4.465683069709908, 4.46955155107515, 4.471253015481356, 4.472470582710197, 4.478862956468533, 4.4827067417687685, 4.496519744806344, 4.497021797288949, 4.499546704689023, 4.50123478704476, 4.504054555129017, 4.5099844187353275, 4.5244391128914465, 4.524952223992326, 4.525219513754816, 4.529401486336825, 4.548877204441082, 4.553137331245717, 4.561262217739112, 4.563098913264317, 4.590576324717917, 4.5930536737469785, 4.595271666751094, 4.67152079978319, 4.677524814735017, 4.686088648561247, 4.703174884344113, 4.741484256324008, 4.810154937235961, 4.915589511829044, 4.91625184241286, 4.921997335628036, 4.93593840616561]"
"10,50,5,10","[4.184913973449548, 4.213578967738802, 4.265521873728151, 4.313154407388239, 4.315599619436552, 4.352464873230741, 4.364454167248402, 4.369900639044743, 4.384801721671197, 4.415600386052086, 4.420361484573635, 4.422277168881506, 4.428187255461651, 4.429453035857646, 4.4350490630320705, 4.43738548006479, 4.459110102670698, 4.465683069709908, 4.46955155107515, 4.471253015481356, 4.472470582710197, 4.478862956468533, 4.4827067417687685, 4.496519744806344, 4.497021797288949, 4.499546704689023, 4.50123478704476, 4.504054555129017, 4.5099844187353275, 4.5244391128914465, 4.524952223992326, 4.525219513754816, 4.529401486336825, 4.548877204441082, 4.553137331245717, 4.561262217739112, 4.563098913264317, 4.590576324717917, 4.5930536737469785, 4.595271666751094, 4.67152079978319, 4.677524814735017, 4.686088648561247, 4.703174884344113, 4.741484256324008, 4.810154937235961, 4.915589511829044, 4.91625184241286, 4.921997335628036, 4.93593840616561]"
"10,50,5,50","[4.3645252888355826, 4.411831384296331, 4.438096659323986, 4.444754507419835, 4.4538432002401676, 4.462117200521995, 4.465289786062685, 4.472581309862466, 4.476088029492578, 4.494780051786494, 4.498709773234482, 4.5107014232862115, 4.513011732150477, 4.5151258996708865, 4.518099820205438, 4.519496658897634, 4.519822751706967, 4.526931638960935, 4.5284438602023975, 4.541981419202154, 4.543275220889771, 4.54431433225108, 4.546175579782368, 4.546349813738308, 4.546705401968834, 4.5473791028382555, 4.550533463292591, 4.551089817930023, 4.553439374356781, 4.553527754808508, 4.5551926352659295, 4.557512001874002, 4.557614973331776, 4.557836877578652, 4.583461665657478, 4.5922406147392065, 4.611017508232728, 4.618303126929044, 4.6311691878261065, 4.635707322815098, 4.650122066046339, 4.657089415845875, 4.707296390712953, 4.717455239092756, 4.729912550441142, 4.7339999863215665, 4.751858345996697, 4.8011686876165305, 4.818630147104744, 4.9422666383533524]"
"10,50,10,5","[4.184913973449548, 4.213578967738802, 4.265521873728151, 4.313154407388239, 4.315599619436552, 4.352464873230741, 4.364454167248402, 4.369900639044743, 4.384801721671197, 4.415600386052086, 4.420361484573635, 4.422277168881506, 4.428187255461651, 4.429453035857646, 4.4350490630320705, 4.43738548006479, 4.459110102670698, 4.465683069709908, 4.46955155107515, 4.471253015481356, 4.472470582710197, 4.478862956468533, 4.4827067417687685, 4.496519744806344, 4.497021797288949, 4.499546704689023, 4.50123478704476, 4.504054555129017, 4.5099844187353275, 4.5244391128914465, 4.524952223992326, 4.525219513754816, 4.529401486336825, 4.548877204441082, 4.553137331245717, 4.561262217739112, 4.563098913264317, 4.590576324717917, 4.5930536737469785, 4.595271666751094, 4.67152079978319, 4.677524814735017, 4.686088648561247, 4.703174884344113, 4.741484256324008, 4.810154937235961, 4.915589511829044, 4.91625184241286, 4.921997335628036, 4.93593840616561]"
"10,50,10,10","[4.768680085172924, 4.790224905631379, 4.796982873786615, 4.811416673900066, 4.833845530244369, 4.867491175656482, 4.880891214270631, 4.883175247049971, 4.897012645283107, 4.900795628234508, 4.909262747594215, 4.911254902580778, 4.911940533552361, 4.912830300805427, 4.9157022147892375, 4.918186119160504, 4.939940302375349, 4.950576671838771, 4.954829159704492, 4.973258533763369, 4.979777784373695, 4.993426373589145, 4.994553384228499, 4.996051259456562, 4.998935077303956, 5.000005270066328, 5.003295585653778, 5.010409827529556, 5.027234946735447, 5.0274045137161485, 5.029145097645832, 5.0370501592919155, 5.039491725476771, 5.04196072798888, 5.056206706763362, 5.062462157060591, 5.066418186618464, 5.068698360913464, 5.0715120170519095, 5.07515282833107, 5.0966104965332395, 5.104764844708456, 5.109465711695683, 5.136702615487902, 5.149977271045023, 5.163863841092336, 5.177593327011541, 5.2140506655459085, 5.299905152624072, 5.517009865620853]"
"10,50,10,50","[4.768680085172924, 4.790224905631379, 4.796982873786615, 4.811416673900066, 4.833845530244369, 4.867491175656482, 4.880891214270631, 4.883175247049971, 4.897012645283107, 4.900795628234508, 4.909262747594215, 4.911254902580778, 4.911940533552361, 4.912830300805427, 4.9157022147892375, 4.918186119160504, 4.939940302375349, 4.950576671838771, 4.954829159704492, 4.973258533763369, 4.979777784373695, 4.993426373589145, 4.994553384228499, 4.996051259456562, 4.998935077303956, 5.000005270066328, 5.003295585653778, 5.010409827529556, 5.027234946735447, 5.0274045137161485, 5.029145097645832, 5.0370501592919155, 5.039491725476771, 5.04196072798888, 5.056206706763362, 5.062462157060591, 5.066418186618464, 5.068698360913464, 5.0715120170519095, 5.07515282833107, 5.0966104965332395, 5.104764844708456, 5.109465711695683, 5.136702615487902, 5.149977271045023, 5.163863841092336, 5.177593327011541, 5.2140506655459085, 5.299905152624072, 5.517009865620853]"
"10,50,50,5","[4.768680085172924, 4.790224905631379, 4.796982873786615, 4.811416673900066, 4.833845530244369, 4.867491175656482, 4.880891214270631, 4.883175247049971, 4.897012645283107, 4.900795628234508, 4.909262747594215, 4.911254902580778, 4.911940533552361, 4.912830300805427, 4.9157022147892375, 4.918186119160504, 4.939940302375349, 4.950576671838771, 4.954829159704492, 4.973258533763369, 4.979777784373695, 4.993426373589145, 4.994553384228499, 4.996051259456562, 4.998935077303956, 5.000005270066328, 5.003295585653778, 5.010409827529556, 5.027234946735447, 5.0274045137161485, 5.029145097645832, 5.0370501592919155, 5.039491725476771, 5.04196072798888, 5.056206706763362, 5.062462157060591, 5.066418186618464, 5.068698360913464, 5.0715120170519095, 5.07515282833107, 5.0966104965332395, 5.104764844708456, 5.109465711695683, 5.136702615487902, 5.149977271045023, 5.163863841092336, 5.177593327011541, 5.2140506655459085, 5.299905152624072, 5.517009865620853]"
"10,50,50,10","[4.768680085172924, 4.790224905631379, 4.796982873786615, 4.811416673900066, 4.833845530244369, 4.867491175656482, 4.880891214270631, 4.883175247049971, 4.897012645283107, 4.900795628234508, 4.909262747594215, 4.911254902580778, 4.911940533552361, 4.912830300805427, 4.9157022147892375, 4.918186119160504, 4.939940302375349, 4.950576671838771, 4.954829159704492, 4.973258533763369, 4.979777784373695, 4.993426373589145, 4.994553384228499, 4.996051259456562, 4.998935077303956, 5.000005270066328, 5.003295585653778, 5.010409827529556, 5.027234946735447, 5.0274045137161485, 5.029145097645832, 5.0370501592919155, 5.039491725476771, 5.04196072798888, 5.056206706763362, 5.062462157060591, 5.066418186618464, 5.068698360913464, 5.0715120170519095, 5.07515282833107, 5.0966104965332395, 5.104764844708456, 5.109465711695683, 5.136702615487902, 5.149977271045023, 5.163863841092336, 5.177593327011541, 5.2140506655459085, 5.299905152624072, 5.517009865620853]"
"10,50,50,50","[4.768680085172924, 4.790224905631379, 4.796982873786615, 4.811416673900066, 4.833845530244369, 4.867491175656482, 4.880891214270631, 4.883175247049971, 4.897012645283107, 4.900795628234508, 4.909262747594215, 4.911254902580778, 4.911940533552361, 4.912830300805427, 4.9157022147892375, 4.918186119160504, 4.939940302375349, 4.950576671838771, 4.954829159704492, 4.973258533763369, 4.979777784373695, 4.993426373589145, 4.994553384228499, 4.996051259456562, 4.998935077303956, 5.000005270066328, 5.003295585653778, 5.010409827529556, 5.027234946735447, 5.0274045137161485, 5.029145097645832, 5.0370501592919155, 5.039491725476771, 5.04196072798888, 5.056206706763362, 5.062462157060591, 5.066418186618464, 5.068698360913464, 5.0715120170519095, 5.07515282833107, 5.0966104965332395, 5.104764844708456, 5.109465711695683, 5.136702615487902, 5.149977271045023, 5.163863841092336, 5.177593327011541, 5.2140506655459085, 5.299905152624072, 5.517009865620853]"
"50,5,5,5","[4.768680085172924, 4.790224905631379, 4.796982873786615, 4.811416673900066, 4.833845530244369, 4.867491175656482, 4.880891214270631, 4.883175247049971, 4.897012645283107, 4.900795628234508, 4.909262747594215, 4.911254902580778, 4.911940533552361, 4.912830300805427, 4.9157022147892375, 4.918186119160504, 4.939940302375349, 4.950576671838771, 4.954829159704492, 4.973258533763369, 4.979777784373695, 4.993426373589145, 4.994553384228499, 4.996051259456562, 4.998935077303956, 5.000005270066328, 5.003295585653778, 5.010409827529556, 5.027234946735447, 5.0274045137161485, 5.029145097645832, 5.0370501592919155, 5.039491725476771, 5.04196072798888, 5.056206706763362, 5.062462157060591, 5.066418186618464, 5.068698360913464, 5.0715120170519095, 5.07515282833107, 5.0966104965332395, 5.104764844708456, 5.109465711695683, 5.136702615487902, 5.149977271045023, 5.163863841092336, 5.177593327011541, 5.2140506655459085, 5.299905152624072, 5.517009865620853]"
"50,5,5,10","[4.265434662934962, 4.359238645124797, 4.374658263782596, 4.392258024299878, 4.397507937796575, 4.414512753683283, 4.4495621799560405, 4.450496681470998, 4.456333126724962, 4.4576807811534875, 4.469309648294237, 4.4845680000242645, 4.488422457810891, 4.502436020745338, 4.507330826690322, 4.508037066964381, 4.512250616257949, 4.514189740090529, 4.514608694572163, 4.516225940501399, 4.527460023479339, 4.556109075268889, 4.557129486121515, 4.560755606736695, 4.56209969484722, 4.564141554678265, 4.5679146826445995, 4.5788187656655905, 4.5956338175681175, 4.5977842401270195, 4.603149146962485, 4.605466327057195, 4.605937021485094, 4.609202299015153, 4.6321248814492755, 4.6344958586542875, 4.635050781424553, 4.647281898679289, 4.64979942859058, 4.676551546317072, 4.6773966778014255, 4.678421160062662, 4.683394581404612, 4.700011725968519, 4.705649150502624, 4.709350299448863, 4.792448056936098, 4.814076552632294, 4.8510422046302555, 4.872200434114144]"
"50,5,5,50","[4.380008263567483, 4.482105518319196, 4.556560134496568, 4.581920924196232, 4.584282887850432, 4.585124604820928, 4.605666432475306, 4.611727970457359, 4.623323703388364, 4.638256000240159, 4.638483154694198, 4.644935136890542, 4.646326321940037, 4.661310941985564, 4.668398000412102, 4.6794827169931175, 4.689397072894091, 4.71352643943357, 4.718761439211092, 4.719417031527838, 4.729675944163216, 4.7298771539242175, 4.732432326906577, 4.738794111476384, 4.743719449178803, 4.746640555119778, 4.761672110356189, 4.788147765596453, 4.794040613380305, 4.795680058205945, 4.802093170956925, 4.803683002447028, 4.813343091818596, 4.818434966530478, 4.825034741309732, 4.830479284775965, 4.83064358481424, 4.838202304809355, 4.8451115039689086, 4.864425319396434, 4.866714912971446, 4.889629089261026, 4.902795617606184, 4.922666645212045, 4.941600395567943, 4.952768675545122, 4.95714671281616, 5.056441380351631, 5.140691249764505, 5.266887672854398]"
"50,5,10,5","[4.768680085172924, 4.790224905631379, 4.796982873786615, 4.811416673900066, 4.833845530244369, 4.867491175656482, 4.880891214270631, 4.883175247049971, 4.897012645283107, 4.900795628234508, 4.909262747594215, 4.911254902580778, 4.911940533552361, 4.912830300805427, 4.9157022147892375, 4.918186119160504, 4.939940302375349, 4.950576671838771, 4.954829159704492, 4.973258533763369, 4.979777784373695, 4.993426373589145, 4.994553384228499, 4.996051259456562, 4.998935077303956, 5.000005270066328, 5.003295585653778, 5.010409827529556, 5.027234946735447, 5.0274045137161485, 5.029145097645832, 5.0370501592919155, 5.039491725476771, 5.04196072798888, 5.056206706763362, 5.062462157060591, 5.066418186618464, 5.068698360913464, 5.0715120170519095, 5.07515282833107, 5.0966104965332395, 5.104764844708456, 5.109465711695683, 5.136702615487902, 5.149977271045023, 5.163863841092336, 5.177593327011541, 5.2140506655459085, 5.299905152624072, 5.517009865620853]"
"50,5,10,10","[4.265434662934962, 4.359238645124797, 4.374658263782596, 4.392258024299878, 4.397507937796575, 4.414512753683283, 4.4495621799560405, 4.450496681470998, 4.456333126724962, 4.4576807811534875, 4.469309648294237, 4.4845680000242645, 4.488422457810891, 4.502436020745338, 4.507330826690322, 4.508037066964381, 4.512250616257949, 4.514189740090529, 4.514608694572163, 4.516225940501399, 4.527460023479339, 4.556109075268889, 4.557129486121515, 4.560755606736695, 4.56209969484722, 4.564141554678265, 4.5679146826445995, 4.5788187656655905, 4.5956338175681175, 4.5977842401270195, 4.603149146962485, 4.605466327057195, 4.605937021485094, 4.609202299015153, 4.6321248814492755, 4.6344958586542875, 4.635050781424553, 4.647281898679289, 4.64979942859058, 4.676551546317072, 4.6773966778014255, 4.678421160062662, 4.683394581404612, 4.700011725968519, 4.705649150502624, 4.709350299448863, 4.792448056936098, 4.814076552632294, 4.8510422046302555, 4.872200434114144]"
"50,5,10,50","[4.265434662934962, 4.359238645124797, 4.374658263782596, 4.392258024299878, 4.397507937796575, 4.414512753683283, 4.4495621799560405, 4.450496681470998, 4.456333126724962, 4.4576807811534875, 4.469309648294237, 4.4845680000242645, 4.488422457810891, 4.502436020745338, 4.507330826690322, 4.508037066964381, 4.512250616257949, 4.514189740090529, 4.514608694572163, 4.516225940501399, 4.527460023479339, 4.556109075268889, 4.557129486121515, 4.560755606736695, 4.56209969484722, 4.564141554678265, 4.5679146826445995, 4.5788187656655905, 4.5956338175681175, 4.5977842401270195, 4.603149146962485, 4.605466327057195, 4.605937021485094, 4.609202299015153, 4.6321248814492755, 4.6344958586542875, 4.635050781424553, 4.647281898679289, 4.64979942859058, 4.676551546317072, 4.6773966778014255, 4.678421160062662, 4.683394581404612, 4.700011725968519, 4.705649150502624, 4.709350299448863, 4.792448056936098, 4.814076552632294, 4.8510422046302555, 4.872200434114144]"
"50,5,50,5","[4.265434662934962, 4.359238645124797, 4.374658263782596, 4.392258024299878, 4.397507937796575, 4.414512753683283, 4.4495621799560405, 4.450496681470998, 4.456333126724962, 4.4576807811534875, 4.469309648294237, 4.4845680000242645, 4.488422457810891, 4.502436020745338, 4.507330826690322, 4.508037066964381, 4.512250616257949, 4.514189740090529, 4.514608694572163, 4.516225940501399, 4.527460023479339, 4.556109075268889, 4.557129486121515, 4.560755606736695, 4.56209969484722, 4.564141554678265, 4.5679146826445995, 4.5788187656655905, 4.5956338175681175, 4.5977842401270195, 4.603149146962485, 4.605466327057195, 4.605937021485094, 4.609202299015153, 4.6321248814492755, 4.6344958586542875, 4.635050781424553, 4.647281898679289, 4.64979942859058, 4.676551546317072, 4.6773966778014255, 4.678421160062662, 4.683394581404612, 4.700011725968519, 4.705649150502624, 4.709350299448863, 4.792448056936098, 4.814076552632294, 4.8510422046302555, 4.872200434114144]"
"50,5,50,10","[4.441810105070686, 4.508050154073301, 4.533216225981515, 4.54243201434616, 4.547951944663742, 4.560521564258027, 4.594103715841073, 4.64565860572833, 4.665157858111759, 4.67488981689637, 4.680743168311784, 4.694059900091529, 4.699951921068196, 4.702034163946131, 4.710353865045975, 4.710993082638086, 4.712002560298347, 4.7150813705943, 4.723938893364548, 4.727339480573695, 4.73055041510902, 4.755878658924243, 4.7592935116585044, 4.762381954409437, 4.780757013707453, 4.784611223563458, 4.786367286909236, 4.786539215671303, 4.7973188302286, 4.8059030691364315, 4.820679982938705, 4.826140806030307, 4.834865858077057, 4.836961627279461, 4.8405529773734886, 4.857204067409564, 4.871710477132072, 4.88210390033123, 4.896658307424869, 4.90337518086313, 4.911099879282969, 4.9259793104315674, 4.958637703963708, 4.963091674769658, 4.991186092589346, 5.0490513388850164, 5.201891630771161, 5.219275354830792, 5.316242148538951, 5.555616219092003]"
"50,5,50,50","[4.265434662934962, 4.359238645124797, 4.374658263782596, 4.392258024299878, 4.397507937796575, 4.414512753683283, 4.4495621799560405, 4.450496681470998, 4.456333126724962, 4.4576807811534875, 4.469309648294237, 4.4845680000242645, 4.488422457810891, 4.502436020745338, 4.507330826690322, 4.508037066964381, 4.512250616257949, 4.514189740090529, 4.514608694572163, 4.516225940501399, 4.527460023479339, 4.556109075268889, 4.557129486121515, 4.560755606736695, 4.56209969484722, 4.564141554678265, 4.5679146826445995, 4.5788187656655905, 4.5956338175681175, 4.5977842401270195, 4.603149146962485, 4.605466327057195, 4.605937021485094, 4.609202299015153, 4.6321248814492755, 4.6344958586542875, 4.635050781424553, 4.647281898679289, 4.64979942859058, 4.676551546317072, 4.6773966778014255, 4.678421160062662, 4.683394581404612, 4.700011725968519, 4.705649150502624, 4.709350299448863, 4.792448056936098, 4.814076552632294, 4.8510422046302555, 4.872200434114144]"
"50,10,5,5","[4.693943372562637, 4.7660407709006565, 4.848132928214269, 4.883135061305441, 4.900596193500303, 4.92846515530946, 4.938794618778682, 4.939958676004253, 4.954930906053317, 4.957395852419013, 4.97113205208885, 4.975772101525864, 4.977973143020184, 4.984791094476709, 4.9855404615606735, 4.9868863881904035, 4.993300081160083, 4.994671432716597, 4.995409696342063, 4.996553549408547, 5.010870723865346, 5.018528396876751, 5.022062059429195, 5.031050366068343, 5.042064988599934, 5.043282384466335, 5.04529663048571, 5.0594920284793945, 5.061508810280705, 5.064919662853273, 5.0664130180367355, 5.074697915585376, 5.078785649834371, 5.084120180365818, 5.0858107900836345, 5.090219918549612, 5.09822858009915, 5.101369190302343, 5.102101052045848, 5.1030793551556615, 5.110885116139013, 5.113404722863148, 5.116136572393487, 5.117280146759296, 5.13790423407153, 5.156676853433941, 5.174485658867767, 5.1825999712827535, 5.202385770430185, 5.243981158991106]"
"50,10,5,10","[4.265434662934962, 4.359238645124797, 4.374658263782596, 4.392258024299878, 4.397507937796575, 4.414512753683283, 4.4495621799560405, 4.450496681470998, 4.456333126724962, 4.4576807811534875, 4.469309648294237, 4.4845680000242645, 4.488422457810891, 4.502436020745338, 4.507330826690322, 4.508037066964381, 4.512250616257949, 4.514189740090529, 4.514608694572163, 4.516225940501399, 4.527460023479339, 4.556109075268889, 4.557129486121515, 4.560755606736695, 4.56209969484722, 4.564141554678265, 4.5679146826445995, 4.5788187656655905, 4.5956338175681175, 4.5977842401270195, 4.603149146962485, 4.605466327057195, 4.605937021485094, 4.609202299015153, 4.6321248814492755, 4.6344958586542875, 4.635050781424553, 4.647281898679289, 4.64979942859058, 4.676551546317072, 4.6773966778014255, 4.678421160062662, 4.683394581404612, 4.700011725968519, 4.705649150502624, 4.709350299448863, 4.792448056936098, 4.814076552632294, 4.8510422046302555, 4.872200434114144]"
"50,10,5,50","[4.693943372562637, 4.7660407709006565, 4.848132928214269, 4.883135061305441, 4.900596193500303, 4.92846515530946, 4.938794618778682, 4.939958676004253, 4.954930906053317, 4.957395852419013, 4.97113205208885, 4.975772101525864, 4.977973143020184, 4.984791094476709, 4.9855404615606735, 4.9868863881904035, 4.993300081160083, 4.994671432716597, 4.995409696342063, 4.996553549408547, 5.010870723865346, 5.018528396876751, 5.022062059429195, 5.031050366068343, 5.042064988599934, 5.043282384466335, 5.04529663048571, 5.0594920284793945, 5.061508810280705, 5.064919662853273, 5.0664130180367355, 5.074697915585376, 5.078785649834371, 5.084120180365818, 5.0858107900836345, 5.090219918549612, 5.09822858009915, 5.101369190302343, 5.102101052045848, 5.1030793551556615, 5.110885116139013, 5.113404722863148, 5.116136572393487, 5.117280146759296, 5.13790423407153, 5.156676853433941, 5.174485658867767, 5.1825999712827535, 5.202385770430185, 5.243981158991106]"
"50,10,10,5","[4.265434662934962, 4.359238645124797, 4.374658263782596, 4.392258024299878, 4.397507937796575, 4.414512753683283, 4.4495621799560405, 4.450496681470998, 4.456333126724962, 4.4576807811534875, 4.469309648294237, 4.4845680000242645, 4.488422457810891, 4.502436020745338, 4.507330826690322, 4.508037066964381, 4.512250616257949, 4.514189740090529, 4.514608694572163, 4.516225940501399, 4.527460023479339, 4.556109075268889, 4.557129486121515, 4.560755606736695, 4.56209969484722, 4.564141554678265, 4.5679146826445995, 4.5788187656655905, 4.5956338175681175, 4.5977842401270195, 4.603149146962485, 4.605466327057195, 4.605937021485094, 4.609202299015153, 4.6321248814492755, 4.6344958586542875, 4.635050781424553, 4.647281898679289, 4.64979942859058, 4.676551546317072, 4.6773966778014255, 4.678421160062662, 4.683394581404612, 4.700011725968519, 4.705649150502624, 4.709350299448863, 4.792448056936098, 4.814076552632294, 4.8510422046302555, 4.872200434114144]"
"50,10,10,10","[4.693943372562637, 4.7660407709006565, 4.848132928214269, 4.883135061305441, 4.900596193500303, 4.92846515530946, 4.938794618778682, 4.939958676004253, 4.954930906053317, 4.957395852419013, 4.97113205208885, 4.975772101525864, 4.977973143020184, 4.984791094476709, 4.9855404615606735, 4.9868863881904035, 4.993300081160083, 4.994671432716597, 4.995409696342063, 4.996553549408547, 5.010870723865346, 5.018528396876751, 5.022062059429195, 5.031050366068343, 5.042064988599934, 5.043282384466335, 5.04529663048571, 5.0594920284793945, 5.061508810280705, 5.064919662853273, 5.0664130180367355, 5.074697915585376, 5.078785649834371, 5.084120180365818, 5.0858107900836345, 5.090219918549612, 5.09822858009915, 5.101369190302343, 5.102101052045848, 5.1030793551556615, 5.110885116139013, 5.113404722863148, 5.116136572393487, 5.117280146759296, 5.13790423407153, 5.156676853433941, 5.174485658867767, 5.1825999712827535, 5.202385770430185, 5.243981158991106]"
"50,10,10,50","[4.693943372562637, 4.7660407709006565, 4.848132928214269, 4.883135061305441, 4.900596193500303, 4.92846515530946, 4.938794618778682, 4.939958676004253, 4.954930906053317, 4.957395852419013, 4.97113205208885, 4.975772101525864, 4.977973143020184, 4.984791094476709, 4.9855404615606735, 4.9868863881904035, 4.993300081160083, 4.994671432716597, 4.995409696342063, 4.996553549408547, 5.010870723865346, 5.018528396876751, 5.022062059429195, 5.031050366068343, 5.042064988599934, 5.043282384466335, 5.04529663048571, 5.0594920284793945, 5.061508810280705, 5.064919662853273, 5.0664130180367355, 5.074697915585376, 5.078785649834371, 5.084120180365818, 5.0858107900836345, 5.090219918549612, 5.09822858009915, 5.101369190302343, 5.102101052045848, 5.1030793551556615, 5.110885116139013, 5.113404722863148, 5.116136572393487, 5.117280146759296, 5.13790423407153, 5.156676853433941, 5.174485658867767, 5.1825999712827535, 5.202385770430185, 5.243981158991106]"
"50,10,50,5","[4.693943372562637, 4.7660407709006565, 4.848132928214269, 4.883135061305441, 4.900596193500303, 4.92846515530946, 4.938794618778682, 4.939958676004253, 4.954930906053317, 4.957395852419013, 4.97113205208885, 4.975772101525864, 4.977973143020184, 4.984791094476709, 4.9855404615606735, 4.9868863881904035, 4.993300081160083, 4.994671432716597, 4.995409696342063, 4.996553549408547, 5.010870723865346, 5.018528396876751, 5.022062059429195, 5.031050366068343, 5.042064988599934, 5.043282384466335, 5.04529663048571, 5.0594920284793945, 5.061508810280705, 5.064919662853273, 5.0664130180367355, 5.074697915585376, 5.078785649834371, 5.084120180365818, 5.0858107900836345, 5.090219918549612, 5.09822858009915, 5.101369190302343, 5.102101052045848, 5.1030793551556615, 5.110885116139013, 5.113404722863148, 5.116136572393487, 5.117280146759296, 5.13790423407153, 5.156676853433941, 5.174485658867767, 5.1825999712827535, 5.202385770430185, 5.243981158991106]"
"50,10,50,10","[4.430731590478523, 4.483959314340819, 4.549694515019674, 4.5592380310386025, 4.560062053931797, 4.563590937646432, 4.57530077982335, 4.632943296145201, 4.639366866104428, 4.6805147347027205, 4.699730520109091, 4.721752345048101, 4.727641845060528, 4.745728253773656, 4.746506723285775, 4.749933371655395, 4.753328286262623, 4.753879870113184, 4.758691434665231, 4.771560166241687, 4.775222659985806, 4.776154399543416, 4.785274183047486, 4.787705823598629, 4.796651521051173, 4.801532597918583, 4.804841714136585, 4.809070659624903, 4.8098460985019775, 4.81177182405611, 4.818875269230633, 4.819077941715281, 4.8236414388835955, 4.825380833424628, 4.827627874841657, 4.834986966623538, 4.846412816300387, 4.850235623951882, 4.854146289908827, 4.86563218112261, 4.869311874813575, 4.872856212055398, 4.8833656722404095, 4.910861284639652, 4.91384578369177, 4.97888440129336, 5.028600678806355, 5.0856814508360495, 5.109306489202864, 5.3383661580327395]"
"50,10,50,50","[4.693943372562637, 4.7660407709006565, 4.848132928214269, 4.883135061305441, 4.900596193500303, 4.92846515530946, 4.938794618778682, 4.939958676004253, 4.954930906053317, 4.957395852419013, 4.97113205208885, 4.975772101525864, 4.977973143020184, 4.984791094476709, 4.9855404615606735, 4.9868863881904035, 4.993300081160083, 4.994671432716597, 4.995409696342063, 4.996553549408547, 5.010870723865346, 5.018528396876751, 5.022062059429195, 5.031050366068343, 5.042064988599934, 5.043282384466335, 5.04529663048571, 5.0594920284793945, 5.061508810280705, 5.064919662853273, 5.0664130180367355, 5.074697915585376, 5.078785649834371, 5.084120180365818, 5.0858107900836345, 5.090219918549612, 5.09822858009915, 5.101369190302343, 5.102101052045848, 5.1030793551556615, 5.110885116139013, 5.113404722863148, 5.116136572393487, 5.117280146759296, 5.13790423407153, 5.156676853433941, 5.174485658867767, 5.1825999712827535, 5.202385770430185, 5.243981158991106]"
"50,50,5,5","[4.4465727713716765, 4.4656841364031035, 4.4800166945890485, 4.503338114271516, 4.5130112745437705, 4.515328736392028, 4.529904472974567, 4.538312608351443, 4.551914480295498, 4.556222064294564, 4.560396239792874, 4.587340720174214, 4.592067323470783, 4.59514686290608, 4.595494132038748, 4.605307571952525, 4.605766723759746, 4.605782337593736, 4.610871606021225, 4.6110201811625275, 4.6193509580954055, 4.62051154657348, 4.624434016205962, 4.6327202072273215, 4.636725301258789, 4.63862430466182, 4.64761693349652, 4.649345043097257, 4.65756775617368, 4.669365648676351, 4.670251444487092, 4.672661472577059, 4.6752898031104095, 4.679785986415782, 4.683005333359102, 4.692535272751079, 4.692653170976498, 4.698778025245639, 4.7211802601512, 4.721295255233324, 4.738776732873039, 4.757190849070436, 4.782943626960532, 4.784404240849775, 4.786497017104856, 4.787008533044993, 4.852065602589051, 4.860393642300791, 4.879181143831195, 5.024355515957779]"
"50,50,5,10","[4.4465727713716765, 4.4656841364031035, 4.4800166945890485, 4.503338114271516, 4.5130112745437705, 4.515328736392028, 4.529904472974567, 4.538312608351443, 4.551914480295498, 4.556222064294564, 4.560396239792874, 4.587340720174214, 4.592067323470783, 4.59514686290608, 4.595494132038748, 4.605307571952525, 4.605766723759746, 4.605782337593736, 4.610871606021225, 4.6110201811625275, 4.6193509580954055, 4.62051154657348, 4.624434016205962, 4.6327202072273215, 4.636725301258789, 4.63862430466182, 4.64761693349652, 4.649345043097257, 4.65756775617368, 4.669365648676351, 4.670251444487092, 4.672661472577059, 4.6752898031104095, 4.679785986415782, 4.683005333359102, 4.692535272751079, 4.692653170976498, 4.698778025245639, 4.7211802601512, 4.721295255233324, 4.738776732873039, 4.757190849070436, 4.782943626960532, 4.784404240849775, 4.786497017104856, 4.787008533044993, 4.852065602589051, 4.860393642300791, 4.879181143831195, 5.024355515957779]"
"50,50,5,50","[4.693943372562637, 4.7660407709006565, 4.848132928214269, 4.883135061305441, 4.900596193500303, 4.92846515530946, 4.938794618778682, 4.939958676004253, 4.954930906053317, 4.957395852419013, 4.97113205208885, 4.975772101525864, 4.977973143020184, 4.984791094476709, 4.9855404615606735, 4.9868863881904035, 4.993300081160083, 4.994671432716597, 4.995409696342063, 4.996553549408547, 5.010870723865346, 5.018528396876751, 5.022062059429195, 5.031050366068343, 5.042064988599934, 5.043282384466335, 5.04529663048571, 5.0594920284793945, 5.061508810280705, 5.064919662853273, 5.0664130180367355, 5.074697915585376, 5.078785649834371, 5.084120180365818, 5.0858107900836345, 5.090219918549612, 5.09822858009915, 5.101369190302343, 5.102101052045848, 5.1030793551556615, 5.110885116139013, 5.113404722863148, 5.116136572393487, 5.117280146759296, 5.13790423407153, 5.156676853433941, 5.174485658867767, 5.1825999712827535, 5.202385770430185, 5.243981158991106]"
"50,50,10,5","[4.4465727713716765, 4.4656841364031035, 4.4800166945890485, 4.503338114271516, 4.5130112745437705, 4.515328736392028, 4.529904472974567, 4.538312608351443, 4.551914480295498, 4.556222064294564, 4.560396239792874, 4.587340720174214, 4.592067323470783, 4.59514686290608, 4.595494132038748, 4.605307571952525, 4.605766723759746, 4.605782337593736, 4.610871606021225, 4.6110201811625275, 4.6193509580954055, 4.62051154657348, 4.624434016205962, 4.6327202072273215, 4.636725301258789, 4.63862430466182, 4.64761693349652, 4.649345043097257, 4.65756775617368, 4.669365648676351, 4.670251444487092, 4.672661472577059, 4.6752898031104095, 4.679785986415782, 4.683005333359102, 4.692535272751079, 4.692653170976498, 4.698778025245639, 4.7211802601512, 4.721295255233324, 4.738776732873039, 4.757190849070436, 4.782943626960532, 4.784404240849775, 4.786497017104856, 4.787008533044993, 4.852065602589051, 4.860393642300791, 4.879181143831195, 5.024355515957779]"
"50,50,10,10","[4.4465727713716765, 4.4656841364031035, 4.4800166945890485, 4.503338114271516, 4.5130112745437705, 4.515328736392028, 4.529904472974567, 4.538312608351443, 4.551914480295498, 4.556222064294564, 4.560396239792874, 4.587340720174214, 4.592067323470783, 4.59514686290608, 4.595494132038748, 4.605307571952525, 4.605766723759746, 4.605782337593736, 4.610871606021225, 4.6110201811625275, 4.6193509580954055, 4.62051154657348, 4.624434016205962, 4.6327202072273215, 4.636725301258789, 4.63862430466182, 4.64761693349652, 4.649345043097257, 4.65756775617368, 4.669365648676351, 4.670251444487092, 4.672661472577059, 4.6752898031104095, 4.679785986415782, 4.683005333359102, 4.692535272751079, 4.692653170976498, 4.698778025245639, 4.7211802601512, 4.721295255233324, 4.738776732873039, 4.757190849070436, 4.782943626960532, 4.784404240849775, 4.786497017104856, 4.787008533044993, 4.852065602589051, 4.860393642300791, 4.879181143831195, 5.024355515957779]"
"50,50,10,50","[4.4465727713716765, 4.4656841364031035, 4.4800166945890485, 4.503338114271516, 4.5130112745437705, 4.515328736392028, 4.529904472974567, 4.538312608351443, 4.551914480295498, 4.556222064294564, 4.560396239792874, 4.587340720174214, 4.592067323470783, 4.59514686290608, 4.595494132038748, 4.605307571952525, 4.605766723759746, 4.605782337593736, 4.610871606021225, 4.6110201811625275, 4.6193509580954055, 4.62051154657348, 4.624434016205962, 4.6327202072273215, 4.636725301258789, 4.63862430466182, 4.64761693349652, 4.649345043097257, 4.65756775617368, 4.669365648676351, 4.670251444487092, 4.672661472577059, 4.6752898031104095, 4.679785986415782, 4.683005333359102, 4.692535272751079, 4.692653170976498, 4.698778025245639, 4.7211802601512, 4.721295255233324, 4.738776732873039, 4.757190849070436, 4.782943626960532, 4.784404240849775, 4.786497017104856, 4.787008533044993, 4.852065602589051, 4.860393642300791, 4.879181143831195, 5.024355515957779]"
"50,50,50,5","[4.627642321506014, 4.6481424245136616, 4.658721201145898, 4.663475945863184, 4.701509321375185, 4.712768163674799, 4.76946188986573, 4.7724380892210485, 4.793158382213582, 4.816602203146978, 4.818487651931789, 4.8329258607572285, 4.834579202374931, 4.84090263016789, 4.8717967793252415, 4.880816016781343, 4.891614484670938, 4.910791670432896, 4.912273189015264, 4.916075647014531, 4.92542769984509, 4.9403878843130595, 4.941285907596099, 4.944510649752013, 4.95493128131463, 4.968835530889047, 4.971199937626568, 4.9725643923883185, 4.985632025347543, 4.995220780759103, 5.008860462535255, 5.009395083547943, 5.009854594428797, 5.01065341039982, 5.011604345857913, 5.0130110506172905, 5.019063956245656, 5.030453146738481, 5.033370570775432, 5.033966279361952, 5.036543984718637, 5.038502514215087, 5.039097040872019, 5.04546727563538, 5.045782017462352, 5.051371281105141, 5.0579177230959225, 5.063414962772676, 5.142080347891994, 5.186004898622101]"
"50,50,50,10","[4.294650343491315, 4.294851198315283, 4.353245080444607, 4.35486874586445, 4.380380017089801, 4.390969814893307, 4.39125284842485, 4.396664073268693, 4.40172577531674, 4.411499508402537, 4.424160719322054, 4.450401318700332, 4.461120397246795, 4.4849069761251155, 4.492945405209139, 4.498275767201493, 4.508279422243343, 4.51351298184669, 4.524493728255101, 4.543856444629486, 4.5483233480663845, 4.549424394929922, 4.554531168985587, 4.5629435470767925, 4.562956768571457, 4.571467989651381, 4.5824679093325695, 4.59939104731146, 4.602423544172034, 4.6069944041534345, 4.614005270020823, 4.61710412556096, 4.635437119464155, 4.651227103749506, 4.670677794758443, 4.692106942812213, 4.694944889697428, 4.699932311800447, 4.7006885512261585, 4.707743676167953, 4.713564393365274, 4.736178930714559, 4.748324293156745, 4.779293976961681, 4.803410184813507, 4.84143366516045, 4.91591566323969, 4.933236031719454, 4.941111674532548, 4.973064990527195]"
"50,50,50,50","[4.4465727713716765, 4.4656841364031035, 4.4800166945890485, 4.503338114271516, 4.5130112745437705, 4.515328736392028, 4.529904472974567, 4.538312608351443, 4.551914480295498, 4.556222064294564, 4.560396239792874, 4.587340720174214, 4.592067323470783, 4.59514686290608, 4.595494132038748, 4.605307571952525, 4.605766723759746, 4.605782337593736, 4.610871606021225, 4.6110201811625275, 4.6193509580954055, 4.62051154657348, 4.624434016205962, 4.6327202072273215, 4.636725301258789, 4.63862430466182, 4.64761693349652, 4.649345043097257, 4.65756775617368, 4.669365648676351, 4.670251444487092, 4.672661472577059, 4.6752898031104095, 4.679785986415782, 4.683005333359102, 4.692535272751079, 4.692653170976498, 4.698778025245639, 4.7211802601512, 4.721295255233324, 4.738776732873039, 4.757190849070436, 4.782943626960532, 4.784404240849775, 4.786497017104856, 4.787008533044993, 4.852065602589051, 4.860393642300791, 4.879181143831195, 5.024355515957779]"
