"5,5,5,5","[0.5681186602409699, 0.6166308579450874, 0.782977480021404, 0.79617267905394, 0.8671132452030085, 0.9986545526339903, 1.1172265341673009, 1.1938244340981126, 1.2726786750733132, 1.2729498552861556, 1.2742093940675612, 1.3031222125558135, 1.347243667326976, 1.3938434768028762, 1.4036954382816484, 1.4146092995261283, 1.4275592788059035, 1.4477630786692441, 1.457989609554461, 1.4618871552428883, 1.4679755546616824, 1.4828157383850635, 1.530092257785863, 1.5588394236679435, 1.5589863702728486, 1.632082848105196, 1.6885561262144126, 1.7023899138393013, 1.7358601520114862, 1.7623402924436171, 1.7625241440400206, 1.7834357615399763, 1.7846366339367812, 1.8076623808977625, 1.8745325063253113, 1.8881723752480348, 1.946414666573157, 1.9973082234603823, 2.0628052491681808, 2.072818983892238, 2.095029282371009, 2.0972557102767304, 2.208688289947835, 2.2247067318036313, 2.237777177647529, 2.267533590628293, 2.285511899203712, 2.4053469562993763, 2.805592163515615, 3.177723816989583]"
"5,5,5,10","[4.1480806754519515, 4.236128980080147, 4.345952169069544, 4.408357944639767, 4.409383161414069, 4.437063617156999, 4.467106296888928, 4.471326102772176, 4.511971531685672, 4.521705957652826, 4.532195315044761, 4.534162513893268, 4.560161646767074, 4.562871412904831, 4.574587007503939, 4.587173764082885, 4.5953756465669215, 4.62039044943857, 4.6368755783924875, 4.641227515441255, 4.651788135875868, 4.652516952666166, 4.6585862623166205, 4.675060433208386, 4.677183524515331, 4.6822091700874315, 4.693772540483539, 4.6939328754866, 4.694369044561651, 4.726097292005185, 4.731533030475283, 4.73304199025527, 4.735333027151304, 4.758273943683307, 4.765024916938718, 4.769611401605574, 4.817449749488791, 4.824359726122437, 4.844326664546364, 4.864163264946595, 4.956717117979316, 4.968290384653289, 4.9706730852643775, 4.991794473002862, 4.999114605655716, 5.007253076960925, 5.028687733269058, 5.048422534106506, 5.082274947880695, 5.263210551048598]"
"5,5,5,50","[4.1480806754519515, 4.236128980080147, 4.345952169069544, 4.408357944639767, 4.409383161414069, 4.437063617156999, 4.467106296888928, 4.471326102772176, 4.511971531685672, 4.521705957652826, 4.532195315044761, 4.534162513893268, 4.560161646767074, 4.562871412904831, 4.574587007503939, 4.587173764082885, 4.5953756465669215, 4.62039044943857, 4.6368755783924875, 4.641227515441255, 4.651788135875868, 4.652516952666166, 4.6585862623166205, 4.675060433208386, 4.677183524515331, 4.6822091700874315, 4.693772540483539, 4.6939328754866, 4.694369044561651, 4.726097292005185, 4.731533030475283, 4.73304199025527, 4.735333027151304, 4.758273943683307, 4.765024916938718, 4.769611401605574, 4.817449749488791, 4.824359726122437, 4.844326664546364, 4.864163264946595, 4.956717117979316, 4.968290384653289, 4.9706730852643775, 4.991794473002862, 4.999114605655716, 5.007253076960925, 5.028687733269058, 5.048422534106506, 5.082274947880695, 5.263210551048598]"
"5,5,10,5","[4.1480806754519515, 4.236128980080147, 4.345952169069544, 4.408357944639767, 4.409383161414069, 4.437063617156999, 4.467106296888928, 4.471326102772176, 4.511971531685672, 4.521705957652826, 4.532195315044761, 4.534162513893268, 4.560161646767074, 4.562871412904831, 4.574587007503939, 4.587173764082885, 4.5953756465669215, 4.62039044943857, 4.6368755783924875, 4.641227515441255, 4.651788135875868, 4.652516952666166, 4.6585862623166205, 4.675060433208386, 4.677183524515331, 4.6822091700874315, 4.693772540483539, 4.6939328754866, 4.694369044561651, 4.726097292005185, 4.731533030475283, 4.73304199025527, 4.735333027151304, 4.758273943683307, 4.765024916938718, 4.769611401605574, 4.817449749488791, 4.824359726122437, 4.844326664546364, 4.864163264946595, 4.956717117979316, 4.968290384653289, 4.9706730852643775, 4.991794473002862, 4.999114605655716, 5.007253076960925, 5.028687733269058, 5.048422534106506, 5.082274947880695, 5.263210551048598]"
"5,5,10,10","[4.1480806754519515, 4.236128980080147, 4.345952169069544, 4.408357944639767, 4.409383161414069, 4.437063617156999, 4.467106296888928, 4.471326102772176, 4.511971531685672, 4.521705957652826, 4.532195315044761, 4.534162513893268, 4.560161646767074, 4.562871412904831, 4.574587007503939, 4.587173764082885, 4.5953756465669215, 4.62039044943857, 4.6368755783924875, 4.641227515441255, 4.651788135875868, 4.652516952666166, 4.6585862623166205, 4.675060433208386, 4.677183524515331, 4.6822091700874315, 4.693772540483539, 4.6939328754866, 4.694369044561651, 4.726097292005185, 4.731533030475283, 4.73304199025527, 4.735333027151304, 4.758273943683307, 4.765024916938718, 4.769611401605574, 4.817449749488791, 4.824359726122437, 4.844326664546364, 4.864163264946595, 4.956717117979316, 4.968290384653289, 4.9706730852643775, 4.991794473002862, 4.999114605655716, 5.007253076960925, 5.028687733269058, 5.048422534106506, 5.082274947880695, 5.263210551048598]"
"5,5,10,50","[4.1480806754519515, 4.236128980080147, 4.345952169069544, 4.408357944639767, 4.409383161414069, 4.437063617156999, 4.467106296888928, 4.471326102772176, 4.511971531685672, 4.521705957652826, 4.532195315044761, 4.534162513893268, 4.560161646767074, 4.562871412904831, 4.574587007503939, 4.587173764082885, 4.5953756465669215, 4.62039044943857, 4.6368755783924875, 4.641227515441255, 4.651788135875868, 4.652516952666166, 4.6585862623166205, 4.675060433208386, 4.677183524515331, 4.6822091700874315, 4.693772540483539, 4.6939328754866, 4.694369044561651, 4.726097292005185, 4.731533030475283, 4.73304199025527, 4.735333027151304, 4.758273943683307, 4.765024916938718, 4.769611401605574, 4.817449749488791, 4.824359726122437, 4.844326664546364, 4.864163264946595, 4.956717117979316, 4.968290384653289, 4.9706730852643775, 4.991794473002862, 4.999114605655716, 5.007253076960925, 5.028687733269058, 5.048422534106506, 5.082274947880695, 5.263210551048598]"
"5,5,50,5","[4.1480806754519515, 4.236128980080147, 4.345952169069544, 4.408357944639767, 4.409383161414069, 4.437063617156999, 4.467106296888928, 4.471326102772176, 4.511971531685672, 4.521705957652826, 4.532195315044761, 4.534162513893268, 4.560161646767074, 4.562871412904831, 4.574587007503939, 4.587173764082885, 4.5953756465669215, 4.62039044943857, 4.6368755783924875, 4.641227515441255, 4.651788135875868, 4.652516952666166, 4.6585862623166205, 4.675060433208386, 4.677183524515331, 4.6822091700874315, 4.693772540483539, 4.6939328754866, 4.694369044561651, 4.726097292005185, 4.731533030475283, 4.73304199025527, 4.735333027151304, 4.758273943683307, 4.765024916938718, 4.769611401605574, 4.817449749488791, 4.824359726122437, 4.844326664546364, 4.864163264946595, 4.956717117979316, 4.968290384653289, 4.9706730852643775, 4.991794473002862, 4.999114605655716, 5.007253076960925, 5.028687733269058, 5.048422534106506, 5.082274947880695, 5.263210551048598]"
"5,5,50,10","[4.1480806754519515, 4.236128980080147, 4.345952169069544, 4.408357944639767, 4.409383161414069, 4.437063617156999, 4.467106296888928, 4.471326102772176, 4.511971531685672, 4.521705957652826, 4.532195315044761, 4.534162513893268, 4.560161646767074, 4.562871412904831, 4.574587007503939, 4.587173764082885, 4.5953756465669215, 4.62039044943857, 4.6368755783924875, 4.641227515441255, 4.651788135875868, 4.652516952666166, 4.6585862623166205, 4.675060433208386, 4.677183524515331, 4.6822091700874315, 4.693772540483539, 4.6939328754866, 4.694369044561651, 4.726097292005185, 4.731533030475283, 4.73304199025527, 4.735333027151304, 4.758273943683307, 4.765024916938718, 4.769611401605574, 4.817449749488791, 4.824359726122437, 4.844326664546364, 4.864163264946595, 4.956717117979316, 4.968290384653289, 4.9706730852643775, 4.991794473002862, 4.999114605655716, 5.007253076960925, 5.028687733269058, 5.048422534106506, 5.082274947880695, 5.263210551048598]"
"5,5,50,50","[4.139613235512682, 4.362493627636485, 4.376979251546223, 4.406232659812735, 4.507216640418781, 4.509261544488673, 4.532704059734446, 4.5332537921454295, 4.546716506489189, 4.550158042058736, 4.553839988851541, 4.584523699715576, 4.618357188917503, 4.630971330203315, 4.632497549409808, 4.642942379590854, 4.643913885805774, 4.648248393205235, 4.651088232189132, 4.676175956583572, 4.680101683392943, 4.690807536685201, 4.704609820940966, 4.717888173185902, 4.718084321457335, 4.72044804519825, 4.7326860224087, 4.746996691200997, 4.767210945622221, 4.783176706011137, 4.783668452327616, 4.804143180154699, 4.809963444813689, 4.860382898232462, 4.875461823759801, 4.8777315736972735, 4.880320368251543, 4.882611354571057, 4.886617501104767, 4.898707415425424, 4.963036425150865, 4.973570740619453, 4.974298969052332, 5.0546261931425756, 5.069946830311293, 5.101123039547182, 5.11105890507979, 5.243178340783644, 5.381459305962241, 5.499119241771186]"
"5,10,5,5","[4.190157103359936, 4.229123065899479, 4.261291582533313, 4.274267035664739, 4.335731498204841, 4.388251543121191, 4.474517930167307, 4.485426935435794, 4.492134125027173, 4.495531024086571, 4.5103978024127995, 4.513292210525318, 4.543732243315709, 4.546637600265763, 4.546776623724673, 4.551086113825101, 4.579066832180006, 4.57977889317574, 4.586224522206646, 4.589815748587511, 4.602961964388577, 4.631175537195423, 4.645889035129284, 4.658914403397016, 4.674184660238226, 4.682348954102984, 4.6909519625573, 4.69626706536727, 4.701882207245168, 4.71421997406435, 4.7330484672140605, 4.738843816744769, 4.757516115953155, 4.776039282290609, 4.789868877772082, 4.801886904208069, 4.807672422613116, 4.814119525840904, 4.836397740796524, 4.877980181451707, 4.880890499126008, 4.8904219113520355, 4.909072173001161, 4.919813281417768, 4.921075395656135, 4.92362208412949, 4.9517064704115645, 4.952481148235631, 5.077663940282736, 5.157223289765446]"
"5,10,5,10","[4.190157103359936, 4.229123065899479, 4.261291582533313, 4.274267035664739, 4.335731498204841, 4.388251543121191, 4.474517930167307, 4.485426935435794, 4.492134125027173, 4.495531024086571, 4.5103978024127995, 4.513292210525318, 4.543732243315709, 4.546637600265763, 4.546776623724673, 4.551086113825101, 4.579066832180006, 4.57977889317574, 4.586224522206646, 4.589815748587511, 4.602961964388577, 4.631175537195423, 4.645889035129284, 4.658914403397016, 4.674184660238226, 4.682348954102984, 4.6909519625573, 4.69626706536727, 4.701882207245168, 4.71421997406435, 4.7330484672140605, 4.738843816744769, 4.757516115953155, 4.776039282290609, 4.789868877772082, 4.801886904208069, 4.807672422613116, 4.814119525840904, 4.836397740796524, 4.877980181451707, 4.880890499126008, 4.8904219113520355, 4.909072173001161, 4.919813281417768, 4.921075395656135, 4.92362208412949, 4.9517064704115645, 4.952481148235631, 5.077663940282736, 5.157223289765446]"
"5,10,5,50","[4.190157103359936, 4.229123065899479, 4.261291582533313, 4.274267035664739, 4.335731498204841, 4.388251543121191, 4.474517930167307, 4.485426935435794, 4.492134125027173, 4.495531024086571, 4.5103978024127995, 4.513292210525318, 4.543732243315709, 4.546637600265763, 4.546776623724673, 4.551086113825101, 4.579066832180006, 4.57977889317574, 4.586224522206646, 4.589815748587511, 4.602961964388577, 4.631175537195423, 4.645889035129284, 4.658914403397016, 4.674184660238226, 4.682348954102984, 4.6909519625573, 4.69626706536727, 4.701882207245168, 4.71421997406435, 4.7330484672140605, 4.738843816744769, 4.757516115953155, 4.776039282290609, 4.789868877772082, 4.801886904208069, 4.807672422613116, 4.814119525840904, 4.836397740796524, 4.877980181451707, 4.880890499126008, 4.8904219113520355, 4.909072173001161, 4.919813281417768, 4.921075395656135, 4.92362208412949, 4.9517064704115645, 4.952481148235631, 5.077663940282736, 5.157223289765446]"
"5,10,10,5","[4.190157103359936, 4.229123065899479, 4.261291582533313, 4.274267035664739, 4.335731498204841, 4.388251543121191, 4.474517930167307, 4.485426935435794, 4.492134125027173, 4.495531024086571, 4.5103978024127995, 4.513292210525318, 4.543732243315709, 4.546637600265763, 4.546776623724673, 4.551086113825101, 4.579066832180006, 4.57977889317574, 4.586224522206646, 4.589815748587511, 4.602961964388577, 4.631175537195423, 4.645889035129284, 4.658914403397016, 4.674184660238226, 4.682348954102984, 4.6909519625573, 4.69626706536727, 4.701882207245168, 4.71421997406435, 4.7330484672140605, 4.738843816744769, 4.757516115953155, 4.776039282290609, 4.789868877772082, 4.801886904208069, 4.807672422613116, 4.814119525840904, 4.836397740796524, 4.877980181451707, 4.880890499126008, 4.8904219113520355, 4.909072173001161, 4.919813281417768, 4.921075395656135, 4.92362208412949, 4.9517064704115645, 4.952481148235631, 5.077663940282736, 5.157223289765446]"
"5,10,10,10","[4.190157103359936, 4.229123065899479, 4.261291582533313, 4.274267035664739, 4.335731498204841, 4.388251543121191, 4.474517930167307, 4.485426935435794, 4.492134125027173, 4.495531024086571, 4.5103978024127995, 4.513292210525318, 4.543732243315709, 4.546637600265763, 4.546776623724673, 4.551086113825101, 4.579066832180006, 4.57977889317574, 4.586224522206646, 4.589815748587511, 4.602961964388577, 4.631175537195423, 4.645889035129284, 4.658914403397016, 4.674184660238226, 4.682348954102984, 4.6909519625573, 4.69626706536727, 4.701882207245168, 4.71421997406435, 4.7330484672140605, 4.738843816744769, 4.757516115953155, 4.776039282290609, 4.789868877772082, 4.801886904208069, 4.807672422613116, 4.814119525840904, 4.836397740796524, 4.877980181451707, 4.880890499126008, 4.8904219113520355, 4.909072173001161, 4.919813281417768, 4.921075395656135, 4.92362208412949, 4.9517064704115645, 4.952481148235631, 5.077663940282736, 5.157223289765446]"
"5,10,10,50","[4.190157103359936, 4.229123065899479, 4.261291582533313, 4.274267035664739, 4.335731498204841, 4.388251543121191, 4.474517930167307, 4.485426935435794, 4.492134125027173, 4.495531024086571, 4.5103978024127995, 4.513292210525318, 4.543732243315709, 4.546637600265763, 4.546776623724673, 4.551086113825101, 4.579066832180006, 4.57977889317574, 4.586224522206646, 4.589815748587511, 4.602961964388577, 4.631175537195423, 4.645889035129284, 4.658914403397016, 4.674184660238226, 4.682348954102984, 4.6909519625573, 4.69626706536727, 4.701882207245168, 4.71421997406435, 4.7330484672140605, 4.738843816744769, 4.757516115953155, 4.776039282290609, 4.789868877772082, 4.801886904208069, 4.807672422613116, 4.814119525840904, 4.836397740796524, 4.877980181451707, 4.880890499126008, 4.8904219113520355, 4.909072173001161, 4.919813281417768, 4.921075395656135, 4.92362208412949, 4.9517064704115645, 4.952481148235631, 5.077663940282736, 5.157223289765446]"
"5,10,50,5","[4.355089137119402, 4.468314549409416, 4.4790006360920875, 4.496081499369646, 4.50758057005803, 4.509230818470441, 4.5126628122351535, 4.517273978986944, 4.52004572865838, 4.524979773002519, 4.529289345685779, 4.54448981043806, 4.546657579078881, 4.548076244619205, 4.551861307983543, 4.557204927096731, 4.60903591092231, 4.639276274910595, 4.643985941820589, 4.651841340502091, 4.6522718007741535, 4.653933432447358, 4.666435634655176, 4.677789851654922, 4.67849785166951, 4.680019995533669, 4.713517707490056, 4.716945861196171, 4.7280301994756595, 4.751917281718129, 4.755264959119499, 4.786291322752963, 4.805191392372422, 4.823143947910696, 4.825327178456776, 4.829568164301047, 4.850068190433397, 4.850276426078718, 4.8586871521761505, 4.865315451909015, 4.8656782569577794, 4.913441893496319, 4.918229872616385, 4.924088788077831, 4.944028549888478, 4.961283620442854, 4.963295297381584, 5.181652051364197, 5.2043231804436605, 5.259044242678956]"
"5,10,50,10","[4.190157103359936, 4.229123065899479, 4.261291582533313, 4.274267035664739, 4.335731498204841, 4.388251543121191, 4.474517930167307, 4.485426935435794, 4.492134125027173, 4.495531024086571, 4.5103978024127995, 4.513292210525318, 4.543732243315709, 4.546637600265763, 4.546776623724673, 4.551086113825101, 4.579066832180006, 4.57977889317574, 4.586224522206646, 4.589815748587511, 4.602961964388577, 4.631175537195423, 4.645889035129284, 4.658914403397016, 4.674184660238226, 4.682348954102984, 4.6909519625573, 4.69626706536727, 4.701882207245168, 4.71421997406435, 4.7330484672140605, 4.738843816744769, 4.757516115953155, 4.776039282290609, 4.789868877772082, 4.801886904208069, 4.807672422613116, 4.814119525840904, 4.836397740796524, 4.877980181451707, 4.880890499126008, 4.8904219113520355, 4.909072173001161, 4.919813281417768, 4.921075395656135, 4.92362208412949, 4.9517064704115645, 4.952481148235631, 5.077663940282736, 5.157223289765446]"
"5,10,50,50","[4.173428500989927, 4.272781148013328, 4.28296647945881, 4.294534795822896, 4.33262125955225, 4.397573046488004, 4.438638230018728, 4.4421748185393355, 4.449578133858163, 4.4517596163824935, 4.456638016151157, 4.4697450869900734, 4.508225036972657, 4.524063127233492, 4.543974340174254, 4.546391956539995, 4.562194711337375, 4.579933225658889, 4.585050583782989, 4.594537523392692, 4.602360721780537, 4.613408938176522, 4.6254930950624855, 4.639676302627247, 4.650058505656482, 4.654877239902111, 4.665065352884891, 4.688125044919754, 4.707696183610032, 4.721363041909214, 4.729793262353956, 4.746020221537706, 4.7619349881316415, 4.804255567426333, 4.812907714327692, 4.846277190389779, 4.854899679373424, 4.867210455109344, 4.985805426256153, 5.0216398875166925, 5.024166804306419, 5.030254795487728, 5.035227937064596, 5.046777177644896, 5.117121303440765, 5.203259324604411, 5.219769938388768, 5.235342686353996, 5.267847434190341, 5.364684527069072]"
"5,50,5,5","[4.173428500989927, 4.272781148013328, 4.28296647945881, 4.294534795822896, 4.33262125955225, 4.397573046488004, 4.438638230018728, 4.4421748185393355, 4.449578133858163, 4.4517596163824935, 4.456638016151157, 4.4697450869900734, 4.508225036972657, 4.524063127233492, 4.543974340174254, 4.546391956539995, 4.562194711337375, 4.579933225658889, 4.585050583782989, 4.594537523392692, 4.602360721780537, 4.613408938176522, 4.6254930950624855, 4.639676302627247, 4.650058505656482, 4.654877239902111, 4.665065352884891, 4.688125044919754, 4.707696183610032, 4.721363041909214, 4.729793262353956, 4.746020221537706, 4.7619349881316415, 4.804255567426333, 4.812907714327692, 4.846277190389779, 4.854899679373424, 4.867210455109344, 4.985805426256153, 5.0216398875166925, 5.024166804306419, 5.030254795487728, 5.035227937064596, 5.046777177644896, 5.117121303440765, 5.203259324604411, 5.219769938388768, 5.235342686353996, 5.267847434190341, 5.364684527069072]"
"5,50,5,10","[4.173428500989927, 4.272781148013328, 4.28296647945881, 4.294534795822896, 4.33262125955225, 4.397573046488004, 4.438638230018728, 4.4421748185393355, 4.449578133858163, 4.4517596163824935, 4.456638016151157, 4.4697450869900734, 4.508225036972657, 4.524063127233492, 4.543974340174254, 4.546391956539995, 4.562194711337375, 4.579933225658889, 4.585050583782989, 4.594537523392692, 4.602360721780537, 4.613408938176522, 4.6254930950624855, 4.639676302627247, 4.650058505656482, 4.654877239902111, 4.665065352884891, 4.688125044919754, 4.707696183610032, 4.721363041909214, 4.729793262353956, 4.746020221537706, 4.7619349881316415, 4.804255567426333, 4.812907714327692, 4.846277190389779, 4.854899679373424, 4.867210455109344, 4.985805426256153, 5.0216398875166925, 5.024166804306419, 5.030254795487728, 5.035227937064596, 5.046777177644896, 5.117121303440765, 5.203259324604411, 5.219769938388768, 5.235342686353996, 5.267847434190341, 5.364684527069072]"
"5,50,5,50","[4.173428500989927, 4.272781148013328, 4.28296647945881, 4.294534795822896, 4.33262125955225, 4.397573046488004, 4.438638230018728, 4.4421748185393355, 4.449578133858163, 4.4517596163824935, 4.456638016151157, 4.4697450869900734, 4.508225036972657, 4.524063127233492, 4.543974340174254, 4.546391956539995, 4.562194711337375, 4.579933225658889, 4.585050583782989, 4.594537523392692, 4.602360721780537, 4.613408938176522, 4.6254930950624855, 4.639676302627247, 4.650058505656482, 4.654877239902111, 4.665065352884891, 4.688125044919754, 4.707696183610032, 4.721363041909214, 4.729793262353956, 4.746020221537706, 4.7619349881316415, 4.804255567426333, 4.812907714327692, 4.846277190389779, 4.854899679373424, 4.867210455109344, 4.985805426256153, 5.0216398875166925, 5.024166804306419, 5.030254795487728, 5.035227937064596, 5.046777177644896, 5.117121303440765, 5.203259324604411, 5.219769938388768, 5.235342686353996, 5.267847434190341, 5.364684527069072]"
"5,50,10,5","[4.173428500989927, 4.272781148013328, 4.28296647945881, 4.294534795822896, 4.33262125955225, 4.397573046488004, 4.438638230018728, 4.4421748185393355, 4.449578133858163, 4.4517596163824935, 4.456638016151157, 4.4697450869900734, 4.508225036972657, 4.524063127233492, 4.543974340174254, 4.546391956539995, 4.562194711337375, 4.579933225658889, 4.585050583782989, 4.594537523392692, 4.602360721780537, 4.613408938176522, 4.6254930950624855, 4.639676302627247, 4.650058505656482, 4.654877239902111, 4.665065352884891, 4.688125044919754, 4.707696183610032, 4.721363041909214, 4.729793262353956, 4.746020221537706, 4.7619349881316415, 4.804255567426333, 4.812907714327692, 4.846277190389779, 4.854899679373424, 4.867210455109344, 4.985805426256153, 5.0216398875166925, 5.024166804306419, 5.030254795487728, 5.035227937064596, 5.046777177644896, 5.117121303440765, 5.203259324604411, 5.219769938388768, 5.235342686353996, 5.267847434190341, 5.364684527069072]"
"5,50,10,10","[4.156926787391156, 4.261154592846179, 4.280282100622806, 4.316600702844916, 4.368134356828143, 4.380911244229469, 4.4146391120022, 4.4475135911215595, 4.473032619526663, 4.486251031866749, 4.521860662856158, 4.532363179648201, 4.5592679666035805, 4.569307981947371, 4.5733079449345695, 4.5802716927380525, 4.584160401325872, 4.584267757207751, 4.588930395779692, 4.590987673225881, 4.593338834661473, 4.602023951205529, 4.639011421216699, 4.65088516762039, 4.687076708057081, 4.691863923856661, 4.6990309363268015, 4.708048340793836, 4.722867614449882, 4.737100970416826, 4.744430875642962, 4.755183808277947, 4.774140622546707, 4.791908276219322, 4.804860946295301, 4.809632593700352, 4.831965578863156, 4.854773753702286, 4.855199339407139, 4.896596318120183, 4.906400375752458, 4.90862470292687, 4.947448426469518, 5.0555132383353705, 5.055807931147026, 5.058964633693531, 5.07548179061187, 5.097742162568477, 5.102127873465615, 5.168928042081059]"
"5,50,10,50","[4.173428500989927, 4.272781148013328, 4.28296647945881, 4.294534795822896, 4.33262125955225, 4.397573046488004, 4.438638230018728, 4.4421748185393355, 4.449578133858163, 4.4517596163824935, 4.456638016151157, 4.4697450869900734, 4.508225036972657, 4.524063127233492, 4.543974340174254, 4.546391956539995, 4.562194711337375, 4.579933225658889, 4.585050583782989, 4.594537523392692, 4.602360721780537, 4.613408938176522, 4.6254930950624855, 4.639676302627247, 4.650058505656482, 4.654877239902111, 4.665065352884891, 4.688125044919754, 4.707696183610032, 4.721363041909214, 4.729793262353956, 4.746020221537706, 4.7619349881316415, 4.804255567426333, 4.812907714327692, 4.846277190389779, 4.854899679373424, 4.867210455109344, 4.985805426256153, 5.0216398875166925, 5.024166804306419, 5.030254795487728, 5.035227937064596, 5.046777177644896, 5.117121303440765, 5.203259324604411, 5.219769938388768, 5.235342686353996, 5.267847434190341, 5.364684527069072]"
"5,50,50,5","[4.173428500989927, 4.272781148013328, 4.28296647945881, 4.294534795822896, 4.33262125955225, 4.397573046488004, 4.438638230018728, 4.4421748185393355, 4.449578133858163, 4.4517596163824935, 4.456638016151157, 4.4697450869900734, 4.508225036972657, 4.524063127233492, 4.543974340174254, 4.546391956539995, 4.562194711337375, 4.579933225658889, 4.585050583782989, 4.594537523392692, 4.602360721780537, 4.613408938176522, 4.6254930950624855, 4.639676302627247, 4.650058505656482, 4.654877239902111, 4.665065352884891, 4.688125044919754, 4.707696183610032, 4.721363041909214, 4.729793262353956, 4.746020221537706, 4.7619349881316415, 4.804255567426333, 4.812907714327692, 4.846277190389779, 4.854899679373424, 4.867210455109344, 4.985805426256153, 5.0216398875166925, 5.024166804306419, 5.030254795487728, 5.035227937064596, 5.046777177644896, 5.117121303440765, 5.203259324604411, 5.219769938388768, 5.235342686353996, 5.267847434190341, 5.364684527069072]"
"5,50,50,10","[4.234840056083178, 4.246179871038529, 4.301858413123444, 4.370187515532445, 4.412144460502126, 4.416494024761686, 4.4272296940227385, 4.447370735431265, 4.487496531303684, 4.528934907347321, 4.535408902846627, 4.545599490335206, 4.553602109484833, 4.560370420386319, 4.567134474027151, 4.570796899676324, 4.582486776209808, 4.583791067829712, 4.607430876044496, 4.6121867567794075, 4.65354169296296, 4.654385061431898, 4.669819216652232, 4.677467085439024, 4.677898550724451, 4.68282106307613, 4.688999297765815, 4.702567330678117, 4.724375110203464, 4.743564791581827, 4.745662577686391, 4.771750764209897, 4.776642628737291, 4.796443811835591, 4.816396055766273, 4.824036190458866, 4.838493773621237, 4.866030935857691, 4.874688286358648, 4.886554872075272, 4.893213512273384, 4.898873116151845, 4.909267050370308, 4.91745443060404, 5.029344930582123, 5.133961570634199, 5.136253755571025, 5.142463319020765, 5.199141604822805, 5.287920956428278]"
"5,50,50,50","[4.234840056083178, 4.246179871038529, 4.301858413123444, 4.370187515532445, 4.412144460502126, 4.416494024761686, 4.4272296940227385, 4.447370735431265, 4.487496531303684, 4.528934907347321, 4.535408902846627, 4.545599490335206, 4.553602109484833, 4.560370420386319, 4.567134474027151, 4.570796899676324, 4.582486776209808, 4.583791067829712, 4.607430876044496, 4.6121867567794075, 4.65354169296296, 4.654385061431898, 4.669819216652232, 4.677467085439024, 4.677898550724451, 4.68282106307613, 4.688999297765815, 4.702567330678117, 4.724375110203464, 4.743564791581827, 4.745662577686391, 4.771750764209897, 4.776642628737291, 4.796443811835591, 4.816396055766273, 4.824036190458866, 4.838493773621237, 4.866030935857691, 4.874688286358648, 4.886554872075272, 4.893213512273384, 4.898873116151845, 4.909267050370308, 4.91745443060404, 5.029344930582123, 5.133961570634199, 5.136253755571025, 5.142463319020765, 5.199141604822805, 5.287920956428278]"
"10,5,5,5","[4.234840056083178, 4.246179871038529, 4.301858413123444, 4.370187515532445, 4.412144460502126, 4.416494024761686, 4.4272296940227385, 4.447370735431265, 4.487496531303684, 4.528934907347321, 4.535408902846627, 4.545599490335206, 4.553602109484833, 4.560370420386319, 4.567134474027151, 4.570796899676324, 4.582486776209808, 4.583791067829712, 4.607430876044496, 4.6121867567794075, 4.65354169296296, 4.654385061431898, 4.669819216652232, 4.677467085439024, 4.677898550724451, 4.68282106307613, 4.688999297765815, 4.702567330678117, 4.724375110203464, 4.743564791581827, 4.745662577686391, 4.771750764209897, 4.776642628737291, 4.796443811835591, 4.816396055766273, 4.824036190458866, 4.838493773621237, 4.866030935857691, 4.874688286358648, 4.886554872075272, 4.893213512273384, 4.898873116151845, 4.909267050370308, 4.91745443060404, 5.029344930582123, 5.133961570634199, 5.136253755571025, 5.142463319020765, 5.199141604822805, 5.287920956428278]"
"10,5,5,10","[4.234840056083178, 4.246179871038529, 4.301858413123444, 4.370187515532445, 4.412144460502126, 4.416494024761686, 4.4272296940227385, 4.447370735431265, 4.487496531303684, 4.528934907347321, 4.535408902846627, 4.545599490335206, 4.553602109484833, 4.560370420386319, 4.567134474027151, 4.570796899676324, 4.582486776209808, 4.583791067829712, 4.607430876044496, 4.6121867567794075, 4.65354169296296, 4.654385061431898, 4.669819216652232, 4.677467085439024, 4.677898550724451, 4.68282106307613, 4.688999297765815, 4.702567330678117, 4.724375110203464, 4.743564791581827, 4.745662577686391, 4.771750764209897, 4.776642628737291, 4.796443811835591, 4.816396055766273, 4.824036190458866, 4.838493773621237, 4.866030935857691, 4.874688286358648, 4.886554872075272, 4.893213512273384, 4.898873116151845, 4.909267050370308, 4.91745443060404, 5.029344930582123, 5.133961570634199, 5.136253755571025, 5.142463319020765, 5.199141604822805, 5.287920956428278]"
"10,5,5,50","[4.234840056083178, 4.246179871038529, 4.301858413123444, 4.370187515532445, 4.412144460502126, 4.416494024761686, 4.4272296940227385, 4.447370735431265, 4.487496531303684, 4.528934907347321, 4.535408902846627, 4.545599490335206, 4.553602109484833, 4.560370420386319, 4.567134474027151, 4.570796899676324, 4.582486776209808, 4.583791067829712, 4.607430876044496, 4.6121867567794075, 4.65354169296296, 4.654385061431898, 4.669819216652232, 4.677467085439024, 4.677898550724451, 4.68282106307613, 4.688999297765815, 4.702567330678117, 4.724375110203464, 4.743564791581827, 4.745662577686391, 4.771750764209897, 4.776642628737291, 4.796443811835591, 4.816396055766273, 4.824036190458866, 4.838493773621237, 4.866030935857691, 4.874688286358648, 4.886554872075272, 4.893213512273384, 4.898873116151845, 4.909267050370308, 4.91745443060404, 5.029344930582123, 5.133961570634199, 5.136253755571025, 5.142463319020765, 5.199141604822805, 5.287920956428278]"
"10,5,10,5","[4.234840056083178, 4.246179871038529, 4.301858413123444, 4.370187515532445, 4.412144460502126, 4.416494024761686, 4.4272296940227385, 4.447370735431265, 4.487496531303684, 4.528934907347321, 4.535408902846627, 4.545599490335206, 4.553602109484833, 4.560370420386319, 4.567134474027151, 4.570796899676324, 4.582486776209808, 4.583791067829712, 4.607430876044496, 4.6121867567794075, 4.65354169296296, 4.654385061431898, 4.669819216652232, 4.677467085439024, 4.677898550724451, 4.68282106307613, 4.688999297765815, 4.702567330678117, 4.724375110203464, 4.743564791581827, 4.745662577686391, 4.771750764209897, 4.776642628737291, 4.796443811835591, 4.816396055766273, 4.824036190458866, 4.838493773621237, 4.866030935857691, 4.874688286358648, 4.886554872075272, 4.893213512273384, 4.898873116151845, 4.909267050370308, 4.91745443060404, 5.029344930582123, 5.133961570634199, 5.136253755571025, 5.142463319020765, 5.199141604822805, 5.287920956428278]"
"10,5,10,10","[4.12905721739883, 4.169594009136785, 4.269440125873722, 4.338330751451611, 4.3480919006031, 4.474624294544042, 4.499455629941896, 4.549140519301827, 4.565850515809993, 4.583004825837903, 4.599369252713177, 4.601710375915991, 4.627791453800738, 4.629962413015829, 4.647188162928522, 4.649878622148427, 4.651576911474861, 4.669603349349736, 4.672767842030811, 4.68142829187669, 4.682561844533577, 4.696197549231048, 4.709309887630471, 4.719184037346357, 4.719836195189036, 4.73048535509896, 4.736525058200365, 4.75845995083831, 4.762965134370931, 4.796793511004545, 4.802188751904344, 4.815890604652842, 4.819574506410726, 4.825756962063787, 4.841775334104035, 4.86340245549314, 4.872495578836866, 4.87677960041131, 4.896739381914812, 4.914210365636482, 4.932702251009678, 4.939162349879319, 4.943414465000817, 4.951483465300935, 4.963764592460432, 4.9640193723253265, 4.979733613076079, 4.995811680535278, 5.011514526030864, 5.104541232000357]"
"10,5,10,50","[4.087025892623475, 4.2217083976125505, 4.307949306580299, 4.367220311692367, 4.413899047253425, 4.457329568716084, 4.49523845208772, 4.511871387719548, 4.527756100343186, 4.540401577568331, 4.545373555834218, 4.552809239047506, 4.5565154473353395, 4.55710705748861, 4.5675972346963984, 4.574565782377084, 4.61297250385888, 4.618800636312529, 4.6192111484637435, 4.62644235803058, 4.670918179603416, 4.691305930888509, 4.7051721296415945, 4.709239988002082, 4.710037921774514, 4.748439703616966, 4.753494140831641, 4.761757263955353, 4.765286325406762, 4.772660452936509, 4.773159951290041, 4.794782039028884, 4.824121700601642, 4.8287500105606735, 4.8536961690938965, 4.868986093127397, 4.881936997182479, 4.922064174030699, 4.928016682377271, 4.94798946828621, 4.972115898812214, 4.975344176927347, 4.976536695792574, 4.978676799424851, 5.007480641421255, 5.059036845637312, 5.116951006412537, 5.129862323275959, 5.142351097660966, 5.298796947528375]"
"10,5,50,5","[4.234840056083178, 4.246179871038529, 4.301858413123444, 4.370187515532445, 4.412144460502126, 4.416494024761686, 4.4272296940227385, 4.447370735431265, 4.487496531303684, 4.528934907347321, 4.535408902846627, 4.545599490335206, 4.553602109484833, 4.560370420386319, 4.567134474027151, 4.570796899676324, 4.582486776209808, 4.583791067829712, 4.607430876044496, 4.6121867567794075, 4.65354169296296, 4.654385061431898, 4.669819216652232, 4.677467085439024, 4.677898550724451, 4.68282106307613, 4.688999297765815, 4.702567330678117, 4.724375110203464, 4.743564791581827, 4.745662577686391, 4.771750764209897, 4.776642628737291, 4.796443811835591, 4.816396055766273, 4.824036190458866, 4.838493773621237, 4.866030935857691, 4.874688286358648, 4.886554872075272, 4.893213512273384, 4.898873116151845, 4.909267050370308, 4.91745443060404, 5.029344930582123, 5.133961570634199, 5.136253755571025, 5.142463319020765, 5.199141604822805, 5.287920956428278]"
"10,5,50,10","[4.12905721739883, 4.169594009136785, 4.269440125873722, 4.338330751451611, 4.3480919006031, 4.474624294544042, 4.499455629941896, 4.549140519301827, 4.565850515809993, 4.583004825837903, 4.599369252713177, 4.601710375915991, 4.627791453800738, 4.629962413015829, 4.647188162928522, 4.649878622148427, 4.651576911474861, 4.669603349349736, 4.672767842030811, 4.68142829187669, 4.682561844533577, 4.696197549231048, 4.709309887630471, 4.719184037346357, 4.719836195189036, 4.73048535509896, 4.736525058200365, 4.75845995083831, 4.762965134370931, 4.796793511004545, 4.802188751904344, 4.815890604652842, 4.819574506410726, 4.825756962063787, 4.841775334104035, 4.86340245549314, 4.872495578836866, 4.87677960041131, 4.896739381914812, 4.914210365636482, 4.932702251009678, 4.939162349879319, 4.943414465000817, 4.951483465300935, 4.963764592460432, 4.9640193723253265, 4.979733613076079, 4.995811680535278, 5.011514526030864, 5.104541232000357]"
"10,5,50,50","[4.12905721739883, 4.169594009136785, 4.269440125873722, 4.338330751451611, 4.3480919006031, 4.474624294544042, 4.499455629941896, 4.549140519301827, 4.565850515809993, 4.583004825837903, 4.599369252713177, 4.601710375915991, 4.627791453800738, 4.629962413015829, 4.647188162928522, 4.649878622148427, 4.651576911474861, 4.669603349349736, 4.672767842030811, 4.68142829187669, 4.682561844533577, 4.696197549231048, 4.709309887630471, 4.719184037346357, 4.719836195189036, 4.73048535509896, 4.736525058200365, 4.75845995083831, 4.762965134370931, 4.796793511004545, 4.802188751904344, 4.815890604652842, 4.819574506410726, 4.825756962063787, 4.841775334104035, 4.86340245549314, 4.872495578836866, 4.87677960041131, 4.896739381914812, 4.914210365636482, 4.932702251009678, 4.939162349879319, 4.943414465000817, 4.951483465300935, 4.963764592460432, 4.9640193723253265, 4.979733613076079, 4.995811680535278, 5.011514526030864, 5.104541232000357]"
"10,10,5,5","[4.12905721739883, 4.169594009136785, 4.269440125873722, 4.338330751451611, 4.3480919006031, 4.474624294544042, 4.499455629941896, 4.549140519301827, 4.565850515809993, 4.583004825837903, 4.599369252713177, 4.601710375915991, 4.627791453800738, 4.629962413015829, 4.647188162928522, 4.649878622148427, 4.651576911474861, 4.669603349349736, 4.672767842030811, 4.68142829187669, 4.682561844533577, 4.696197549231048, 4.709309887630471, 4.719184037346357, 4.719836195189036, 4.73048535509896, 4.736525058200365, 4.75845995083831, 4.762965134370931, 4.796793511004545, 4.802188751904344, 4.815890604652842, 4.819574506410726, 4.825756962063787, 4.841775334104035, 4.86340245549314, 4.872495578836866, 4.87677960041131, 4.896739381914812, 4.914210365636482, 4.932702251009678, 4.939162349879319, 4.943414465000817, 4.951483465300935, 4.963764592460432, 4.9640193723253265, 4.979733613076079, 4.995811680535278, 5.011514526030864, 5.104541232000357]"
"10,10,5,10","[4.12905721739883, 4.169594009136785, 4.269440125873722, 4.338330751451611, 4.3480919006031, 4.474624294544042, 4.499455629941896, 4.549140519301827, 4.565850515809993, 4.583004825837903, 4.599369252713177, 4.601710375915991, 4.627791453800738, 4.629962413015829, 4.647188162928522, 4.649878622148427, 4.651576911474861, 4.669603349349736, 4.672767842030811, 4.68142829187669, 4.682561844533577, 4.696197549231048, 4.709309887630471, 4.719184037346357, 4.719836195189036, 4.73048535509896, 4.736525058200365, 4.75845995083831, 4.762965134370931, 4.796793511004545, 4.802188751904344, 4.815890604652842, 4.819574506410726, 4.825756962063787, 4.841775334104035, 4.86340245549314, 4.872495578836866, 4.87677960041131, 4.896739381914812, 4.914210365636482, 4.932702251009678, 4.939162349879319, 4.943414465000817, 4.951483465300935, 4.963764592460432, 4.9640193723253265, 4.979733613076079, 4.995811680535278, 5.011514526030864, 5.104541232000357]"
"10,10,5,50","[4.12905721739883, 4.169594009136785, 4.269440125873722, 4.338330751451611, 4.3480919006031, 4.474624294544042, 4.499455629941896, 4.549140519301827, 4.565850515809993, 4.583004825837903, 4.599369252713177, 4.601710375915991, 4.627791453800738, 4.629962413015829, 4.647188162928522, 4.649878622148427, 4.651576911474861, 4.669603349349736, 4.672767842030811, 4.68142829187669, 4.682561844533577, 4.696197549231048, 4.709309887630471, 4.719184037346357, 4.719836195189036, 4.73048535509896, 4.736525058200365, 4.75845995083831, 4.762965134370931, 4.796793511004545, 4.802188751904344, 4.815890604652842, 4.819574506410726, 4.825756962063787, 4.841775334104035, 4.86340245549314, 4.872495578836866, 4.87677960041131, 4.896739381914812, 4.914210365636482, 4.932702251009678, 4.939162349879319, 4.943414465000817, 4.951483465300935, 4.963764592460432, 4.9640193723253265, 4.979733613076079, 4.995811680535278, 5.011514526030864, 5.104541232000357]"
"10,10,10,5","[4.30689898017297, 4.310498714862881, 4.325223414771074, 4.418237035184017, 4.438276829919421, 4.4424491625143006, 4.500313322478802, 4.509576514077205, 4.572922366327632, 4.576211577157814, 4.588243488573546, 4.6212507391039805, 4.631628312051862, 4.638414102144848, 4.647879290396649, 4.655868688806961, 4.658659803543767, 4.675879638285385, 4.677907129621406, 4.68069827777001, 4.683483046593605, 4.683498028449997, 4.76160502846354, 4.767990230306246, 4.7723271819958795, 4.776074231593541, 4.780323507544557, 4.783549543891524, 4.789797017136135, 4.793109985647463, 4.800728833093504, 4.830503413805641, 4.860011434295374, 4.891063909659906, 4.894502553297102, 4.906711113148277, 4.915609920890362, 4.917352962003509, 4.924724156417591, 4.924807053754629, 4.947478534341525, 4.96049639877288, 4.968848992539946, 4.980117677774633, 5.001509185704885, 5.06079469033073, 5.075956801059968, 5.091598777312187, 5.112709863901738, 5.182541203027833]"
"10,10,10,10","[4.30689898017297, 4.310498714862881, 4.325223414771074, 4.418237035184017, 4.438276829919421, 4.4424491625143006, 4.500313322478802, 4.509576514077205, 4.572922366327632, 4.576211577157814, 4.588243488573546, 4.6212507391039805, 4.631628312051862, 4.638414102144848, 4.647879290396649, 4.655868688806961, 4.658659803543767, 4.675879638285385, 4.677907129621406, 4.68069827777001, 4.683483046593605, 4.683498028449997, 4.76160502846354, 4.767990230306246, 4.7723271819958795, 4.776074231593541, 4.780323507544557, 4.783549543891524, 4.789797017136135, 4.793109985647463, 4.800728833093504, 4.830503413805641, 4.860011434295374, 4.891063909659906, 4.894502553297102, 4.906711113148277, 4.915609920890362, 4.917352962003509, 4.924724156417591, 4.924807053754629, 4.947478534341525, 4.96049639877288, 4.968848992539946, 4.980117677774633, 5.001509185704885, 5.06079469033073, 5.075956801059968, 5.091598777312187, 5.112709863901738, 5.182541203027833]"
"10,10,10,50","[4.36089812438128, 4.426260500591709, 4.433069526102667, 4.467391712676716, 4.503430351786884, 4.509044543616335, 4.510267406656264, 4.525545778146287, 4.540393701328651, 4.54928969894337, 4.55827306146065, 4.615772651695584, 4.63247396588036, 4.635566439190722, 4.656651282063285, 4.692218304217234, 4.69340607457897, 4.694666887434301, 4.70459337855852, 4.715570648956051, 4.715767849863909, 4.739030436942521, 4.740787860068731, 4.744260982729694, 4.744284280709151, 4.74668874375131, 4.748993899742474, 4.7537347812939466, 4.753736136060873, 4.773924272298669, 4.79705418126613, 4.798727927311514, 4.802291786302476, 4.815254763556042, 4.817115534542338, 4.820046125454083, 4.839221623128189, 4.8487913102359625, 4.854854378362124, 4.860072373414244, 4.8925873314923685, 4.94934177042946, 4.952119402039474, 4.961680156149843, 4.980124954129729, 5.004924172592757, 5.012090088724246, 5.030856120690428, 5.065541782542002, 5.245966538348946]"
"10,10,50,5","[4.12905721739883, 4.169594009136785, 4.269440125873722, 4.338330751451611, 4.3480919006031, 4.474624294544042, 4.499455629941896, 4.549140519301827, 4.565850515809993, 4.583004825837903, 4.599369252713177, 4.601710375915991, 4.627791453800738, 4.629962413015829, 4.647188162928522, 4.649878622148427, 4.651576911474861, 4.669603349349736, 4.672767842030811, 4.68142829187669, 4.682561844533577, 4.696197549231048, 4.709309887630471, 4.719184037346357, 4.719836195189036, 4.73048535509896, 4.736525058200365, 4.75845995083831, 4.762965134370931, 4.796793511004545, 4.802188751904344, 4.815890604652842, 4.819574506410726, 4.825756962063787, 4.841775334104035, 4.86340245549314, 4.872495578836866, 4.87677960041131, 4.896739381914812, 4.914210365636482, 4.932702251009678, 4.939162349879319, 4.943414465000817, 4.951483465300935, 4.963764592460432, 4.9640193723253265, 4.979733613076079, 4.995811680535278, 5.011514526030864, 5.104541232000357]"
"10,10,50,10","[4.30689898017297, 4.310498714862881, 4.325223414771074, 4.418237035184017, 4.438276829919421, 4.4424491625143006, 4.500313322478802, 4.509576514077205, 4.572922366327632, 4.576211577157814, 4.588243488573546, 4.6212507391039805, 4.631628312051862, 4.638414102144848, 4.647879290396649, 4.655868688806961, 4.658659803543767, 4.675879638285385, 4.677907129621406, 4.68069827777001, 4.683483046593605, 4.683498028449997, 4.76160502846354, 4.767990230306246, 4.7723271819958795, 4.776074231593541, 4.780323507544557, 4.783549543891524, 4.789797017136135, 4.793109985647463, 4.800728833093504, 4.830503413805641, 4.860011434295374, 4.891063909659906, 4.894502553297102, 4.906711113148277, 4.915609920890362, 4.917352962003509, 4.924724156417591, 4.924807053754629, 4.947478534341525, 4.96049639877288, 4.968848992539946, 4.980117677774633, 5.001509185704885, 5.06079469033073, 5.075956801059968, 5.091598777312187, 5.112709863901738, 5.182541203027833]"
"10,10,50,50","[4.30689898017297, 4.310498714862881, 4.325223414771074, 4.418237035184017, 4.438276829919421, 4.4424491625143006, 4.500313322478802, 4.509576514077205, 4.572922366327632, 4.576211577157814, 4.588243488573546, 4.6212507391039805, 4.631628312051862, 4.638414102144848, 4.647879290396649, 4.655868688806961, 4.658659803543767, 4.675879638285385, 4.677907129621406, 4.68069827777001, 4.683483046593605, 4.683498028449997, 4.76160502846354, 4.767990230306246, 4.7723271819958795, 4.776074231593541, 4.780323507544557, 4.783549543891524, 4.789797017136135, 4.793109985647463, 4.800728833093504, 4.830503413805641, 4.860011434295374, 4.891063909659906, 4.894502553297102, 4.906711113148277, 4.915609920890362, 4.917352962003509, 4.924724156417591, 4.924807053754629, 4.947478534341525, 4.96049639877288, 4.968848992539946, 4.980117677774633, 5.001509185704885, 5.06079469033073, 5.075956801059968, 5.091598777312187, 5.112709863901738, 5.182541203027833]"
"10,50,5,5","[4.30689898017297, 4.310498714862881, 4.325223414771074, 4.418237035184017, 4.438276829919421, 4.4424491625143006, 4.500313322478802, 4.509576514077205, 4.572922366327632, 4.576211577157814, 4.588243488573546, 4.6212507391039805, 4.631628312051862, 4.638414102144848, 4.647879290396649, 4.655868688806961, 4.658659803543767, 4.675879638285385, 4.677907129621406, 4.68069827777001, 4.683483046593605, 4.683498028449997, 4.76160502846354, 4.767990230306246, 4.7723271819958795, 4.776074231593541, 4.780323507544557, 4.783549543891524, 4.789797017136135, 4.793109985647463, 4.800728833093504, 4.830503413805641, 4.860011434295374, 4.891063909659906, 4.894502553297102, 4.906711113148277, 4.915609920890362, 4.917352962003509, 4.924724156417591, 4.924807053754629, 4.947478534341525, 4.96049639877288, 4.968848992539946, 4.980117677774633, 5.001509185704885, 5.06079469033073, 5.075956801059968, 5.091598777312187, 5.112709863901738, 5.182541203027833]"
"10,50,5,10","[4.30689898017297, 4.310498714862881, 4.325223414771074, 4.418237035184017, 4.438276829919421, 4.4424491625143006, 4.500313322478802, 4.509576514077205, 4.572922366327632, 4.576211577157814, 4.588243488573546, 4.6212507391039805, 4.631628312051862, 4.638414102144848, 4.647879290396649, 4.655868688806961, 4.658659803543767, 4.675879638285385, 4.677907129621406, 4.68069827777001, 4.683483046593605, 4.683498028449997, 4.76160502846354, 4.767990230306246, 4.7723271819958795, 4.776074231593541, 4.780323507544557, 4.783549543891524, 4.789797017136135, 4.793109985647463, 4.800728833093504, 4.830503413805641, 4.860011434295374, 4.891063909659906, 4.894502553297102, 4.906711113148277, 4.915609920890362, 4.917352962003509, 4.924724156417591, 4.924807053754629, 4.947478534341525, 4.96049639877288, 4.968848992539946, 4.980117677774633, 5.001509185704885, 5.06079469033073, 5.075956801059968, 5.091598777312187, 5.112709863901738, 5.182541203027833]"
"10,50,5,50","[4.00749190364505, 4.292945402538145, 4.351625250616671, 4.367711547047923, 4.369960676096184, 4.380141146994878, 4.447641599302237, 4.4997006047674475, 4.528218899446373, 4.5345515218692265, 4.582809344471488, 4.588196460006672, 4.599993576772871, 4.6118945749588125, 4.612764115183042, 4.615436215359861, 4.62053435986063, 4.653208659977346, 4.669964991294546, 4.675884005921286, 4.676181234038077, 4.682763189183422, 4.692081016884173, 4.705764174689244, 4.708865644283968, 4.711291607777124, 4.72220989717684, 4.7347050984325305, 4.764907912331677, 4.768220972440037, 4.781007816415791, 4.782078286620653, 4.791615069412999, 4.7989954692135885, 4.810555937694181, 4.824795616260887, 4.8258639493277276, 4.848780341410975, 4.87221472757076, 4.875716437094008, 4.879891278180854, 4.940998601942086, 4.946979893883299, 5.00588126200248, 5.01604211596713, 5.019056141484923, 5.064841846695764, 5.108589523726985, 5.1291459249846785, 5.165293916819199]"
"10,50,10,5","[4.361770188866575, 4.372106846631441, 4.41884443703455, 4.481010395704924, 4.50732673825916, 4.516526747499743, 4.525792081363983, 4.538258185353583, 4.541285359153699, 4.544750352676714, 4.545826105091535, 4.549030302014792, 4.549970720748047, 4.559880793526269, 4.566191964293963, 4.5704094466735405, 4.577450206231888, 4.5931726241548425, 4.593968053372111, 4.598627278310849, 4.630233432123203, 4.668085812828866, 4.6861351527416115, 4.68858476686263, 4.7003102978796, 4.706865401157973, 4.7176654771845365, 4.723261963700707, 4.7251672053904255, 4.7379599463645965, 4.759683834016528, 4.771116903923061, 4.780703139335329, 4.7982189405391695, 4.806588674256748, 4.82538060317942, 4.829023924574337, 4.914236779358275, 4.919285312223972, 4.924344129580703, 4.951883644379986, 4.9736699402069915, 4.976580263583552, 5.017904537389538, 5.0257331964876375, 5.06457842031582, 5.127465325525589, 5.2183077366050235, 5.22043711339048, 5.227843435724339]"
"10,50,10,10","[4.00749190364505, 4.292945402538145, 4.351625250616671, 4.367711547047923, 4.369960676096184, 4.380141146994878, 4.447641599302237, 4.4997006047674475, 4.528218899446373, 4.5345515218692265, 4.582809344471488, 4.588196460006672, 4.599993576772871, 4.6118945749588125, 4.612764115183042, 4.615436215359861, 4.62053435986063, 4.653208659977346, 4.669964991294546, 4.675884005921286, 4.676181234038077, 4.682763189183422, 4.692081016884173, 4.705764174689244, 4.708865644283968, 4.711291607777124, 4.72220989717684, 4.7347050984325305, 4.764907912331677, 4.768220972440037, 4.781007816415791, 4.782078286620653, 4.791615069412999, 4.7989954692135885, 4.810555937694181, 4.824795616260887, 4.8258639493277276, 4.848780341410975, 4.87221472757076, 4.875716437094008, 4.879891278180854, 4.940998601942086, 4.946979893883299, 5.00588126200248, 5.01604211596713, 5.019056141484923, 5.064841846695764, 5.108589523726985, 5.1291459249846785, 5.165293916819199]"
"10,50,10,50","[4.30689898017297, 4.310498714862881, 4.325223414771074, 4.418237035184017, 4.438276829919421, 4.4424491625143006, 4.500313322478802, 4.509576514077205, 4.572922366327632, 4.576211577157814, 4.588243488573546, 4.6212507391039805, 4.631628312051862, 4.638414102144848, 4.647879290396649, 4.655868688806961, 4.658659803543767, 4.675879638285385, 4.677907129621406, 4.68069827777001, 4.683483046593605, 4.683498028449997, 4.76160502846354, 4.767990230306246, 4.7723271819958795, 4.776074231593541, 4.780323507544557, 4.783549543891524, 4.789797017136135, 4.793109985647463, 4.800728833093504, 4.830503413805641, 4.860011434295374, 4.891063909659906, 4.894502553297102, 4.906711113148277, 4.915609920890362, 4.917352962003509, 4.924724156417591, 4.924807053754629, 4.947478534341525, 4.96049639877288, 4.968848992539946, 4.980117677774633, 5.001509185704885, 5.06079469033073, 5.075956801059968, 5.091598777312187, 5.112709863901738, 5.182541203027833]"
"10,50,50,5","[4.00749190364505, 4.292945402538145, 4.351625250616671, 4.367711547047923, 4.369960676096184, 4.380141146994878, 4.447641599302237, 4.4997006047674475, 4.528218899446373, 4.5345515218692265, 4.582809344471488, 4.588196460006672, 4.599993576772871, 4.6118945749588125, 4.612764115183042, 4.615436215359861, 4.62053435986063, 4.653208659977346, 4.669964991294546, 4.675884005921286, 4.676181234038077, 4.682763189183422, 4.692081016884173, 4.705764174689244, 4.708865644283968, 4.711291607777124, 4.72220989717684, 4.7347050984325305, 4.764907912331677, 4.768220972440037, 4.781007816415791, 4.782078286620653, 4.791615069412999, 4.7989954692135885, 4.810555937694181, 4.824795616260887, 4.8258639493277276, 4.848780341410975, 4.87221472757076, 4.875716437094008, 4.879891278180854, 4.940998601942086, 4.946979893883299, 5.00588126200248, 5.01604211596713, 5.019056141484923, 5.064841846695764, 5.108589523726985, 5.1291459249846785, 5.165293916819199]"
"10,50,50,10","[4.00749190364505, 4.292945402538145, 4.351625250616671, 4.367711547047923, 4.369960676096184, 4.380141146994878, 4.447641599302237, 4.4997006047674475, 4.528218899446373, 4.5345515218692265, 4.582809344471488, 4.588196460006672, 4.599993576772871, 4.6118945749588125, 4.612764115183042, 4.615436215359861, 4.62053435986063, 4.653208659977346, 4.669964991294546, 4.675884005921286, 4.676181234038077, 4.682763189183422, 4.692081016884173, 4.705764174689244, 4.708865644283968, 4.711291607777124, 4.72220989717684, 4.7347050984325305, 4.764907912331677, 4.768220972440037, 4.781007816415791, 4.782078286620653, 4.791615069412999, 4.7989954692135885, 4.810555937694181, 4.824795616260887, 4.8258639493277276, 4.848780341410975, 4.87221472757076, 4.875716437094008, 4.879891278180854, 4.940998601942086, 4.946979893883299, 5.00588126200248, 5.01604211596713, 5.019056141484923, 5.064841846695764, 5.108589523726985, 5.1291459249846785, 5.165293916819199]"
"10,50,50,50","[4.352261184003784, 4.386243914090677, 4.397339695240455, 4.426719008151542, 4.439500651556696, 4.488195730404457, 4.49070956580802, 4.509021365807042, 4.51776753267812, 4.593946398468306, 4.6091246656457505, 4.614118794448611, 4.622635166152592, 4.636085359825991, 4.643650445548996, 4.651369949196027, 4.670685315986396, 4.673122545039369, 4.6877322387528775, 4.694018622351673, 4.7068502805335255, 4.70732335032956, 4.722669149661521, 4.723430053418841, 4.735298194817382, 4.751684230795982, 4.769867656942598, 4.770439672989124, 4.776020729486166, 4.776731074605521, 4.801236027522828, 4.84035318005104, 4.840858304030956, 4.845805276005441, 4.878722409090148, 4.8798044429924445, 4.90795187612595, 4.915145426553223, 4.927805162672957, 4.934580739528311, 4.946651689080309, 4.950718156112598, 4.9599231887540265, 4.966242115864407, 4.994808132522591, 4.997951314931615, 4.999884194668816, 5.007077117020189, 5.071821387856274, 5.090558233852437]"
"50,5,5,5","[4.00749190364505, 4.292945402538145, 4.351625250616671, 4.367711547047923, 4.369960676096184, 4.380141146994878, 4.447641599302237, 4.4997006047674475, 4.528218899446373, 4.5345515218692265, 4.582809344471488, 4.588196460006672, 4.599993576772871, 4.6118945749588125, 4.612764115183042, 4.615436215359861, 4.62053435986063, 4.653208659977346, 4.669964991294546, 4.675884005921286, 4.676181234038077, 4.682763189183422, 4.692081016884173, 4.705764174689244, 4.708865644283968, 4.711291607777124, 4.72220989717684, 4.7347050984325305, 4.764907912331677, 4.768220972440037, 4.781007816415791, 4.782078286620653, 4.791615069412999, 4.7989954692135885, 4.810555937694181, 4.824795616260887, 4.8258639493277276, 4.848780341410975, 4.87221472757076, 4.875716437094008, 4.879891278180854, 4.940998601942086, 4.946979893883299, 5.00588126200248, 5.01604211596713, 5.019056141484923, 5.064841846695764, 5.108589523726985, 5.1291459249846785, 5.165293916819199]"
"50,5,5,10","[4.152067546127748, 4.383504603362619, 4.443914533388975, 4.446196931323904, 4.462341952522966, 4.469011099000681, 4.477521051655548, 4.534081357339168, 4.536613588596573, 4.594192328317289, 4.604554647738848, 4.655335282816605, 4.656176415097368, 4.660832422592986, 4.66108135155693, 4.662403658460563, 4.667629781628192, 4.671079556770287, 4.693571174058076, 4.698066419251247, 4.700213718873988, 4.712019949311274, 4.727180762747816, 4.727698572128, 4.75857553071779, 4.7847153229868375, 4.796981363501657, 4.800520319970558, 4.802950743295282, 4.8032063395143565, 4.811789107707245, 4.812555463488915, 4.828472072275802, 4.855005285499319, 4.8638632496549485, 4.866589482359646, 4.881018674211472, 4.884691577712007, 4.898661009792771, 4.90966118718179, 4.9263460024080645, 4.927956476696759, 4.937674951507649, 4.950730115610296, 4.984856700903591, 4.986078705731561, 4.988426427874525, 5.09036397513797, 5.099831586499387, 5.1024842810997235]"
"50,5,5,50","[4.352261184003784, 4.386243914090677, 4.397339695240455, 4.426719008151542, 4.439500651556696, 4.488195730404457, 4.49070956580802, 4.509021365807042, 4.51776753267812, 4.593946398468306, 4.6091246656457505, 4.614118794448611, 4.622635166152592, 4.636085359825991, 4.643650445548996, 4.651369949196027, 4.670685315986396, 4.673122545039369, 4.6877322387528775, 4.694018622351673, 4.7068502805335255, 4.70732335032956, 4.722669149661521, 4.723430053418841, 4.735298194817382, 4.751684230795982, 4.769867656942598, 4.770439672989124, 4.776020729486166, 4.776731074605521, 4.801236027522828, 4.84035318005104, 4.840858304030956, 4.845805276005441, 4.878722409090148, 4.8798044429924445, 4.90795187612595, 4.915145426553223, 4.927805162672957, 4.934580739528311, 4.946651689080309, 4.950718156112598, 4.9599231887540265, 4.966242115864407, 4.994808132522591, 4.997951314931615, 4.999884194668816, 5.007077117020189, 5.071821387856274, 5.090558233852437]"
"50,5,10,5","[4.00749190364505, 4.292945402538145, 4.351625250616671, 4.367711547047923, 4.369960676096184, 4.380141146994878, 4.447641599302237, 4.4997006047674475, 4.528218899446373, 4.5345515218692265, 4.582809344471488, 4.588196460006672, 4.599993576772871, 4.6118945749588125, 4.612764115183042, 4.615436215359861, 4.62053435986063, 4.653208659977346, 4.669964991294546, 4.675884005921286, 4.676181234038077, 4.682763189183422, 4.692081016884173, 4.705764174689244, 4.708865644283968, 4.711291607777124, 4.72220989717684, 4.7347050984325305, 4.764907912331677, 4.768220972440037, 4.781007816415791, 4.782078286620653, 4.791615069412999, 4.7989954692135885, 4.810555937694181, 4.824795616260887, 4.8258639493277276, 4.848780341410975, 4.87221472757076, 4.875716437094008, 4.879891278180854, 4.940998601942086, 4.946979893883299, 5.00588126200248, 5.01604211596713, 5.019056141484923, 5.064841846695764, 5.108589523726985, 5.1291459249846785, 5.165293916819199]"
"50,5,10,10","[4.00749190364505, 4.292945402538145, 4.351625250616671, 4.367711547047923, 4.369960676096184, 4.380141146994878, 4.447641599302237, 4.4997006047674475, 4.528218899446373, 4.5345515218692265, 4.582809344471488, 4.588196460006672, 4.599993576772871, 4.6118945749588125, 4.612764115183042, 4.615436215359861, 4.62053435986063, 4.653208659977346, 4.669964991294546, 4.675884005921286, 4.676181234038077, 4.682763189183422, 4.692081016884173, 4.705764174689244, 4.708865644283968, 4.711291607777124, 4.72220989717684, 4.7347050984325305, 4.764907912331677, 4.768220972440037, 4.781007816415791, 4.782078286620653, 4.791615069412999, 4.7989954692135885, 4.810555937694181, 4.824795616260887, 4.8258639493277276, 4.848780341410975, 4.87221472757076, 4.875716437094008, 4.879891278180854, 4.940998601942086, 4.946979893883299, 5.00588126200248, 5.01604211596713, 5.019056141484923, 5.064841846695764, 5.108589523726985, 5.1291459249846785, 5.165293916819199]"
"50,5,10,50","[4.352261184003784, 4.386243914090677, 4.397339695240455, 4.426719008151542, 4.439500651556696, 4.488195730404457, 4.49070956580802, 4.509021365807042, 4.51776753267812, 4.593946398468306, 4.6091246656457505, 4.614118794448611, 4.622635166152592, 4.636085359825991, 4.643650445548996, 4.651369949196027, 4.670685315986396, 4.673122545039369, 4.6877322387528775, 4.694018622351673, 4.7068502805335255, 4.70732335032956, 4.722669149661521, 4.723430053418841, 4.735298194817382, 4.751684230795982, 4.769867656942598, 4.770439672989124, 4.776020729486166, 4.776731074605521, 4.801236027522828, 4.84035318005104, 4.840858304030956, 4.845805276005441, 4.878722409090148, 4.8798044429924445, 4.90795187612595, 4.915145426553223, 4.927805162672957, 4.934580739528311, 4.946651689080309, 4.950718156112598, 4.9599231887540265, 4.966242115864407, 4.994808132522591, 4.997951314931615, 4.999884194668816, 5.007077117020189, 5.071821387856274, 5.090558233852437]"
"50,5,50,5","[4.179555073622894, 4.264762898404691, 4.311803837268969, 4.326332329977566, 4.334932035647009, 4.351645470713138, 4.368562836671765, 4.389220445309096, 4.4404906514710305, 4.4911295213136215, 4.5022689435388346, 4.504719049848232, 4.520097011799928, 4.520570077750348, 4.543523553467041, 4.5546183095112065, 4.575455631292745, 4.596665235031379, 4.603670873731457, 4.62313144575162, 4.64031778828722, 4.648177771839965, 4.654135052478009, 4.659957372820968, 4.692467375073456, 4.701406831080965, 4.701798366363332, 4.7366870175517475, 4.742595906283039, 4.7462103858165925, 4.7616855657058945, 4.7671721000637515, 4.77548159499211, 4.7845279692450875, 4.841174380679538, 4.846961528094442, 4.856370236958028, 4.863154121758203, 4.898944515690424, 4.913857200975971, 4.91668844294379, 4.949253129847883, 4.970095964223064, 5.032803195120973, 5.04169654407987, 5.087857155364229, 5.094634655996102, 5.103807952297429, 5.15213654371291, 5.258900174723987]"
"50,5,50,10","[4.256526801498804, 4.259909484137952, 4.296322609240533, 4.380909463085639, 4.433824835692428, 4.499072258735139, 4.499628043559874, 4.509680203358538, 4.511105952496093, 4.514856172819346, 4.52177023788685, 4.5724844649356, 4.584751977875051, 4.59572445891084, 4.596867983562656, 4.609501959453312, 4.615239319500719, 4.63889509778654, 4.648810624292634, 4.67225540334345, 4.6794310916347985, 4.684630017667846, 4.691444379164975, 4.706104539730848, 4.722455326865891, 4.723810086938373, 4.732933620752254, 4.737029310504506, 4.741926809759878, 4.742796100550705, 4.7791700584602514, 4.813666954104204, 4.820675976012372, 4.823947616176591, 4.8602482880975595, 4.874883020178202, 4.881900781572841, 4.898723555227096, 4.916474844206794, 4.926430965830715, 4.9334508744807035, 4.936712178442583, 4.936980355113623, 4.9610444833126, 4.9978280989850665, 5.025364710023184, 5.028850271482607, 5.11150840890605, 5.1952665244860805, 5.282910778492575]"
"50,5,50,50","[4.179555073622894, 4.264762898404691, 4.311803837268969, 4.326332329977566, 4.334932035647009, 4.351645470713138, 4.368562836671765, 4.389220445309096, 4.4404906514710305, 4.4911295213136215, 4.5022689435388346, 4.504719049848232, 4.520097011799928, 4.520570077750348, 4.543523553467041, 4.5546183095112065, 4.575455631292745, 4.596665235031379, 4.603670873731457, 4.62313144575162, 4.64031778828722, 4.648177771839965, 4.654135052478009, 4.659957372820968, 4.692467375073456, 4.701406831080965, 4.701798366363332, 4.7366870175517475, 4.742595906283039, 4.7462103858165925, 4.7616855657058945, 4.7671721000637515, 4.77548159499211, 4.7845279692450875, 4.841174380679538, 4.846961528094442, 4.856370236958028, 4.863154121758203, 4.898944515690424, 4.913857200975971, 4.91668844294379, 4.949253129847883, 4.970095964223064, 5.032803195120973, 5.04169654407987, 5.087857155364229, 5.094634655996102, 5.103807952297429, 5.15213654371291, 5.258900174723987]"
"50,10,5,5","[4.352261184003784, 4.386243914090677, 4.397339695240455, 4.426719008151542, 4.439500651556696, 4.488195730404457, 4.49070956580802, 4.509021365807042, 4.51776753267812, 4.593946398468306, 4.6091246656457505, 4.614118794448611, 4.622635166152592, 4.636085359825991, 4.643650445548996, 4.651369949196027, 4.670685315986396, 4.673122545039369, 4.6877322387528775, 4.694018622351673, 4.7068502805335255, 4.70732335032956, 4.722669149661521, 4.723430053418841, 4.735298194817382, 4.751684230795982, 4.769867656942598, 4.770439672989124, 4.776020729486166, 4.776731074605521, 4.801236027522828, 4.84035318005104, 4.840858304030956, 4.845805276005441, 4.878722409090148, 4.8798044429924445, 4.90795187612595, 4.915145426553223, 4.927805162672957, 4.934580739528311, 4.946651689080309, 4.950718156112598, 4.9599231887540265, 4.966242115864407, 4.994808132522591, 4.997951314931615, 4.999884194668816, 5.007077117020189, 5.071821387856274, 5.090558233852437]"
"50,10,5,10","[4.352261184003784, 4.386243914090677, 4.397339695240455, 4.426719008151542, 4.439500651556696, 4.488195730404457, 4.49070956580802, 4.509021365807042, 4.51776753267812, 4.593946398468306, 4.6091246656457505, 4.614118794448611, 4.622635166152592, 4.636085359825991, 4.643650445548996, 4.651369949196027, 4.670685315986396, 4.673122545039369, 4.6877322387528775, 4.694018622351673, 4.7068502805335255, 4.70732335032956, 4.722669149661521, 4.723430053418841, 4.735298194817382, 4.751684230795982, 4.769867656942598, 4.770439672989124, 4.776020729486166, 4.776731074605521, 4.801236027522828, 4.84035318005104, 4.840858304030956, 4.845805276005441, 4.878722409090148, 4.8798044429924445, 4.90795187612595, 4.915145426553223, 4.927805162672957, 4.934580739528311, 4.946651689080309, 4.950718156112598, 4.9599231887540265, 4.966242115864407, 4.994808132522591, 4.997951314931615, 4.999884194668816, 5.007077117020189, 5.071821387856274, 5.090558233852437]"
"50,10,5,50","[4.352261184003784, 4.386243914090677, 4.397339695240455, 4.426719008151542, 4.439500651556696, 4.488195730404457, 4.49070956580802, 4.509021365807042, 4.51776753267812, 4.593946398468306, 4.6091246656457505, 4.614118794448611, 4.622635166152592, 4.636085359825991, 4.643650445548996, 4.651369949196027, 4.670685315986396, 4.673122545039369, 4.6877322387528775, 4.694018622351673, 4.7068502805335255, 4.70732335032956, 4.722669149661521, 4.723430053418841, 4.735298194817382, 4.751684230795982, 4.769867656942598, 4.770439672989124, 4.776020729486166, 4.776731074605521, 4.801236027522828, 4.84035318005104, 4.840858304030956, 4.845805276005441, 4.878722409090148, 4.8798044429924445, 4.90795187612595, 4.915145426553223, 4.927805162672957, 4.934580739528311, 4.946651689080309, 4.950718156112598, 4.9599231887540265, 4.966242115864407, 4.994808132522591, 4.997951314931615, 4.999884194668816, 5.007077117020189, 5.071821387856274, 5.090558233852437]"
"50,10,10,5","[4.352261184003784, 4.386243914090677, 4.397339695240455, 4.426719008151542, 4.439500651556696, 4.488195730404457, 4.49070956580802, 4.509021365807042, 4.51776753267812, 4.593946398468306, 4.6091246656457505, 4.614118794448611, 4.622635166152592, 4.636085359825991, 4.643650445548996, 4.651369949196027, 4.670685315986396, 4.673122545039369, 4.6877322387528775, 4.694018622351673, 4.7068502805335255, 4.70732335032956, 4.722669149661521, 4.723430053418841, 4.735298194817382, 4.751684230795982, 4.769867656942598, 4.770439672989124, 4.776020729486166, 4.776731074605521, 4.801236027522828, 4.84035318005104, 4.840858304030956, 4.845805276005441, 4.878722409090148, 4.8798044429924445, 4.90795187612595, 4.915145426553223, 4.927805162672957, 4.934580739528311, 4.946651689080309, 4.950718156112598, 4.9599231887540265, 4.966242115864407, 4.994808132522591, 4.997951314931615, 4.999884194668816, 5.007077117020189, 5.071821387856274, 5.090558233852437]"
"50,10,10,10","[4.179555073622894, 4.264762898404691, 4.311803837268969, 4.326332329977566, 4.334932035647009, 4.351645470713138, 4.368562836671765, 4.389220445309096, 4.4404906514710305, 4.4911295213136215, 4.5022689435388346, 4.504719049848232, 4.520097011799928, 4.520570077750348, 4.543523553467041, 4.5546183095112065, 4.575455631292745, 4.596665235031379, 4.603670873731457, 4.62313144575162, 4.64031778828722, 4.648177771839965, 4.654135052478009, 4.659957372820968, 4.692467375073456, 4.701406831080965, 4.701798366363332, 4.7366870175517475, 4.742595906283039, 4.7462103858165925, 4.7616855657058945, 4.7671721000637515, 4.77548159499211, 4.7845279692450875, 4.841174380679538, 4.846961528094442, 4.856370236958028, 4.863154121758203, 4.898944515690424, 4.913857200975971, 4.91668844294379, 4.949253129847883, 4.970095964223064, 5.032803195120973, 5.04169654407987, 5.087857155364229, 5.094634655996102, 5.103807952297429, 5.15213654371291, 5.258900174723987]"
"50,10,10,50","[4.100113585514113, 4.241248176202322, 4.281797560838387, 4.334114839287989, 4.356449305759949, 4.361047546949557, 4.376037100410775, 4.3773876543123365, 4.405036796479635, 4.424108027242208, 4.447683260510296, 4.503663471274466, 4.5069364110313686, 4.5309504487777215, 4.561448424646796, 4.582610100605036, 4.591553785556987, 4.602517854789209, 4.6059509567455965, 4.613296830564151, 4.632966477733383, 4.656206942305512, 4.67907505238884, 4.679212670813147, 4.709046717714891, 4.7295910464310325, 4.748197871042326, 4.748317527933534, 4.750200456849483, 4.780947282988571, 4.799947003627434, 4.804762795968359, 4.808767722917345, 4.8143391793886625, 4.819950761769018, 4.847042997088037, 4.847553565162131, 4.851086564639286, 4.85445561439944, 4.8803113701226675, 4.8827702140692715, 4.924990166748423, 4.930035932563869, 4.931510221843284, 4.947892632397295, 4.971501380169704, 4.995954859133363, 5.097091398575271, 5.185968890677113, 5.520739470258393]"
"50,10,50,5","[4.100113585514113, 4.241248176202322, 4.281797560838387, 4.334114839287989, 4.356449305759949, 4.361047546949557, 4.376037100410775, 4.3773876543123365, 4.405036796479635, 4.424108027242208, 4.447683260510296, 4.503663471274466, 4.5069364110313686, 4.5309504487777215, 4.561448424646796, 4.582610100605036, 4.591553785556987, 4.602517854789209, 4.6059509567455965, 4.613296830564151, 4.632966477733383, 4.656206942305512, 4.67907505238884, 4.679212670813147, 4.709046717714891, 4.7295910464310325, 4.748197871042326, 4.748317527933534, 4.750200456849483, 4.780947282988571, 4.799947003627434, 4.804762795968359, 4.808767722917345, 4.8143391793886625, 4.819950761769018, 4.847042997088037, 4.847553565162131, 4.851086564639286, 4.85445561439944, 4.8803113701226675, 4.8827702140692715, 4.924990166748423, 4.930035932563869, 4.931510221843284, 4.947892632397295, 4.971501380169704, 4.995954859133363, 5.097091398575271, 5.185968890677113, 5.520739470258393]"
"50,10,50,10","[4.196029310402419, 4.330144634909131, 4.349733423089934, 4.360400215873579, 4.4391619932560475, 4.458049867612469, 4.518849088177549, 4.523815025131094, 4.547716980127597, 4.563971965349728, 4.578212553996093, 4.602235120289852, 4.610790984637356, 4.615823497703303, 4.629711833359605, 4.638917830675418, 4.642476143006641, 4.643381241301726, 4.643768686157304, 4.648338952220553, 4.654067030238293, 4.676771749638228, 4.680538094956482, 4.697963654384106, 4.698671381478879, 4.713728775372068, 4.746327040526521, 4.747435714184634, 4.760729839923789, 4.7750992387964235, 4.780120413398956, 4.780522148005577, 4.800746595349808, 4.806046293185039, 4.841985443208603, 4.842974409812002, 4.878470418419103, 4.888392727087601, 4.898573363511942, 4.915215994885328, 4.936108568291163, 4.947368785385309, 4.984779087577466, 5.007197564231403, 5.010926227213857, 5.013847722363306, 5.115925455607684, 5.131198242584793, 5.156111753925794, 5.195779227745638]"
"50,10,50,50","[4.179555073622894, 4.264762898404691, 4.311803837268969, 4.326332329977566, 4.334932035647009, 4.351645470713138, 4.368562836671765, 4.389220445309096, 4.4404906514710305, 4.4911295213136215, 4.5022689435388346, 4.504719049848232, 4.520097011799928, 4.520570077750348, 4.543523553467041, 4.5546183095112065, 4.575455631292745, 4.596665235031379, 4.603670873731457, 4.62313144575162, 4.64031778828722, 4.648177771839965, 4.654135052478009, 4.659957372820968, 4.692467375073456, 4.701406831080965, 4.701798366363332, 4.7366870175517475, 4.742595906283039, 4.7462103858165925, 4.7616855657058945, 4.7671721000637515, 4.77548159499211, 4.7845279692450875, 4.841174380679538, 4.846961528094442, 4.856370236958028, 4.863154121758203, 4.898944515690424, 4.913857200975971, 4.91668844294379, 4.949253129847883, 4.970095964223064, 5.032803195120973, 5.04169654407987, 5.087857155364229, 5.094634655996102, 5.103807952297429, 5.15213654371291, 5.258900174723987]"
"50,50,5,5","[4.179555073622894, 4.264762898404691, 4.311803837268969, 4.326332329977566, 4.334932035647009, 4.351645470713138, 4.368562836671765, 4.389220445309096, 4.4404906514710305, 4.4911295213136215, 4.5022689435388346, 4.504719049848232, 4.520097011799928, 4.520570077750348, 4.543523553467041, 4.5546183095112065, 4.575455631292745, 4.596665235031379, 4.603670873731457, 4.62313144575162, 4.64031778828722, 4.648177771839965, 4.654135052478009, 4.659957372820968, 4.692467375073456, 4.701406831080965, 4.701798366363332, 4.7366870175517475, 4.742595906283039, 4.7462103858165925, 4.7616855657058945, 4.7671721000637515, 4.77548159499211, 4.7845279692450875, 4.841174380679538, 4.846961528094442, 4.856370236958028, 4.863154121758203, 4.898944515690424, 4.913857200975971, 4.91668844294379, 4.949253129847883, 4.970095964223064, 5.032803195120973, 5.04169654407987, 5.087857155364229, 5.094634655996102, 5.103807952297429, 5.15213654371291, 5.258900174723987]"
"50,50,5,10","[4.179555073622894, 4.264762898404691, 4.311803837268969, 4.326332329977566, 4.334932035647009, 4.351645470713138, 4.368562836671765, 4.389220445309096, 4.4404906514710305, 4.4911295213136215, 4.5022689435388346, 4.504719049848232, 4.520097011799928, 4.520570077750348, 4.543523553467041, 4.5546183095112065, 4.575455631292745, 4.596665235031379, 4.603670873731457, 4.62313144575162, 4.64031778828722, 4.648177771839965, 4.654135052478009, 4.659957372820968, 4.692467375073456, 4.701406831080965, 4.701798366363332, 4.7366870175517475, 4.742595906283039, 4.7462103858165925, 4.7616855657058945, 4.7671721000637515, 4.77548159499211, 4.7845279692450875, 4.841174380679538, 4.846961528094442, 4.856370236958028, 4.863154121758203, 4.898944515690424, 4.913857200975971, 4.91668844294379, 4.949253129847883, 4.970095964223064, 5.032803195120973, 5.04169654407987, 5.087857155364229, 5.094634655996102, 5.103807952297429, 5.15213654371291, 5.258900174723987]"
"50,50,5,50","[4.179555073622894, 4.264762898404691, 4.311803837268969, 4.326332329977566, 4.334932035647009, 4.351645470713138, 4.368562836671765, 4.389220445309096, 4.4404906514710305, 4.4911295213136215, 4.5022689435388346, 4.504719049848232, 4.520097011799928, 4.520570077750348, 4.543523553467041, 4.5546183095112065, 4.575455631292745, 4.596665235031379, 4.603670873731457, 4.62313144575162, 4.64031778828722, 4.648177771839965, 4.654135052478009, 4.659957372820968, 4.692467375073456, 4.701406831080965, 4.701798366363332, 4.7366870175517475, 4.742595906283039, 4.7462103858165925, 4.7616855657058945, 4.7671721000637515, 4.77548159499211, 4.7845279692450875, 4.841174380679538, 4.846961528094442, 4.856370236958028, 4.863154121758203, 4.898944515690424, 4.913857200975971, 4.91668844294379, 4.949253129847883, 4.970095964223064, 5.032803195120973, 5.04169654407987, 5.087857155364229, 5.094634655996102, 5.103807952297429, 5.15213654371291, 5.258900174723987]"
"50,50,10,5","[4.100113585514113, 4.241248176202322, 4.281797560838387, 4.334114839287989, 4.356449305759949, 4.361047546949557, 4.376037100410775, 4.3773876543123365, 4.405036796479635, 4.424108027242208, 4.447683260510296, 4.503663471274466, 4.5069364110313686, 4.5309504487777215, 4.561448424646796, 4.582610100605036, 4.591553785556987, 4.602517854789209, 4.6059509567455965, 4.613296830564151, 4.632966477733383, 4.656206942305512, 4.67907505238884, 4.679212670813147, 4.709046717714891, 4.7295910464310325, 4.748197871042326, 4.748317527933534, 4.750200456849483, 4.780947282988571, 4.799947003627434, 4.804762795968359, 4.808767722917345, 4.8143391793886625, 4.819950761769018, 4.847042997088037, 4.847553565162131, 4.851086564639286, 4.85445561439944, 4.8803113701226675, 4.8827702140692715, 4.924990166748423, 4.930035932563869, 4.931510221843284, 4.947892632397295, 4.971501380169704, 4.995954859133363, 5.097091398575271, 5.185968890677113, 5.520739470258393]"
"50,50,10,10","[4.100113585514113, 4.241248176202322, 4.281797560838387, 4.334114839287989, 4.356449305759949, 4.361047546949557, 4.376037100410775, 4.3773876543123365, 4.405036796479635, 4.424108027242208, 4.447683260510296, 4.503663471274466, 4.5069364110313686, 4.5309504487777215, 4.561448424646796, 4.582610100605036, 4.591553785556987, 4.602517854789209, 4.6059509567455965, 4.613296830564151, 4.632966477733383, 4.656206942305512, 4.67907505238884, 4.679212670813147, 4.709046717714891, 4.7295910464310325, 4.748197871042326, 4.748317527933534, 4.750200456849483, 4.780947282988571, 4.799947003627434, 4.804762795968359, 4.808767722917345, 4.8143391793886625, 4.819950761769018, 4.847042997088037, 4.847553565162131, 4.851086564639286, 4.85445561439944, 4.8803113701226675, 4.8827702140692715, 4.924990166748423, 4.930035932563869, 4.931510221843284, 4.947892632397295, 4.971501380169704, 4.995954859133363, 5.097091398575271, 5.185968890677113, 5.520739470258393]"
"50,50,10,50","[4.254534349462253, 4.317170243742976, 4.364758321266387, 4.367059238427173, 4.420434062726314, 4.423298935203204, 4.443208729108894, 4.4840586268036065, 4.488051370974352, 4.513238540782092, 4.5179611693682515, 4.533557875801569, 4.5362207070273985, 4.537955087301054, 4.552544133519791, 4.56856698783192, 4.593637941916336, 4.598291377290746, 4.692291599889069, 4.698836901223391, 4.699987380283758, 4.700182365013345, 4.700798556054132, 4.70618867866625, 4.730147215449696, 4.736687163106877, 4.738063912504319, 4.7452929680999025, 4.774506712629477, 4.829676182634512, 4.83650963573855, 4.851008243111333, 4.863591236340363, 4.8646970333172055, 4.880337779743561, 4.886510025689037, 4.907796726999007, 4.911752475138348, 4.921418367315642, 4.930074731110534, 4.952064015362671, 4.955329060972478, 4.974470408149799, 4.992487030098062, 4.996044354344293, 5.039427526797828, 5.062644222447899, 5.067886573023598, 5.115377307017073, 5.119466691843069]"
"50,50,50,5","[4.272475390115449, 4.3362358320243075, 4.41795824224677, 4.425670748019937, 4.440852539009055, 4.473701251290288, 4.474750115544211, 4.511822726641895, 4.534975440180961, 4.538585680326737, 4.538678839208177, 4.539374186431681, 4.541009588662566, 4.548113983387229, 4.569450879777729, 4.584108275204497, 4.584419963729081, 4.586709020974491, 4.587720975355907, 4.595942756072501, 4.59620770675441, 4.60471216299931, 4.6492102093021925, 4.653578496140726, 4.6568655280444275, 4.666228915811261, 4.675010388668183, 4.680640658921404, 4.684608070250839, 4.703321232225118, 4.704303977220251, 4.7075791292961675, 4.714753162081816, 4.7386489168756905, 4.742041585003892, 4.746729922455778, 4.778235659330561, 4.779260383970801, 4.789844287054092, 4.804917023279382, 4.811684936203525, 4.845145466377741, 4.86520523944022, 4.867186150245138, 4.882462997151319, 4.902228728007214, 4.963180212303546, 5.002851866543581, 5.028218323626851, 5.108909382138632]"
"50,50,50,10","[4.272475390115449, 4.3362358320243075, 4.41795824224677, 4.425670748019937, 4.440852539009055, 4.473701251290288, 4.474750115544211, 4.511822726641895, 4.534975440180961, 4.538585680326737, 4.538678839208177, 4.539374186431681, 4.541009588662566, 4.548113983387229, 4.569450879777729, 4.584108275204497, 4.584419963729081, 4.586709020974491, 4.587720975355907, 4.595942756072501, 4.59620770675441, 4.60471216299931, 4.6492102093021925, 4.653578496140726, 4.6568655280444275, 4.666228915811261, 4.675010388668183, 4.680640658921404, 4.684608070250839, 4.703321232225118, 4.704303977220251, 4.7075791292961675, 4.714753162081816, 4.7386489168756905, 4.742041585003892, 4.746729922455778, 4.778235659330561, 4.779260383970801, 4.789844287054092, 4.804917023279382, 4.811684936203525, 4.845145466377741, 4.86520523944022, 4.867186150245138, 4.882462997151319, 4.902228728007214, 4.963180212303546, 5.002851866543581, 5.028218323626851, 5.108909382138632]"
"50,50,50,50","[4.100113585514113, 4.241248176202322, 4.281797560838387, 4.334114839287989, 4.356449305759949, 4.361047546949557, 4.376037100410775, 4.3773876543123365, 4.405036796479635, 4.424108027242208, 4.447683260510296, 4.503663471274466, 4.5069364110313686, 4.5309504487777215, 4.561448424646796, 4.582610100605036, 4.591553785556987, 4.602517854789209, 4.6059509567455965, 4.613296830564151, 4.632966477733383, 4.656206942305512, 4.67907505238884, 4.679212670813147, 4.709046717714891, 4.7295910464310325, 4.748197871042326, 4.748317527933534, 4.750200456849483, 4.780947282988571, 4.799947003627434, 4.804762795968359, 4.808767722917345, 4.8143391793886625, 4.819950761769018, 4.847042997088037, 4.847553565162131, 4.851086564639286, 4.85445561439944, 4.8803113701226675, 4.8827702140692715, 4.924990166748423, 4.930035932563869, 4.931510221843284, 4.947892632397295, 4.971501380169704, 4.995954859133363, 5.097091398575271, 5.185968890677113, 5.520739470258393]"
