"5,5,5,5","[1.6603363889729104, 1.6609707051935474, 1.6617365213994482, 1.6621952333862293, 1.662375379224396, 1.6628153738377975, 1.6630742079109293, 1.6632141826617748, 1.6633864884666245, 1.6642973662822524, 1.6643058783237745, 1.6643058783237745, 1.6644146292154196, 1.6648055835369409, 1.6649025696179116, 1.6649577786860466, 1.665193330004567, 1.665303554500839, 1.665828889048488, 1.6658484212785454, 1.6659063998112884, 1.6659063998112884, 1.6659102582735994, 1.6659183463940423, 1.6659212048567114, 1.6659276923251742, 1.665932885433247, 1.6659344094366522, 1.665943021216611, 1.665943021216611, 1.665943021216611, 1.665951217015958, 1.6659654915561348, 1.6663201953844395, 1.6663718437772328, 1.6663843076978295, 1.6666095692144203, 1.6668106370729183, 1.6672585322372016, 1.667579924204865, 1.6679032577905626, 1.6681017333952308, 1.6681497506797065, 1.6683646228730828, 1.668383011858041, 1.6693095250401964, 1.6696758128282518, 1.670218616348477, 1.6708327804244003, 1.674212625771308]"
"5,5,5,10","[4.649808337439502, 4.652793785469032, 4.652831795951741, 4.653236386637016, 4.653260724847433, 4.653658837820292, 4.653684412565863, 4.654432483419679, 4.654771634352895, 4.6550556746938305, 4.655100233702083, 4.655210529468261, 4.655220476022932, 4.6552362517383115, 4.655430463319765, 4.655442484245614, 4.6555060035729925, 4.655553341961662, 4.6555836052945185, 4.655660465012191, 4.655671210277042, 4.65569173720142, 4.655693033948776, 4.655731543897949, 4.6557744201461615, 4.655822432239176, 4.655862095600462, 4.655899266456077, 4.655899266456077, 4.655899266456077, 4.655899266456077, 4.655899266456077, 4.655899266456077, 4.655899266456077, 4.655899266456077, 4.655899266456077, 4.655899266456077, 4.655899266456077, 4.655899266456077, 4.655899266456077, 4.65625437237828, 4.656504025742213, 4.65671859494872, 4.656899273610018, 4.658086232870657, 4.658116941563686, 4.6585883079633135, 4.65875282348914, 4.6596673298881965, 4.665294352270038]"
"5,5,5,50","[4.908041422041297, 4.908319044500417, 4.908450037640073, 4.90874288737652, 4.908894881295181, 4.908933189215462, 4.9089557099394145, 4.90902120629944, 4.909031482296266, 4.909118467574959, 4.9091184675749595, 4.9091184675749595, 4.9091184675749595, 4.9091184675749595, 4.9091184675749595, 4.9091184675749595, 4.9091184675749595, 4.9091184675749595, 4.9091184675749595, 4.9091184675749595, 4.9091184675749595, 4.9091184675749595, 4.9091184675749595, 4.9091184675749595, 4.9091184675749595, 4.9091184675749595, 4.9091184675749595, 4.9091184675749595, 4.9091184675749595, 4.90911846757496, 4.90911846757496, 4.909147033134696, 4.90920939665448, 4.9092249645635455, 4.909261003966219, 4.909261318767111, 4.90936785874406, 4.909373563642533, 4.909395446737532, 4.909471676868625, 4.909504650592744, 4.9095159616074175, 4.909640947583463, 4.90967160569894, 4.909818519401812, 4.909875400391945, 4.9098952984280775, 4.909899412371581, 4.910019651085714, 4.910087601053295]"
"5,5,10,5","[4.715580865316379, 4.715618407460106, 4.716118248551338, 4.716303967436031, 4.716456225520006, 4.716554211260558, 4.716703761656946, 4.716707130576238, 4.716814149133641, 4.716844505136266, 4.716953316617315, 4.7169879148884135, 4.717088770346845, 4.717119059818397, 4.7171598046615975, 4.717192635646719, 4.71719982527988, 4.71725325431359, 4.717357119765081, 4.7174670718137435, 4.7176062114585955, 4.717631267662316, 4.717636884373549, 4.717643504393059, 4.717790837690536, 4.717790837690536, 4.717790837690536, 4.717790837690536, 4.717790837690536, 4.717790837690536, 4.717790837690536, 4.717790837690536, 4.717790837690536, 4.717790837690536, 4.717790837690536, 4.717790837690536, 4.717848680362406, 4.71794228799285, 4.718003245916075, 4.718067612024837, 4.718081587028275, 4.718092767095757, 4.718400060837044, 4.718441416717383, 4.71848414069358, 4.7186899185728945, 4.718712620057215, 4.718933718222775, 4.7191453501871266, 4.719435395718363]"
"5,5,10,10","[4.738549380290238, 4.739222104333486, 4.7393880080434805, 4.739520115871271, 4.739749171214511, 4.739999769125636, 4.7400074708920386, 4.74007624092828, 4.740091011642748, 4.740100544807729, 4.74010529996732, 4.740123420056941, 4.740192742545521, 4.7401927425455215, 4.7401927425455215, 4.7401927425455215, 4.740192742545522, 4.740192742545522, 4.740192742545522, 4.740192742545522, 4.740192742545523, 4.740192742545523, 4.740192742545523, 4.740192742545523, 4.740192742545523, 4.740192742545523, 4.740192742545523, 4.740192742545523, 4.740192742545523, 4.740192742545524, 4.740192742545524, 4.740192742545524, 4.740192742545524, 4.740192742545526, 4.740192742545527, 4.740210625942698, 4.740236455548882, 4.740246459567369, 4.740298298220074, 4.740347675308774, 4.7404455711124225, 4.74051519172054, 4.740534251879564, 4.740601605321435, 4.740621529226791, 4.740629119251057, 4.74066704213105, 4.740794117241672, 4.740812362389537, 4.741324512557522]"
"5,5,10,50","[4.655305714974173, 4.655396712447075, 4.655631841738384, 4.655663139774382, 4.65576417079335, 4.655925987987167, 4.656032853577452, 4.656053084973505, 4.656109520565101, 4.656143081410373, 4.656170072574664, 4.65618244593214, 4.656207177787545, 4.656246009352972, 4.656297025507857, 4.656309244034332, 4.65634312945724, 4.6564086620899365, 4.656455950876367, 4.656498443176795, 4.656525399565258, 4.656550788548577, 4.656686325763116, 4.656689847368594, 4.656736044110084, 4.656736044110085, 4.656736044110085, 4.656736044110085, 4.656736044110085, 4.656736044110085, 4.656736044110085, 4.656736044110085, 4.656736044110085, 4.656736044110085, 4.656736044110085, 4.656756231483663, 4.656793737679008, 4.656807159238671, 4.656827554747989, 4.656929416249468, 4.656946624876067, 4.656998893545341, 4.657058345691183, 4.657284965122583, 4.657435318142763, 4.6574389176164805, 4.65748276172432, 4.657495412826777, 4.6576532074365025, 4.658223873735107]"
"5,5,50,5","[4.651743355025294, 4.6520125770682945, 4.652073714630169, 4.652312182695217, 4.652632229572949, 4.6528841884894865, 4.65312382923426, 4.653349015229011, 4.653349015229011, 4.65341689862517, 4.653476988136964, 4.653515132471602, 4.653515132471602, 4.653515132471602, 4.653515132471602, 4.653515132471602, 4.653515132471602, 4.653515132471602, 4.653515132471602, 4.653515132471602, 4.653515132471602, 4.653515132471602, 4.653753088160759, 4.653973036532159, 4.654039014861885, 4.65419010751676, 4.654205142555078, 4.654206497324299, 4.654222684828193, 4.6543508915911795, 4.654425733178878, 4.654449295841473, 4.654585983565268, 4.654626036405466, 4.65475097640661, 4.65475097640661, 4.654750976406611, 4.654848357995155, 4.654867588810245, 4.654906264508767, 4.655038809648923, 4.6551192210909855, 4.655182398750903, 4.655229385937575, 4.655277574297704, 4.655344758398644, 4.655781773686437, 4.655926569959199, 4.65684829785456, 4.656859792916348]"
"5,5,50,10","[4.549271015552054, 4.549895746739872, 4.549960891019268, 4.550088702419324, 4.5501789828034935, 4.550347410112005, 4.550378681999415, 4.550473519481385, 4.550796634789883, 4.550810428486552, 4.550940376611958, 4.550954775123356, 4.551000131311321, 4.551000131311321, 4.551000131311321, 4.551058408598783, 4.55108678639723, 4.551170181521931, 4.551193488462217, 4.551264693493794, 4.551305250237771, 4.551313607356664, 4.551388116945252, 4.551403280060025, 4.551431953521153, 4.551488323901283, 4.551511329777461, 4.551644548223567, 4.551657117678428, 4.5517178332999775, 4.5517178332999775, 4.5517178332999775, 4.5517178332999775, 4.55175930202442, 4.55177380195849, 4.551773801958515, 4.551773801958515, 4.551836928089814, 4.5519169710829, 4.552023520566157, 4.5520366730493285, 4.552128056979319, 4.552133392616507, 4.55218958409025, 4.552321781534241, 4.552337719804558, 4.552785914728478, 4.552809023154692, 4.552822217871427, 4.552982227443841]"
"5,5,50,50","[4.4254742734716, 4.425733897177343, 4.425762374711843, 4.425790336907919, 4.425866882513362, 4.426021779789052, 4.426031296373814, 4.426118075200403, 4.426126496537518, 4.426214916904444, 4.4262768438920865, 4.426342754426864, 4.42641352989416, 4.426460125781122, 4.426489159046788, 4.426559174937475, 4.426585282685756, 4.426599772874983, 4.426668432983288, 4.426669224513188, 4.426702469873544, 4.426736679648856, 4.4268129341710205, 4.426867005484617, 4.426871862804731, 4.426871862804732, 4.426871862804732, 4.426871862804732, 4.426871862804732, 4.426871862804732, 4.426871862804732, 4.426871862804732, 4.426871862804732, 4.426871862804732, 4.426871862804733, 4.426871862804733, 4.426983755987612, 4.427022969951394, 4.427116183964455, 4.427220388178492, 4.427281978664574, 4.427312279415508, 4.427328822052567, 4.42749139373532, 4.427504225553561, 4.427516233306604, 4.427523017987049, 4.42763025694499, 4.427831295383303, 4.428018989053111]"
"5,10,5,5","[4.536301704953403, 4.5363248657615935, 4.536508027353316, 4.536678453318052, 4.536728126489528, 4.5367760154544765, 4.536875900277164, 4.536946707251743, 4.536992118308832, 4.537023426102062, 4.537032987390354, 4.5371769760029705, 4.537253684406509, 4.537260339477998, 4.537322311117278, 4.53732408922658, 4.537327879523172, 4.537356732212576, 4.5373643412976925, 4.537427195998612, 4.537427195998612, 4.537427195998612, 4.537427195998612, 4.537427195998612, 4.537427195998612, 4.537427195998612, 4.537427195998612, 4.537427195998612, 4.537427195998612, 4.537427195998612, 4.537427195998613, 4.537427195998613, 4.537427195998613, 4.537427195998613, 4.537427195998614, 4.537595529031535, 4.537619889215091, 4.537623783422893, 4.537639548711514, 4.5377032886381725, 4.537710614402402, 4.537792389312889, 4.537843474059907, 4.538191217506471, 4.53821276769234, 4.538233663042637, 4.538292824066481, 4.538506794010002, 4.538518535277106, 4.538820854511809]"
"5,10,5,10","[4.716846425290313, 4.717224191918426, 4.717383013393255, 4.717444712299747, 4.717526886913295, 4.717549439586228, 4.717754491120498, 4.7177584811982, 4.717835307588086, 4.717843920679758, 4.718046086804805, 4.718132860664359, 4.718157200866177, 4.718205659723491, 4.7182392575102785, 4.718304077447653, 4.718306141229323, 4.718369822667308, 4.718369822667308, 4.718369822667308, 4.718369822667308, 4.718369822667308, 4.718369822667308, 4.718369822667308, 4.718369822667308, 4.718369822667308, 4.718369822667308, 4.718369822667308, 4.718369822667308, 4.718369822667308, 4.718369822667308, 4.718369822667308, 4.718369822667308, 4.718369822667308, 4.718369822667308, 4.718442696499792, 4.718475217618126, 4.718480763601449, 4.718493256683519, 4.718531487806573, 4.718677843500231, 4.71871546849476, 4.718755240489185, 4.718838761431708, 4.718839132901976, 4.718923637170515, 4.719050629497503, 4.719319318828494, 4.719491879703605, 4.719520457969403]"
"5,10,5,50","[4.555880181533514, 4.556184206677225, 4.556244334157258, 4.556345866647424, 4.556483448291784, 4.5565114386408885, 4.55653989171857, 4.55670851332655, 4.556718893046082, 4.55676146780765, 4.55684037010229, 4.5568493299666235, 4.556913144800578, 4.5569717423362555, 4.557005238743294, 4.557005238743305, 4.557005238743305, 4.557005238743313, 4.557005238743313, 4.557005238743313, 4.557005238743313, 4.557005238743313, 4.557005238743313, 4.557005238743313, 4.557005238743313, 4.557005238743313, 4.557005238743313, 4.557005238743314, 4.557005238743316, 4.557005238743321, 4.557046560260953, 4.557061879642358, 4.557091309179533, 4.55710455380515, 4.557183763231102, 4.5571958231166025, 4.5572134282756975, 4.55727502437851, 4.557323013485254, 4.557324630252494, 4.5573776086356785, 4.557448364323353, 4.55757712512228, 4.557761952024654, 4.557984845228369, 4.558138337218672, 4.558140523753406, 4.55837368140534, 4.559096994039883, 4.559682361224196]"
"5,10,10,5","[4.455516661897392, 4.455767775203375, 4.456146898477929, 4.456189270440704, 4.456277888334667, 4.456387496396607, 4.456581127630005, 4.4566570310039255, 4.45693426344237, 4.456996102780919, 4.4570028885510835, 4.457078445954822, 4.4570784459548225, 4.457078445954826, 4.457078445954828, 4.457078445954828, 4.457078445954828, 4.457078445954835, 4.457078445954838, 4.4570784459548385, 4.4570784459548385, 4.4570784459548385, 4.4570784459548385, 4.4570784459548385, 4.45707844595484, 4.45707844595484, 4.45707844595484, 4.45707844595484, 4.45707844595484, 4.45707844595484, 4.45707844595484, 4.45707844595484, 4.457078445954841, 4.457078445954842, 4.457078445954843, 4.457078445954843, 4.457078445954853, 4.457135708770336, 4.457169429415544, 4.457204069355876, 4.457223667254816, 4.457375355936385, 4.457463139858927, 4.45766377801055, 4.457724050541568, 4.457990652165244, 4.45799161689791, 4.458045132733194, 4.458066338095268, 4.458108215047625]"
"5,10,10,10","[4.637615034989984, 4.6385277865597745, 4.63862083088218, 4.6386643855187115, 4.638674806990227, 4.638742904267149, 4.639009652155048, 4.639033075227229, 4.639522850038279, 4.639592932530881, 4.639808431146947, 4.639904824987499, 4.639938901128751, 4.6399702588855005, 4.6399702588855005, 4.6399702588855005, 4.6399702588855005, 4.6399702588855005, 4.6399702588855005, 4.6399702588855005, 4.6399702588855005, 4.6399702588855005, 4.6399702588855005, 4.6399702588855005, 4.6399702588855005, 4.6399702588855005, 4.6399702588855005, 4.6399702588855005, 4.6399702588855005, 4.6399702588855005, 4.6399702588855005, 4.6399702588855005, 4.6399702588855005, 4.6399702588855005, 4.6399702588855005, 4.640006744411396, 4.640175787972027, 4.640232952370905, 4.64029323479812, 4.640320374402852, 4.6403564782327065, 4.640591027413825, 4.640593752265918, 4.6409621465372535, 4.640965705785322, 4.641233847403038, 4.6413765954527735, 4.641464291679866, 4.641662347477542, 4.642304065504292]"
"5,10,10,50","[4.532719702545177, 4.534276690127794, 4.5344952429613, 4.534630859602823, 4.534910062787404, 4.535222069640405, 4.535262399503268, 4.535262399503268, 4.535318637945839, 4.5353896361804855, 4.535417896639264, 4.53555428497919, 4.535613118195415, 4.535613118195415, 4.535677218879884, 4.535679794402334, 4.535749508487853, 4.535796471902692, 4.535811083452568, 4.535811083452568, 4.535811083452568, 4.535825035785649, 4.53586632985491, 4.535918301657242, 4.5359314186767925, 4.5359642967488405, 4.535995434528243, 4.536018861967533, 4.536018861967533, 4.536018861967533, 4.536098218356018, 4.53612600672061, 4.536262323464582, 4.536289286185513, 4.53644367976099, 4.53646448891118, 4.536548098771264, 4.536601673359179, 4.536616421245017, 4.536801526512545, 4.536867129291085, 4.536883938490605, 4.536996034917935, 4.537047437946082, 4.5370613050529975, 4.537200599330838, 4.537220410778427, 4.537243724605031, 4.53724533314649, 4.539474162050354]"
"5,10,50,5","[4.501400279270672, 4.501770731351727, 4.501871154210409, 4.502054237023112, 4.502213249034821, 4.502329763752919, 4.502417644276289, 4.502515225594653, 4.502553943976246, 4.5025749687077985, 4.502704525339622, 4.502768822267635, 4.5028775911420755, 4.502882877485063, 4.503080881042433, 4.503080881042503, 4.503080881042577, 4.503080881042586, 4.503080881042587, 4.503080881042587, 4.503080881042592, 4.503080881042614, 4.5030808810426235, 4.5030808810426235, 4.5030808810426235, 4.5030808810426235, 4.50308088104263, 4.50308088104263, 4.50308088104263, 4.503080881042644, 4.503080881042644, 4.503080881042658, 4.503080881042664, 4.503080881042676, 4.503080881042678, 4.503261724862927, 4.503290540962132, 4.503325319427271, 4.503432410230647, 4.503442465041133, 4.503470444838801, 4.503482809091975, 4.503518067870915, 4.503542461998274, 4.503564268363947, 4.503696494227442, 4.503836485618591, 4.503984549534034, 4.504166137816642, 4.504250744733236]"
"5,10,50,10","[4.5498317409303155, 4.549989950328125, 4.550371096009727, 4.550491797648786, 4.550523319976966, 4.550587490688033, 4.550746941330763, 4.550810589068187, 4.550836494062015, 4.5508915815437065, 4.551091722245046, 4.551095977292387, 4.551096204690769, 4.551281894337885, 4.5513629128058435, 4.551388566577863, 4.5514237015598935, 4.551512596002053, 4.551512596002053, 4.551512596002054, 4.551512596002054, 4.551512596002054, 4.551512596002054, 4.551512596002054, 4.551512596002054, 4.551512596002055, 4.551512596002055, 4.551512596002055, 4.551512596002055, 4.551512596002055, 4.551512596002055, 4.551512596002055, 4.551512596002055, 4.551512596002055, 4.551512596002055, 4.551512596002055, 4.551512596002055, 4.55165313371798, 4.551723455839408, 4.55180789588202, 4.551993876596398, 4.552004218600466, 4.552131675894, 4.552165791252005, 4.552178313552934, 4.5521849376485015, 4.552302984570193, 4.552390369334752, 4.552950319436144, 4.553310264648191]"
"5,10,50,50","[4.999052917921918, 4.999220051734365, 4.9992400617253665, 4.999435335248288, 4.99947703756229, 4.999673730108746, 4.999674238570334, 4.999768161831047, 4.999807371599665, 4.99987813555536, 4.999929572080653, 4.999980142640109, 4.999982772578328, 4.999993471156912, 4.9999962265112, 5.0001458068748, 5.000193407553871, 5.000262063524609, 5.000262063524609, 5.000262063524609, 5.000262063524609, 5.000262063524609, 5.000262063524609, 5.000262063524609, 5.000262063524609, 5.000262063524609, 5.00026206352461, 5.00026206352461, 5.00026206352461, 5.00026206352461, 5.00026206352461, 5.00026206352461, 5.000262063524611, 5.000262063524611, 5.0003588709746785, 5.00042305182838, 5.000427493287588, 5.000469331724747, 5.000490868006721, 5.000605395236928, 5.000613418629098, 5.000634410310951, 5.000672171277898, 5.0008404267626645, 5.000855933267649, 5.000972786671398, 5.001192765970401, 5.001384800166112, 5.001390224367444, 5.0014646480305105]"
"5,50,5,5","[4.535224254163847, 4.535599494938295, 4.535609066331644, 4.535661905752073, 4.5356700437097865, 4.53597339564713, 4.536366661792794, 4.536383501754195, 4.536417068099085, 4.53645924772239, 4.536466133895797, 4.536466133895797, 4.536519377365501, 4.536522758268979, 4.536580814384104, 4.536581813026489, 4.536784801604698, 4.536784801604698, 4.536784801604698, 4.536784801604698, 4.536784801604698, 4.536784801604698, 4.536784801604698, 4.536784801604698, 4.536784801604698, 4.536784801604698, 4.536784801604698, 4.536784801604698, 4.536784801604698, 4.536784801604698, 4.536784801604698, 4.536795395509444, 4.53681394001586, 4.5368896142842905, 4.536918092727464, 4.5370052117152415, 4.537017175632303, 4.537026027440519, 4.537026027440519, 4.537026027440519, 4.537138736265791, 4.5374552168491675, 4.537714980705856, 4.537729560973104, 4.537792113417819, 4.537833552137372, 4.5381964609755565, 4.538335032916801, 4.538447073675089, 4.5391842624199095]"
"5,50,5,10","[4.672316349405639, 4.6732506961492115, 4.673458176139948, 4.67373476044028, 4.673791885401571, 4.673828750094427, 4.673861966453307, 4.673868235963322, 4.673915441496202, 4.673970428049664, 4.674010927687089, 4.674015072207323, 4.674206745249934, 4.674206745249934, 4.674206745249934, 4.674206745249934, 4.674206745249934, 4.674206745249934, 4.674206745249934, 4.674206745249934, 4.674206745249934, 4.674206745249934, 4.6742067452499345, 4.6742067452499345, 4.6742067452499345, 4.6742067452499345, 4.6742067452499345, 4.6742067452499345, 4.6742067452499345, 4.6742067452499345, 4.6742067452499345, 4.6742067452499345, 4.6742067452499345, 4.674233823186106, 4.67423895691819, 4.674253953514997, 4.674259196882036, 4.674389802364698, 4.674410309440681, 4.674482743259204, 4.674492809896425, 4.674608028346745, 4.67463023776537, 4.674683320317601, 4.674921049039606, 4.674953112472204, 4.675231859642325, 4.675260393421114, 4.675447799215558, 4.6755143833418025]"
"5,50,5,50","[5.237233270124467, 5.237557110125607, 5.237733233037908, 5.237944544499096, 5.237963022948829, 5.238095453502422, 5.238233850583913, 5.238445545268782, 5.238481612389629, 5.238502124747097, 5.238575277342937, 5.238685630234406, 5.238711665157152, 5.238773146124959, 5.2387943677193345, 5.23881375309565, 5.238818111354824, 5.238846682887765, 5.2389683614846945, 5.239056430627394, 5.239115599583106, 5.239153467530677, 5.239161618513483, 5.239212518415854, 5.2392974100237515, 5.2393067051107, 5.2393067051107, 5.2393067051107, 5.2393067051107, 5.2393067051107005, 5.2393067051107005, 5.2393067051107005, 5.239370424661744, 5.239379363956435, 5.239393416578001, 5.239513777181169, 5.239650479553489, 5.239743523735338, 5.239989240762539, 5.240023387577284, 5.240095821055234, 5.24030023053247, 5.240307967806838, 5.240396261375379, 5.240506083014554, 5.240644614326138, 5.2407973250569135, 5.240975910556739, 5.241124738109477, 5.2413453390323115]"
"5,50,10,5","[4.671294630715852, 4.671480304881431, 4.671728864807846, 4.671922092803868, 4.672167704146731, 4.672182701638857, 4.672244540650703, 4.672331547579905, 4.672350217870018, 4.672376916057159, 4.672388203211403, 4.672402951052792, 4.672500766377038, 4.672548441460721, 4.67255865250788, 4.672598813251988, 4.672655320347073, 4.672718283233309, 4.67271828323331, 4.67271828323331, 4.67271828323331, 4.67271828323331, 4.67271828323331, 4.672718283233311, 4.672718283233311, 4.672718283233311, 4.672718283233311, 4.672718283233311, 4.672718283233311, 4.672718283233311, 4.672718283233311, 4.672718283233311, 4.672718283233311, 4.672718283233311, 4.672718283233311, 4.672718283233311, 4.672718283233311, 4.672777962426678, 4.67277912163849, 4.672821910123699, 4.673049975719109, 4.6730987543965545, 4.6731841222975365, 4.6732324792234605, 4.67345563135991, 4.67353663550511, 4.6737076381290965, 4.673849344386649, 4.674075035378541, 4.674292113494945]"
"5,50,10,10","[4.917059444185567, 4.917727710696527, 4.917864232240558, 4.917880371204124, 4.917962907445542, 4.918318876004471, 4.918342800748621, 4.918359985260776, 4.9183775145578865, 4.918404777090892, 4.9184854032341185, 4.9184854032341185, 4.9184854032341185, 4.9184854032341185, 4.918485403234119, 4.918485403234119, 4.91848540323412, 4.91848540323412, 4.918485403234121, 4.918485403234121, 4.918485403234121, 4.918485403234122, 4.918485403234123, 4.918485403234123, 4.918485403234123, 4.918485403234124, 4.918485403234124, 4.918485403234126, 4.9184854032341265, 4.9184854032341265, 4.9184854032341265, 4.9184854032341265, 4.9184854032341265, 4.918485403234127, 4.918485403234127, 4.918485403234128, 4.918485403234131, 4.918651811998308, 4.918749184940747, 4.918759498659876, 4.918761550870633, 4.919025980411224, 4.919126185850619, 4.919210722099639, 4.919252591049679, 4.919302532769472, 4.919335550317605, 4.919446177420969, 4.919573959791168, 4.919777381511758]"
"5,50,10,50","[5.025237085392342, 5.025614637386143, 5.026050248138782, 5.026476486022999, 5.02651726948199, 5.026579572513737, 5.026693707151685, 5.026716826484969, 5.026757123964055, 5.026860394108818, 5.027058453089575, 5.0271547570291535, 5.027170360295694, 5.027185892817388, 5.027291451530772, 5.027305329160831, 5.027305329160831, 5.027305329160831, 5.027305329160832, 5.027305329160832, 5.027305329160832, 5.027305329160832, 5.027305329160832, 5.027305329160832, 5.027305329160832, 5.027305329160832, 5.027305329160832, 5.027305329160832, 5.027305329160832, 5.027305329160832, 5.027305329160832, 5.027305329160832, 5.027305329160832, 5.027305329160833, 5.027305329160834, 5.027305329160834, 5.027329306020524, 5.027362744318449, 5.027364999059692, 5.027398253623598, 5.02758254532701, 5.027640212642233, 5.027788820794739, 5.027807043832732, 5.027876616167718, 5.027998974798937, 5.028196285792624, 5.028284431430793, 5.028302680073244, 5.028462256772385]"
"5,50,50,5","[4.986489884751973, 4.987450940851277, 4.98782323668805, 4.988052504063934, 4.988391760177672, 4.988540547623618, 4.988587601520936, 4.988599211476342, 4.988669978624532, 4.988794209605913, 4.988868641373495, 4.988917764306379, 4.989041226426388, 4.989106318377614, 4.98912313939067, 4.98921365699614, 4.9892146521752405, 4.989214652175253, 4.989214652175254, 4.989214652175275, 4.989214652175275, 4.989214652175281, 4.989214652175297, 4.989214652175302, 4.989214652175303, 4.989214652175303, 4.989214652175303, 4.989214652175307, 4.989214652175312, 4.989214652175312, 4.989214652175313, 4.98921465217532, 4.989214652175321, 4.989214652175323, 4.98921465217533, 4.989241680616883, 4.989250335246839, 4.989321864037281, 4.989379889962585, 4.989453383182357, 4.989488554098302, 4.9895327987743885, 4.989633805948406, 4.989651796689582, 4.98978359573017, 4.990053985703063, 4.990120546806591, 4.990326696141985, 4.990333904304057, 4.990587468350974]"
"5,50,50,10","[4.426026348399828, 4.427182516452849, 4.427648058256912, 4.427737537440766, 4.427777442458171, 4.4278239608898495, 4.427827122240642, 4.42787790462102, 4.427984057820704, 4.428087411210201, 4.428308182687681, 4.428365407507985, 4.428445495440331, 4.428526297797788, 4.428561377239301, 4.428561377239302, 4.428561377239306, 4.428561377239323, 4.4285613772393315, 4.428561377239345, 4.428561377239353, 4.428561377239359, 4.428561377239364, 4.428561377239364, 4.428561377239364, 4.428561377239366, 4.428561377239368, 4.428561377239371, 4.428561377239381, 4.428561377239389, 4.428561377239397, 4.428595411792867, 4.428613443603675, 4.428628979580735, 4.428647744630848, 4.42865763423957, 4.428675058947153, 4.428806164430103, 4.428807725689866, 4.428813490723261, 4.429016269156254, 4.4290177964420145, 4.429125460332276, 4.429164968259967, 4.429241213484999, 4.429467438298077, 4.429570321941446, 4.429714673816304, 4.430039521865891, 4.430578371441595]"
"5,50,50,50","[4.8584804355400095, 4.858786429072206, 4.859266167608729, 4.859272373509352, 4.859602846987985, 4.859727561747223, 4.859770694493339, 4.859833061025003, 4.859870780769103, 4.859882044666148, 4.859891172737079, 4.8601006645653175, 4.860100664565332, 4.860100664565332, 4.8601006645653335, 4.8601006645653335, 4.8601006645653335, 4.8601006645653335, 4.8601006645653335, 4.8601006645653335, 4.8601006645653335, 4.8601006645653335, 4.8601006645653335, 4.8601006645653335, 4.8601006645653335, 4.8601006645653335, 4.8601006645653335, 4.8601006645653335, 4.8601006645653335, 4.8601006645653335, 4.8601006645653335, 4.8601006645653335, 4.860100664565338, 4.860100664565338, 4.860100664565352, 4.8601006645653575, 4.860100664565365, 4.860257804645663, 4.8602990190532, 4.860304055761406, 4.860314206521454, 4.860368953986645, 4.860428646515097, 4.8604375826004915, 4.860845954280946, 4.860865974246501, 4.861029289462686, 4.861329538392353, 4.861462833537298, 4.861467186493269]"
"10,5,5,5","[5.29882081208773, 5.2989566525359875, 5.298977255969986, 5.2990878255055724, 5.299304641069885, 5.299361245763865, 5.2994322543753505, 5.299516495739201, 5.299529137267045, 5.2995440726786205, 5.29958162724798, 5.299651223276018, 5.299651223276018, 5.299651223276018, 5.299651223276018, 5.299651223276018, 5.299651223276018, 5.299651223276018, 5.299651223276018, 5.299651223276018, 5.299651223276018, 5.299651223276018, 5.299651223276018, 5.299651223276019, 5.299651223276019, 5.299651223276019, 5.299651223276019, 5.299651223276019, 5.299651223276019, 5.29965122327602, 5.29981506121696, 5.299890180883639, 5.299900699787778, 5.299973993185376, 5.300062605582766, 5.300068840836048, 5.300072839311723, 5.300174480991412, 5.300185411424703, 5.3003310471735965, 5.300375311301588, 5.300405447942255, 5.3004329662692315, 5.300446739988424, 5.300495623518137, 5.300749021819039, 5.300801311819848, 5.300841836147312, 5.300904917412299, 5.301062579749372]"
"10,5,5,10","[4.490458560222881, 4.490520668733682, 4.4907092966495386, 4.490836167744995, 4.491185529946685, 4.491286660652579, 4.491394954903502, 4.4913949549035035, 4.4913949549035035, 4.4913949549035035, 4.4913949549035035, 4.491394954903504, 4.491394954903504, 4.491394954903504, 4.491394954903504, 4.491394954903504, 4.491394954903504, 4.491394954903504, 4.491394954903504, 4.491394954903504, 4.491394954903504, 4.491394954903505, 4.491394954903505, 4.491394954903505, 4.491394954903505, 4.491394954903505, 4.491394954903505, 4.491394954903505, 4.491463046705125, 4.49149936709009, 4.4915620429323555, 4.491698314082397, 4.491785460704969, 4.491865368405857, 4.491888958616026, 4.491912454844473, 4.491932721200023, 4.491959475192766, 4.492056131000301, 4.492151633119902, 4.492170089527462, 4.492319373057898, 4.492368470767925, 4.49251571493276, 4.492542617040482, 4.49262262972962, 4.4927022850561285, 4.492757454141428, 4.492765410433024, 4.493127503031581]"
"10,5,5,50","[4.652565866198649, 4.652677972860343, 4.652839560479121, 4.653113010329031, 4.6532024990905345, 4.653241852575033, 4.6532669504738475, 4.653357141984892, 4.65352238670528, 4.6537065634188455, 4.65380292863767, 4.65387854141654, 4.653991641959567, 4.654074268134401, 4.654074268134403, 4.654074268134403, 4.654074268134403, 4.654074268134403, 4.654074268134403, 4.654074268134403, 4.654074268134404, 4.654074268134405, 4.654074268134405, 4.654074268134405, 4.654074268134405, 4.654074268134405, 4.654074268134405, 4.654074268134405, 4.654074268134405, 4.654074268134405, 4.654074268134405, 4.654074268134405, 4.654074268134406, 4.654074268134406, 4.654074268134407, 4.6540742681344085, 4.654158113055657, 4.654262418899199, 4.654454008173156, 4.654480532305266, 4.6545606760514575, 4.654583906321392, 4.65458680936506, 4.654623942512025, 4.654706444966388, 4.655038561457011, 4.655039227707672, 4.655049870238463, 4.655134578090349, 4.65524081830527]"
"10,5,10,5","[4.451772278206874, 4.452070467826496, 4.452335202310665, 4.4523485407712196, 4.452450148565936, 4.452458961266446, 4.452550392256826, 4.452579954453816, 4.45261658309467, 4.452668784788396, 4.4526865471644115, 4.452688007700611, 4.452688768853411, 4.452744825766177, 4.45278705461947, 4.4527870546194706, 4.4527870546194706, 4.4527870546194706, 4.4527870546194706, 4.4527870546194706, 4.4527870546194706, 4.4527870546194706, 4.4527870546194706, 4.4527870546194706, 4.4527870546194706, 4.4527870546194706, 4.4527870546194706, 4.4527870546194706, 4.4527870546194706, 4.452787054619471, 4.452790386739698, 4.452846484702484, 4.4529698811366805, 4.453105699999612, 4.453110794065771, 4.453129096642176, 4.453147570535473, 4.453188265055764, 4.453200491763073, 4.453292907120292, 4.453300971276853, 4.453329545464181, 4.453543792247626, 4.453572101002707, 4.453706550710309, 4.453746981796135, 4.4537485140420445, 4.453756545107324, 4.454386602924364, 4.455075751128817]"
"10,5,10,10","[4.5033709925512975, 4.504611050708174, 4.504735754490973, 4.505631946402758, 4.505717862655519, 4.506257790821758, 4.506329928990723, 4.507787734003078, 4.508172521544279, 4.508709300153015, 4.508728610603215, 4.509095167956063, 4.509724393555973, 4.5100128291943955, 4.51112722096824, 4.511705430660573, 4.511753687203284, 4.512507063354757, 4.513147593050929, 4.513237437821479, 4.513237437821479, 4.513989864733431, 4.5146528395498375, 4.514673798292457, 4.5149156026145425, 4.515039963030206, 4.515157706043039, 4.515713151118262, 4.516525479110395, 4.517371636647697, 4.51753182062328, 4.517609198039982, 4.517962852915107, 4.5181388162090235, 4.518493712578228, 4.518829288667369, 4.518959971294296, 4.519134774286383, 4.519141950335415, 4.519627757338531, 4.5196305505056, 4.519662231093517, 4.519670177171003, 4.51973680899182, 4.51973680899182, 4.520631337740181, 4.522197595163638, 4.5256914172935545, 4.527335504816863, 4.527965874856818]"
"10,5,10,50","[4.604932123784775, 4.605655465644719, 4.605956562447657, 4.605975941591794, 4.605992984244895, 4.606051855655278, 4.6061035516002455, 4.606134258282299, 4.606188674803169, 4.606222030203116, 4.606372575042683, 4.606374225030266, 4.606388436994219, 4.606569919653771, 4.606569944894434, 4.606581954939093, 4.606688946856664, 4.606688946856668, 4.60668894685667, 4.60668894685667, 4.60668894685667, 4.60668894685667, 4.60668894685667, 4.60668894685667, 4.6066889468566705, 4.606688946856671, 4.606688946856672, 4.606688946856672, 4.606688946856673, 4.606688946856675, 4.606688946856676, 4.6066889468566785, 4.606688946856679, 4.606688946856681, 4.606688946856682, 4.606688946856682, 4.606688946856684, 4.606688946856684, 4.606709269989519, 4.606713633974157, 4.606830978532742, 4.606834045437214, 4.606919248079075, 4.60693725962627, 4.60696603779711, 4.607002989812327, 4.607371718277642, 4.607822221328924, 4.607905529936386, 4.608230336359008]"
"10,5,50,5","[4.740583693789024, 4.740715664553116, 4.7407607869512045, 4.74084932733133, 4.7408517217077994, 4.740877850689472, 4.740946109506975, 4.741067652458175, 4.741086880741011, 4.7410945024021265, 4.741129212776186, 4.741164881693261, 4.741250259757377, 4.741329577791828, 4.741386688503074, 4.741386688503079, 4.741386688503081, 4.741386688503081, 4.741386688503081, 4.741386688503083, 4.741386688503083, 4.741386688503084, 4.741386688503084, 4.741386688503085, 4.741386688503085, 4.741386688503085, 4.741386688503085, 4.741386688503085, 4.741386688503086, 4.741386688503086, 4.741386688503088, 4.741386688503088, 4.7413866885030895, 4.7413866885030895, 4.74138668850309, 4.74138668850309, 4.741386688503095, 4.7413866885030975, 4.741512270392266, 4.741642115430801, 4.741731904516595, 4.7419013100961305, 4.742014320088263, 4.74216825848697, 4.742218438341456, 4.742303010675303, 4.742614956125723, 4.742688701887998, 4.7430232114041795, 4.743223989847109]"
"10,5,50,10","[4.627519190596494, 4.627615957067309, 4.627686178083894, 4.627735896735413, 4.627760004624343, 4.6277639764416705, 4.6277639764416705, 4.627799143109695, 4.62796058877314, 4.628109560783371, 4.628156121139608, 4.628196543042651, 4.628275435417675, 4.62829589069672, 4.628360151125958, 4.6283645705515655, 4.628381062235506, 4.628410343435035, 4.628410343435035, 4.628410343435035, 4.628410343435035, 4.6284103434350365, 4.6284103434350365, 4.6284103434350365, 4.628410343435037, 4.628410343435038, 4.628410343435038, 4.628410343435038, 4.628410343435038, 4.628410343435038, 4.628410343435038, 4.628410343435038, 4.628410343435038, 4.628410343435038, 4.628410343435038, 4.628410343435038, 4.628410343435038, 4.628410343435038, 4.62841034343504, 4.628410343435042, 4.62843722576557, 4.62867413926392, 4.6286987615356, 4.628862801565801, 4.628872487520882, 4.629086556679751, 4.629136616793847, 4.629739351850935, 4.63010665888794, 4.630123784295238]"
"10,5,50,50","[4.976948528273826, 4.979221143447525, 4.979383935987556, 4.979544290750088, 4.979604580739085, 4.979831992412764, 4.979909169009156, 4.97994862318318, 4.980011318855619, 4.98001223321273, 4.9800208892690065, 4.9800246845223315, 4.980070212273903, 4.980190601431411, 4.98019865783427, 4.980286519636352, 4.980286519636353, 4.980286519636354, 4.980286519636354, 4.980286519636354, 4.980286519636354, 4.980286519636354, 4.980286519636354, 4.980286519636354, 4.980286519636354, 4.980286519636355, 4.980286519636355, 4.980286519636356, 4.980286519636356, 4.980286519636356, 4.980286519636357, 4.980286519636357, 4.980286519636357, 4.9802865196363575, 4.980286519636358, 4.980343262171684, 4.980376437206411, 4.9803798856509705, 4.980417120947408, 4.980460415632612, 4.9807020065025265, 4.980707190876309, 4.980833844956179, 4.981018698403435, 4.981033484562829, 4.981136360564625, 4.981177651413978, 4.981182074268816, 4.981355113068802, 4.981838787383026]"
"10,10,5,5","[4.829823134623464, 4.830473144256486, 4.830535073767213, 4.8306170138393165, 4.830687398844984, 4.830720752898829, 4.830838344040334, 4.83091498562661, 4.830932554278755, 4.831029739441515, 4.831030842566531, 4.831102288088851, 4.83110642000732, 4.8311595413990505, 4.831216149780719, 4.831226963562465, 4.83122932249784, 4.831258034642748, 4.831343097476223, 4.8313657019799425, 4.831446926968543, 4.831446926968544, 4.831446926968544, 4.831446926968544, 4.831446926968544, 4.831446926968544, 4.831446926968544, 4.831446926968544, 4.831446926968545, 4.831446926968545, 4.831446926968545, 4.83145656429046, 4.8314662387141745, 4.831528030555127, 4.831548328336325, 4.8315936187368, 4.831714270243125, 4.831796386469695, 4.831835851539843, 4.831883103750008, 4.831890467257751, 4.831992257088483, 4.832080910234771, 4.832181038514093, 4.8322271008371045, 4.832476978026338, 4.832566650577448, 4.832669374514818, 4.832995581578415, 4.833143634444154]"
"10,10,5,10","[4.6063240135449774, 4.606629223331588, 4.606815863565408, 4.606995580041467, 4.607023196674884, 4.607063036758216, 4.607267322019389, 4.6074543200536935, 4.607580942563934, 4.607609349002036, 4.60776510398776, 4.607766810734679, 4.60780169403537, 4.60780169403537, 4.607801694035372, 4.6078016940353725, 4.607801694035374, 4.607801694035374, 4.607801694035375, 4.607801694035375, 4.607801694035375, 4.607801694035375, 4.607801694035375, 4.607801694035375, 4.607801694035376, 4.607801694035376, 4.607801694035376, 4.607801694035376, 4.607801694035376, 4.607801694035377, 4.60780169403538, 4.6078016940353805, 4.6078016940353805, 4.6078016940353805, 4.607801694035381, 4.607813032200912, 4.607926489366689, 4.608035712926913, 4.6080831542153495, 4.608135621987154, 4.608191289251104, 4.6082206770002845, 4.608378513035799, 4.6084353769913715, 4.608492518146672, 4.60857661954913, 4.6086193887460425, 4.608831803456554, 4.609830768038893, 4.610256404523447]"
"10,10,5,50","[5.096699727281258, 5.103296067445316, 5.105047725478909, 5.106617994603518, 5.106760953497951, 5.107799600893815, 5.108214839296311, 5.108391886685976, 5.109325877345352, 5.109325877345352, 5.1096789303430254, 5.1098760024476775, 5.10998606371809, 5.109994117495529, 5.110320585540583, 5.110377996645363, 5.110535280612407, 5.110724646302249, 5.111762060501757, 5.1120132186828, 5.112269489063403, 5.112515959508415, 5.112982809055052, 5.113139755795453, 5.1137991665128535, 5.113817739321507, 5.113824660872487, 5.114267507570439, 5.114327874553935, 5.114493042407963, 5.114566477144493, 5.114700011969178, 5.115347765771134, 5.11551734831381, 5.116255177964065, 5.1167922521984766, 5.117102700459042, 5.117495904808488, 5.117803428222168, 5.1179196160512985, 5.1181321491500835, 5.118281092822527, 5.11906075264916, 5.119416508543571, 5.120371330062362, 5.121234595897498, 5.122018883078816, 5.122316855672448, 5.126206053892614, 5.129810608325963]"
"10,10,10,5","[4.685570383444661, 4.686600929731047, 4.686635695004885, 4.686921697593608, 4.686998459465369, 4.6870231028904605, 4.687031699002084, 4.6870508799405215, 4.687120349997277, 4.687165275797332, 4.687205577255371, 4.687240345077956, 4.687313909987236, 4.687381579839064, 4.687388591267382, 4.6874266741730235, 4.6875302361197235, 4.6875302361197235, 4.687530236119724, 4.687530236119724, 4.687530236119724, 4.687530236119724, 4.687530236119726, 4.687530236119726, 4.687530236119728, 4.687530236119728, 4.687530236119731, 4.6875302361197315, 4.6875302361197315, 4.687530236119732, 4.687530236119732, 4.687530236119732, 4.687530236119732, 4.687530236119732, 4.687530236119732, 4.687530236119736, 4.687530236119739, 4.687641218173452, 4.68764720638565, 4.68769837149737, 4.687721848595396, 4.6878900260876755, 4.688032163127814, 4.6880635369025585, 4.6880778192263755, 4.688387748379383, 4.688467075521632, 4.688604401157542, 4.688653529097899, 4.689196682859894]"
"10,10,10,10","[4.355974457016246, 4.356328783360981, 4.356385297629382, 4.356706111454769, 4.356870759382375, 4.357034424286616, 4.357240317961547, 4.3572449454536635, 4.357330150953181, 4.357341173342357, 4.357342275820832, 4.35734952936928, 4.357361591261099, 4.357463244974518, 4.357477021827103, 4.357490464262408, 4.357498394571761, 4.357558059325772, 4.357568113099643, 4.357570323595934, 4.357570323595934, 4.357570323595934, 4.357570323595934, 4.357570323595934, 4.357570323595934, 4.357570323595934, 4.357570323595934, 4.357570323595934, 4.3575931210511, 4.357599975165737, 4.35767270869062, 4.357709746809925, 4.3577527457640155, 4.357778562741824, 4.357884786557503, 4.357884786557503, 4.357992809665424, 4.357994724013777, 4.357996030014899, 4.3580474232707, 4.358087829688859, 4.3581195384827245, 4.358153536675081, 4.35815808396142, 4.3582556233584935, 4.358377492456802, 4.35840069775479, 4.358935742671301, 4.359069351419307, 4.359279092223956]"
"10,10,10,50","[4.852270353316534, 4.853004280045721, 4.85304391581205, 4.853352363972181, 4.853366248018329, 4.853453526828642, 4.85346034754559, 4.853634864688575, 4.85364161734428, 4.853642979826807, 4.853651461593824, 4.853694140049525, 4.853792611825433, 4.853802285496592, 4.8538741277488615, 4.853877607250389, 4.853880900087078, 4.853880900087078, 4.853880900087078, 4.853880900087084, 4.853880900087084, 4.853880900087086, 4.853880900087086, 4.853880900087089, 4.853880900087092, 4.853880900087092, 4.853880900087092, 4.853880900087092, 4.853880900087095, 4.853880900087095, 4.853880900087097, 4.853880900087097, 4.853880900087102, 4.853880900087105, 4.853880900087105, 4.853880900087105, 4.853880900087119, 4.853881301349339, 4.85388529903971, 4.853914646710279, 4.853930135645785, 4.853997151909067, 4.854021590833358, 4.854076602216504, 4.854123890877537, 4.854314869897178, 4.8546802138305285, 4.85474101118137, 4.854769329163873, 4.855053965145918]"
"10,10,50,5","[4.851884567688725, 4.85205282175709, 4.852303009738994, 4.852322149138048, 4.852583134419913, 4.852805167078611, 4.852900567582521, 4.8529122648094924, 4.852912296327256, 4.852912296327256, 4.852912296327256, 4.852912296327256, 4.852912296327256, 4.852912296327256, 4.852912296327256, 4.852912296327256, 4.852912296327257, 4.852912296327257, 4.852912296327257, 4.852912296327257, 4.852912296327258, 4.852912296327258, 4.852912296327258, 4.852912296327258, 4.852912296327258, 4.852912296327258, 4.852912296327258, 4.852912296327258, 4.852912296327258, 4.85291229632726, 4.85291229632726, 4.852912296327261, 4.852912296327262, 4.852912296327262, 4.852912296327262, 4.852948902337258, 4.852950907392848, 4.852984806145829, 4.853011893081189, 4.853121136130634, 4.853135846935961, 4.853193339472018, 4.853300556458603, 4.853397063164539, 4.853424360306476, 4.853453817080927, 4.853586307460198, 4.853593768136283, 4.853621939075612, 4.8542855892699315]"
"10,10,50,10","[4.534244421255044, 4.5346338621020434, 4.534652277882554, 4.53497106987867, 4.535101065497428, 4.535106305312846, 4.535117756565547, 4.535364488322691, 4.535397353309185, 4.535430629074691, 4.535473571918919, 4.535622946432663, 4.535653362290024, 4.5356672749773805, 4.5356672749773805, 4.5356672749773805, 4.5356672749773805, 4.5356672749773805, 4.5356672749773805, 4.5356672749773805, 4.5356672749773805, 4.5356672749773805, 4.535667274977381, 4.535667274977381, 4.535667274977381, 4.535667274977381, 4.535667274977381, 4.535667274977381, 4.535667274977381, 4.535667274977381, 4.535667274977381, 4.535667274977381, 4.535667274977381, 4.535667274977381, 4.535667274977382, 4.535724502807768, 4.5358074898207885, 4.535828675607682, 4.535979899874856, 4.535992798572354, 4.536140375091232, 4.536147281639794, 4.536199321525118, 4.536199718192757, 4.536361771118202, 4.536413819456039, 4.5365852019301, 4.537053823413341, 4.5373689152494245, 4.538138992031916]"
"10,10,50,50","[4.8997944820040376, 4.899977782614895, 4.900222078492538, 4.900226961670469, 4.90046201485135, 4.900506383170642, 4.900633159334097, 4.900784272413484, 4.900795012345301, 4.900815218916585, 4.900815218916585, 4.900815218916585, 4.900815218916585, 4.900835621490869, 4.900873986143904, 4.900914608578652, 4.900958448886497, 4.901150287170535, 4.901209382397482, 4.901361924557276, 4.901361924557276, 4.901361924557276, 4.901361924557276, 4.901361924557276, 4.901361924557276, 4.901361924557276, 4.901361924557276, 4.901361924557276, 4.901361924557276, 4.901361924557276, 4.901361924557276, 4.901361924557277, 4.901361924557277, 4.901361924557277, 4.901361924557277, 4.901361924557277, 4.901361924557277, 4.90143041923246, 4.901518745536618, 4.901543984139764, 4.901585301871325, 4.901591287843663, 4.901624779523356, 4.901667597847378, 4.9016729749935, 4.901748153395337, 4.901802941314142, 4.901898078954799, 4.901950628546737, 4.902677323649258]"
"10,50,5,5","[5.02003542558215, 5.020774106879333, 5.021049520787134, 5.021120087650186, 5.021417057260423, 5.021569485044522, 5.0215766971493645, 5.021738853073797, 5.021783321306819, 5.021825048109702, 5.021903727540951, 5.021906035460265, 5.021913232633788, 5.02197492203765, 5.021992936908758, 5.022108466122763, 5.0221659997254, 5.022244951269548, 5.0223588696472765, 5.0223588696472765, 5.0223588696472765, 5.0223588696472765, 5.0223588696472765, 5.0223588696472765, 5.0223588696472765, 5.0223588696472765, 5.0223588696472765, 5.0223588696472765, 5.0223588696472765, 5.0223588696472765, 5.0223588696472765, 5.0223588696472765, 5.0223588696472765, 5.0223588696472765, 5.0224151259001015, 5.022478261936638, 5.022523708074318, 5.0225846374502545, 5.022648696384411, 5.022648696384411, 5.022706069259023, 5.022913136501625, 5.022931714959691, 5.023244888405381, 5.023322690051879, 5.023324382476975, 5.023526822297302, 5.02355258460992, 5.0239315503735575, 5.024009317868185]"
"10,50,5,10","[5.17956438144839, 5.179759931621402, 5.179767791564134, 5.18004353126759, 5.180046574596471, 5.180152792199139, 5.180268142402496, 5.180297412236629, 5.180307258567535, 5.180376313771858, 5.180400847104665, 5.180454832313606, 5.180492072571663, 5.180512486403064, 5.180517986072349, 5.180598706260599, 5.180615733038877, 5.180667073486803, 5.180691353487426, 5.180691353487427, 5.180691353487431, 5.180691353487435, 5.180691353487435, 5.180691353487435, 5.180691353487438, 5.180691353487439, 5.180691353487439, 5.180691353487447, 5.180691353487447, 5.1806913534874495, 5.180691353487455, 5.180691353487467, 5.18069135348747, 5.180691353487471, 5.180691353487472, 5.180691353487479, 5.180691353487479, 5.180691353487479, 5.180691353487479, 5.180691353487483, 5.180790412636344, 5.18079737904195, 5.180952370544507, 5.181095213428424, 5.181095367286231, 5.181185673852444, 5.181339752144886, 5.181490537651482, 5.181577110876487, 5.181599345740604]"
"10,50,5,50","[4.808480376208155, 4.8098353077332305, 4.81075211548524, 4.810834591847535, 4.811044797162289, 4.8111506936547155, 4.81142235634259, 4.811426000739286, 4.811436457497627, 4.811444176232214, 4.811490920736356, 4.811600796376427, 4.811647637254234, 4.811653218537053, 4.811653218537053, 4.811653218537053, 4.811729820926761, 4.811729820926761, 4.811814019405485, 4.811870335370177, 4.811870335370177, 4.811870335370177, 4.811905439387541, 4.811910289392149, 4.811924295780414, 4.811931242225653, 4.811931242225653, 4.812019055875705, 4.812033442251183, 4.812049248616556, 4.812168712384927, 4.812242484556021, 4.812252717661884, 4.81231062856194, 4.81234144006226, 4.81234386774421, 4.812564628025032, 4.812623914037107, 4.8126788446754984, 4.8126808129515055, 4.812718503022799, 4.813034278986566, 4.813318561005345, 4.813479410369566, 4.813482117329753, 4.813491350599429, 4.813491350599429, 4.813637793531294, 4.813830865282837, 4.814804398865619]"
"10,50,10,5","[4.623711613355729, 4.624051016753227, 4.624097753887197, 4.624497597669503, 4.624819077059217, 4.624965620646594, 4.624991535760501, 4.624998811063598, 4.625122312796338, 4.6252140587288855, 4.625311862222108, 4.625323970813225, 4.625408304581307, 4.625463065376581, 4.625463065376582, 4.625463065376582, 4.625463065376582, 4.625463065376582, 4.625463065376583, 4.625463065376583, 4.625463065376584, 4.625463065376584, 4.625463065376585, 4.625463065376585, 4.625463065376585, 4.625463065376585, 4.625463065376585, 4.625463065376585, 4.625463065376586, 4.625463065376586, 4.625463065376586, 4.625463065376586, 4.625463065376587, 4.625463065376588, 4.625535816017841, 4.625549861038756, 4.625613881477104, 4.625689190946989, 4.6258781533303415, 4.6259539379815315, 4.6259629801834725, 4.626032424197877, 4.626136803573029, 4.626151151775938, 4.626172839092907, 4.626408242494452, 4.62646469806973, 4.626833000032921, 4.6268362105895715, 4.627067310120799]"
"10,50,10,10","[4.783023495166046, 4.783700964829442, 4.783871333540881, 4.783981652670098, 4.784873959462387, 4.7849045752104145, 4.784930732263438, 4.785039896462031, 4.785326041325406, 4.785353734673739, 4.785659293067319, 4.7856812698616435, 4.785724932070038, 4.7859669469752175, 4.7859669469752175, 4.7859669469752175, 4.786097482530598, 4.786156700804157, 4.786191339020229, 4.786238371168085, 4.786387649595116, 4.786499247812261, 4.786558427172466, 4.786574013886095, 4.7865747908914695, 4.786603087844855, 4.786610449942374, 4.786616732958536, 4.786635428209505, 4.786642270372008, 4.786651805017081, 4.786670209765185, 4.786697619622172, 4.786727544648875, 4.78678403236152, 4.786851456566485, 4.786851456566485, 4.786861642764805, 4.786862985195338, 4.786862985195338, 4.78694380037672, 4.78708860959798, 4.787193854782844, 4.787249154877045, 4.787444089613643, 4.787677206909568, 4.78783778992431, 4.788138767719763, 4.788185190908569, 4.788838443792422]"
"10,50,10,50","[4.636562391807222, 4.636737459135117, 4.637058523047289, 4.637084115288075, 4.637272918896025, 4.637388363057131, 4.6374188324759045, 4.6374211354672665, 4.637446153502392, 4.637457194632074, 4.637474795990552, 4.637561532018413, 4.637675169541535, 4.637698269067514, 4.6378806106965484, 4.637882746937667, 4.637888084040545, 4.637960810291435, 4.6379805682850295, 4.638007117594113, 4.638028923786909, 4.6381373328417395, 4.6381373328417395, 4.6381373328417395, 4.6381373328417395, 4.6381373328417395, 4.6381373328417395, 4.6381373328417395, 4.6381373328417395, 4.6381373328417395, 4.6381373328417395, 4.6381373328417395, 4.6381373328417395, 4.6381373328417395, 4.6381373328417395, 4.6381373328417395, 4.6381373328417395, 4.6381373328417395, 4.6381373328417395, 4.6381373328417395, 4.6381373328417395, 4.6381373328417395, 4.6381373328417395, 4.6381373328417395, 4.6381373328417395, 4.638277905389266, 4.638534213729813, 4.6388025908279795, 4.639404033212048, 4.639459390328451]"
"10,50,50,5","[4.540510453350837, 4.541558268755512, 4.5416859987752005, 4.541696666074964, 4.5418923831856635, 4.541916283782098, 4.541993931626299, 4.54209247064574, 4.542124382079121, 4.542260643350293, 4.542263311141528, 4.542283052291147, 4.5423167902756125, 4.54234452786296, 4.542385881121319, 4.542432639441942, 4.542432639441942, 4.542432639441942, 4.542432639441942, 4.542432639441942, 4.542432639441942, 4.542432639441942, 4.542432639441942, 4.542432639441942, 4.542432639441942, 4.542432639441942, 4.542432639441942, 4.542432639441942, 4.542432639441942, 4.542432639441942, 4.542432639441942, 4.542432639441942, 4.542432639441942, 4.542432639441942, 4.542432639441942, 4.542451493174957, 4.542465937505984, 4.542569871696104, 4.542572964442795, 4.54262518294041, 4.54262518294041, 4.542626160546743, 4.542739560967439, 4.542831900680593, 4.542924014955847, 4.543328655418625, 4.54333659483888, 4.543376917610143, 4.543422380170655, 4.54385137316455]"
"10,50,50,10","[5.099362161177293, 5.100289546254476, 5.10030650191327, 5.100383149730004, 5.100439006488964, 5.100447152183296, 5.100705403960498, 5.100799857605404, 5.100904651392974, 5.100947734580737, 5.101166246353221, 5.1012148776473545, 5.101214877647355, 5.101214877647355, 5.101214877647355, 5.101214877647355, 5.101214877647355, 5.101214877647355, 5.101214877647355, 5.101214877647355, 5.101214877647355, 5.101214877647355, 5.101214877647355, 5.101214877647355, 5.101214877647355, 5.101214877647355, 5.101214877647355, 5.101214877647355, 5.101214877647355, 5.101214877647356, 5.101214877647356, 5.101214877647356, 5.101214877647356, 5.101214877647357, 5.101219223144738, 5.101294240653525, 5.101427491651624, 5.101442209100184, 5.101463277349635, 5.101639763240737, 5.101743272855962, 5.101758596318072, 5.1017772427921555, 5.101792620086418, 5.102218140213493, 5.102443467544084, 5.102645373730767, 5.102712863615057, 5.102842443439975, 5.104475036202325]"
"10,50,50,50","[5.101501606512616, 5.102019108247131, 5.102385269765732, 5.102431691713944, 5.102616496550086, 5.102661488586279, 5.102816888625552, 5.102873517635872, 5.103066387331387, 5.103066724876651, 5.103210654495962, 5.103247415242871, 5.1033272639463565, 5.103327840199175, 5.103391665261132, 5.103391702088253, 5.1034016815507925, 5.103482585397872, 5.103498691621082, 5.103696582624604, 5.103723263992956, 5.103723263992956, 5.103723263992956, 5.103723263992956, 5.103723263992956, 5.103723263992956, 5.103723263992957, 5.103723263992957, 5.103723263992958, 5.103723263992958, 5.103723263992958, 5.103723263992958, 5.103723263992958, 5.103723263992959, 5.103723263992959, 5.103750776336825, 5.103856753899783, 5.103981549280316, 5.104009960868598, 5.104101293239731, 5.1041063196717875, 5.104140190121074, 5.104189373759775, 5.10429302626754, 5.1044811502431795, 5.104613311927625, 5.10462104862358, 5.1047230041738345, 5.105237358708689, 5.105856492839866]"
"50,5,5,5","[4.637933748696801, 4.638166528346165, 4.638313916382361, 4.638535742344768, 4.638581962161309, 4.638737288723423, 4.6389588926185255, 4.6390216311052, 4.639034247913439, 4.639141998076379, 4.6392058982451125, 4.639237781003613, 4.639251047698871, 4.639408521376531, 4.639408521376531, 4.639408521376531, 4.639408521376531, 4.639408521376531, 4.639408521376531, 4.639408521376531, 4.639408521376531, 4.639408521376531, 4.639408521376531, 4.639408521376531, 4.639408521376531, 4.639408521376531, 4.639408521376531, 4.639408521376531, 4.639408521376531, 4.639408521376531, 4.639408521376531, 4.639408521376531, 4.639408521376531, 4.639408521376531, 4.639408521376531, 4.639408521376531, 4.639408521376531, 4.639437868318738, 4.639450375277997, 4.639528279092925, 4.63976347603656, 4.639774149634788, 4.639801912516704, 4.639827433382877, 4.639883849038203, 4.6399728653967625, 4.639997447653525, 4.640152423235037, 4.640367679502663, 4.640750210773505]"
"50,5,5,10","[5.327130949053282, 5.328017823008215, 5.328047019865092, 5.328133273433761, 5.328423288056395, 5.328500731598466, 5.328806372381885, 5.328826697027714, 5.328893362063071, 5.329049974517167, 5.32905856183293, 5.329084100076979, 5.329104946921994, 5.32910725733284, 5.329110670606451, 5.329168879874681, 5.329192115246895, 5.329203923933358, 5.329344428123184, 5.329344428123184, 5.329344428123184, 5.329344428123184, 5.329344428123184, 5.329344428123184, 5.329344428123184, 5.329344428123184, 5.329344428123184, 5.329344428123184, 5.329344428123184, 5.329344428123184, 5.329344428123184, 5.329344428123185, 5.329344428123185, 5.329344428123185, 5.329344428123185, 5.329479255281432, 5.32972164708854, 5.329744319595021, 5.329797360693573, 5.329827131076488, 5.330166408850738, 5.33019122042341, 5.330210989208823, 5.33046683789134, 5.33049114194883, 5.3305245868943425, 5.330534484916006, 5.330561709564239, 5.330631134799918, 5.330753741484752]"
"50,5,5,50","[5.036917751755222, 5.037915581256929, 5.038049149108625, 5.038421331284757, 5.038469586287528, 5.0384854743220435, 5.038492627580273, 5.038544388490969, 5.0386435030061065, 5.038650395151328, 5.038650516981879, 5.038653243241617, 5.038653243241617, 5.038653243241617, 5.038653243241617, 5.038653243241617, 5.038653243241617, 5.038653243241617, 5.038653243241617, 5.038653243241617, 5.038653243241617, 5.038653243241618, 5.038653243241618, 5.038653243241618, 5.038653243241618, 5.038653243241618, 5.038653243241618, 5.038653243241618, 5.038685593812911, 5.038721697809447, 5.038749752811696, 5.038752299749582, 5.038755347652526, 5.0387612578828636, 5.038779567154923, 5.038835928868433, 5.038921729254152, 5.038954029706818, 5.0390661524884495, 5.039117823367861, 5.039341364663537, 5.039398019423321, 5.039630464984802, 5.0396585321950385, 5.039814372176088, 5.039824498701593, 5.040024153459985, 5.040670537756456, 5.0410884962612705, 5.04115323931139]"
"50,5,10,5","[4.579269233199695, 4.579414331037743, 4.579621223723345, 4.579807082107376, 4.579830795563273, 4.579931060165237, 4.57996468902071, 4.579999942541927, 4.580006890759363, 4.58005838996364, 4.580181306057125, 4.5802125815523125, 4.580257920343855, 4.580364029502682, 4.580364029502682, 4.580364029502682, 4.580364029502682, 4.580364029502682, 4.580364029502682, 4.580364029502682, 4.580364029502682, 4.580364029502682, 4.580364029502682, 4.580364029502682, 4.580364029502682, 4.580364029502682, 4.580364029502682, 4.580364029502682, 4.580364029502682, 4.580364029502682, 4.580364029502682, 4.580364029502682, 4.580364029502682, 4.580364029502682, 4.580364029502682, 4.580364029502682, 4.580364029502682, 4.580364029502682, 4.580455634814933, 4.580607730010819, 4.580616655248807, 4.580748241406561, 4.580772325336254, 4.580822082235868, 4.580911401931181, 4.581025618028588, 4.581345229631604, 4.581476496777986, 4.581495355635118, 4.581861742726381]"
"50,5,10,10","[4.383048723828848, 4.383320254797425, 4.383693004297537, 4.383703311634697, 4.38374055463662, 4.383837329777867, 4.3839782407101575, 4.384003171805364, 4.384028067340401, 4.384380611248197, 4.384385376355494, 4.384427988427444, 4.384427988427446, 4.384427988427448, 4.384427988427448, 4.384427988427448, 4.384427988427448, 4.384427988427448, 4.384427988427449, 4.384427988427449, 4.384427988427449, 4.38442798842745, 4.38442798842745, 4.38442798842745, 4.38442798842745, 4.38442798842745, 4.384427988427451, 4.384427988427451, 4.384427988427451, 4.384427988427451, 4.384427988427451, 4.3844279884274515, 4.3844279884274515, 4.384427988427452, 4.384427988427453, 4.384427988427455, 4.384427988427455, 4.3844279884274595, 4.384463837003029, 4.384504689981169, 4.384612018335177, 4.384664737021796, 4.384664827397306, 4.384671077637679, 4.384833656963353, 4.385061935364281, 4.3851080048174795, 4.385265996765054, 4.385270326884857, 4.385531238075228]"
"50,5,10,50","[4.841985327213181, 4.842683517180909, 4.8437499870370155, 4.844421192718628, 4.844673401235905, 4.845263013909489, 4.845688112670513, 4.845720783326932, 4.845803093832743, 4.845803093832743, 4.845817412346983, 4.84612256617513, 4.846330674005785, 4.846854693343825, 4.84704744924147, 4.847112501676119, 4.847331497858163, 4.847414966226269, 4.847592333810807, 4.848084850311249, 4.848379842690491, 4.84854350989299, 4.8488390189024955, 4.8488516272695215, 4.849020444369007, 4.849020444369007, 4.849094965307208, 4.849105386399194, 4.849183128950741, 4.849288391613713, 4.8493008453208395, 4.849553391180573, 4.849600547448951, 4.850014561857539, 4.850059263318042, 4.850151638075756, 4.850270800996544, 4.850350372748537, 4.850477630719717, 4.8505063910710255, 4.850642572771335, 4.8511243958344865, 4.851641375245112, 4.852318058685734, 4.852485794055027, 4.8540373864628625, 4.854380482610695, 4.85449698486836, 4.854663243157271, 4.854719433439973]"
"50,5,50,5","[4.86233722144112, 4.862438296075891, 4.862597006823528, 4.862607561903755, 4.862836724003914, 4.862852952004231, 4.863055478939923, 4.863087226195713, 4.863145727673816, 4.863262729940111, 4.863330899260125, 4.8633361012051015, 4.863492675394395, 4.863569620587958, 4.8636731169047565, 4.863849324732352, 4.863886043450854, 4.864047878494766, 4.8640848117022575, 4.864098199741741, 4.864107833555122, 4.864134009816543, 4.864178257636531, 4.864210211251798, 4.8642163885558345, 4.864226138138486, 4.864346451573828, 4.86435743871077, 4.8645101648147655, 4.8645101648147655, 4.8645101648147655, 4.8645101648147655, 4.8645101648147655, 4.8645101648147655, 4.8645101648147655, 4.8645101648147655, 4.8645101648147655, 4.8645101648147655, 4.8645101648147655, 4.8645101648147655, 4.8645101648147655, 4.864510164814766, 4.864511977723469, 4.864513646391911, 4.864834694720098, 4.864890347233167, 4.864983960848668, 4.865004231710247, 4.8654552321508575, 4.865675310563166]"
"50,5,50,10","[4.605355735793914, 4.605406467350648, 4.6055572527312165, 4.605700928950707, 4.6059115776281905, 4.606241984765857, 4.606303819372581, 4.606314632179077, 4.606344038870812, 4.606363130239367, 4.60646507043175, 4.606510908408688, 4.606518534315164, 4.606518534315164, 4.606518534315164, 4.606518534315164, 4.606518534315164, 4.606518534315164, 4.606518534315164, 4.606518534315164, 4.606518534315164, 4.606518534315164, 4.606518534315164, 4.606518534315164, 4.606518534315164, 4.606518534315164, 4.606518534315164, 4.606518534315164, 4.606518534315164, 4.606518534315164, 4.606524275725311, 4.606580087370516, 4.606936968149086, 4.606946238555445, 4.606972927319284, 4.607012339282724, 4.607072122536566, 4.607099733918821, 4.607105814264787, 4.607193493717464, 4.607209403887943, 4.607209621699106, 4.607224157824011, 4.607413515362907, 4.607465591886671, 4.607529643484678, 4.607641794455777, 4.607666431046863, 4.6078353504184335, 4.608225383504017]"
"50,5,50,50","[4.770424140582602, 4.771244239718962, 4.7713645747208195, 4.771562559844936, 4.771580193459421, 4.771600701897511, 4.771688389236209, 4.771727490475372, 4.771754845588837, 4.77187918377831, 4.771899800545345, 4.772037269695742, 4.772050719304087, 4.772066150472302, 4.772095754094357, 4.772095754094358, 4.772095754094358, 4.772095754094358, 4.772095754094358, 4.772095754094358, 4.772095754094358, 4.772095754094359, 4.772095754094359, 4.772095754094359, 4.772095754094359, 4.772095754094359, 4.772095754094359, 4.772095754094359, 4.772095754094359, 4.772095754094359, 4.772095754094359, 4.772095754094359, 4.772105530804708, 4.772203121431161, 4.772263770119247, 4.772300919445535, 4.772303622777133, 4.772319989189239, 4.772337352091951, 4.772351809309874, 4.772387620555034, 4.772533574086378, 4.772548861963289, 4.772644528478007, 4.772652593413332, 4.772688684401133, 4.772876116530645, 4.772931212737017, 4.773076912521698, 4.773723577558131]"
"50,10,5,5","[5.067852171195675, 5.067999246256077, 5.06866131240227, 5.068672417996382, 5.068689771547716, 5.068769342613889, 5.0688278928692965, 5.068921658213817, 5.06903449134455, 5.069054729667918, 5.0691743609682, 5.069179309044915, 5.06919675117397, 5.069203514529885, 5.069245171466124, 5.069245171466124, 5.069245171466124, 5.069245171466124, 5.069245171466124, 5.069245171466124, 5.069245171466124, 5.069245171466124, 5.069245171466124, 5.069245171466124, 5.069245171466125, 5.069245171466125, 5.069245171466125, 5.069245171466125, 5.069245171466125, 5.069245171466125, 5.069245171466125, 5.069249692597171, 5.069251641758657, 5.069329492403199, 5.069367617585715, 5.069367948572418, 5.069426227127682, 5.069428810809686, 5.069449987130002, 5.06948143642212, 5.069636240072219, 5.0696511829771, 5.069707805219369, 5.069791117066621, 5.069843731323115, 5.069875283559536, 5.069894333472306, 5.069954203345037, 5.070025205868161, 5.07060009603333]"
"50,10,5,10","[4.519533217630215, 4.519611428832122, 4.51966460064486, 4.519851090820048, 4.519874038427854, 4.520129988717474, 4.520166217927864, 4.520180957316175, 4.52021382415997, 4.520255655428002, 4.520304837005367, 4.52040879378983, 4.520460247969356, 4.520608743099559, 4.520616283487071, 4.52073160509199, 4.520878054831591, 4.520893077141475, 4.520917134313596, 4.520965298545434, 4.520965298545443, 4.520965298545443, 4.520965298545443, 4.520965298545443, 4.520965298545447, 4.520965298545447, 4.520965298545447, 4.520965298545449, 4.520965298545455, 4.520965298545461, 4.520965298545467, 4.520965298545475, 4.520965298545488, 4.5209846960285525, 4.521025842110489, 4.521091417903234, 4.521133265739719, 4.521177146098172, 4.521219301829208, 4.521420433234098, 4.521454339783694, 4.521484523691965, 4.52156672640524, 4.521649881085273, 4.521653495130619, 4.521754305339218, 4.522133513341301, 4.522314570188762, 4.522648476391833, 4.522892098307374]"
"50,10,5,50","[4.307971734772027, 4.308645813276261, 4.308959893166519, 4.309292388649538, 4.3093635815369025, 4.309383782399767, 4.309609717340658, 4.309656563772323, 4.309703341508916, 4.309703341508916, 4.309703341508916, 4.309703341508916, 4.309703341508916, 4.309703341508917, 4.309703341508917, 4.309703341508917, 4.309703341508917, 4.309703341508917, 4.309703341508917, 4.309703341508917, 4.309703341508917, 4.309703341508917, 4.309703341508917, 4.309703341508917, 4.309703341508917, 4.309703341508917, 4.309703341508917, 4.309703341508917, 4.309703341508917, 4.309703341508917, 4.309703341508917, 4.30976817411896, 4.309973600130905, 4.31000241936896, 4.310014598862091, 4.310045414901982, 4.310164321128557, 4.310267829624981, 4.3102690917048605, 4.310359622176247, 4.310361950876576, 4.310486944793745, 4.310491858486488, 4.310531624520953, 4.310804179931121, 4.310926276187389, 4.311094094048399, 4.311372401431825, 4.311475886733668, 4.312071360202039]"
"50,10,10,5","[4.62493125896958, 4.625023535813621, 4.625377565870517, 4.625518874899329, 4.625588277665331, 4.625656352179438, 4.62568521085323, 4.625752576435186, 4.625769803697278, 4.62577026354245, 4.625783216238731, 4.625817348217336, 4.6258375549253135, 4.62585919310975, 4.62585919310975, 4.625948887547022, 4.626038738084439, 4.62605772436272, 4.626082454904574, 4.626098922427282, 4.626261157244515, 4.626387854554415, 4.626571238013557, 4.62657471230585, 4.62657471230585, 4.626588256612914, 4.626727795887491, 4.626739689669792, 4.626755704799865, 4.626810307955786, 4.626827995063049, 4.626956244544509, 4.627015989780393, 4.627115653128111, 4.627119886410231, 4.627259134996273, 4.627265514334096, 4.6273294785696875, 4.627393830389659, 4.627448527559264, 4.627618256851373, 4.627771195151189, 4.6279831093220425, 4.628005832410306, 4.628266030314575, 4.628379440134419, 4.628716715541183, 4.6290331841967065, 4.629403389730276, 4.629657537293897]"
"50,10,10,10","[4.18993324436237, 4.190265525527243, 4.1904538801743225, 4.190514584690055, 4.190612015123877, 4.190622687505286, 4.190796208071295, 4.190941325199017, 4.1910203361422536, 4.191112904184275, 4.191301022308959, 4.191332415533151, 4.191344867080279, 4.191363572465272, 4.191375594798988, 4.1914164394254545, 4.1914164394254545, 4.1914164394254545, 4.191416439425455, 4.191416439425455, 4.191416439425456, 4.191416439425456, 4.191416439425456, 4.191416439425457, 4.191416439425457, 4.191416439425457, 4.191416439425457, 4.191416439425457, 4.191416439425457, 4.191416439425458, 4.191416439425458, 4.191416439425458, 4.191416439425458, 4.191432500763935, 4.191451162410182, 4.191455312047407, 4.191547124943261, 4.191648806555987, 4.191723594953567, 4.19175063324391, 4.1918297504551, 4.191882752773301, 4.191912122008822, 4.192065940644722, 4.1921294199823205, 4.192160840858515, 4.192259432824125, 4.192441338641768, 4.192787996917279, 4.19297383423659]"
"50,10,10,50","[4.607993825187515, 4.608776647670975, 4.609323594786619, 4.609362061667693, 4.6096105396726665, 4.609610890596205, 4.609703660810708, 4.609721037693215, 4.609773396164186, 4.609773396164186, 4.609773396164186, 4.609773396164187, 4.609773396164187, 4.609773396164187, 4.609773396164187, 4.609773396164188, 4.609773396164188, 4.609773396164188, 4.609773396164188, 4.609773396164188, 4.609773396164188, 4.609773396164188, 4.609773396164189, 4.609773396164189, 4.609773396164189, 4.609773396164189, 4.609773396164189, 4.609773396164189, 4.609773396164189, 4.609773396164189, 4.60977339616419, 4.60977339616419, 4.60977339616419, 4.60977339616419, 4.6099772896305735, 4.610035166637117, 4.61009496209903, 4.610099868374783, 4.610140641433723, 4.610221120534926, 4.610290741764399, 4.61031861737481, 4.61033853783453, 4.610387288759725, 4.610424879460037, 4.610452008305668, 4.61055302875018, 4.6105570825266105, 4.610684355031202, 4.610708587083816]"
"50,10,50,5","[4.494782688444065, 4.494904380136964, 4.495304109437453, 4.495542990271037, 4.495625209831613, 4.4957531541342375, 4.495764861556498, 4.4957855349340266, 4.495902693727413, 4.495998746728362, 4.496042185135753, 4.496042185135753, 4.496042185135754, 4.496042185135754, 4.496042185135754, 4.496042185135754, 4.496042185135754, 4.496042185135754, 4.496042185135754, 4.496042185135754, 4.496042185135754, 4.496042185135754, 4.496042185135754, 4.496042185135754, 4.496042185135754, 4.496042185135754, 4.496042185135754, 4.496042185135754, 4.496042185135754, 4.496042185135754, 4.496042185135754, 4.496104174703944, 4.496125759875687, 4.496128388073528, 4.496129785789987, 4.496191794797202, 4.496212058003189, 4.496237559667197, 4.496287746478723, 4.496540945651242, 4.496547194192621, 4.496594337716497, 4.496619671108662, 4.496642626856589, 4.49673799603592, 4.496944577491769, 4.497033972848893, 4.497401751063775, 4.497483151572229, 4.497543512168013]"
"50,10,50,10","[4.6213787515322124, 4.621624203805171, 4.621660120464229, 4.621818808835131, 4.621829238527546, 4.621945311257457, 4.622017021716978, 4.622026758292442, 4.622162241679011, 4.622173872205787, 4.622192135318591, 4.622340716352512, 4.622352318630343, 4.622373880856822, 4.6223738808568235, 4.622373880856826, 4.622373880856826, 4.622373880856829, 4.62237388085683, 4.62237388085683, 4.62237388085683, 4.62237388085683, 4.622373880856831, 4.622373880856831, 4.6223738808568315, 4.6223738808568315, 4.6223738808568315, 4.622373880856832, 4.622373880856839, 4.622433266430706, 4.622554784418245, 4.622615527064067, 4.6226487029935, 4.622684020153022, 4.622729141550984, 4.622745647594138, 4.622832304940274, 4.622894986388948, 4.6230249748127195, 4.623033794995825, 4.623041103431131, 4.623230944670357, 4.623335118085018, 4.623387850163323, 4.6236730222851214, 4.623679009508841, 4.623702307206875, 4.623879638414703, 4.62390884428271, 4.624012273975781]"
"50,10,50,50","[4.545585562904603, 4.545852332762666, 4.546670249758805, 4.546750412141117, 4.546948819959615, 4.546954085888855, 4.546976636053704, 4.547007825796567, 4.547164109775043, 4.54722786281239, 4.5475369586660275, 4.547556356078197, 4.5475953250294765, 4.5475953250294765, 4.5475953250294765, 4.5475953250294765, 4.5475953250294765, 4.5475953250294765, 4.5475953250294765, 4.5475953250294765, 4.5475953250294765, 4.5475953250294765, 4.5475953250294765, 4.5475953250294765, 4.5475953250294765, 4.5475953250294765, 4.5475953250294765, 4.547602565873081, 4.54768132029356, 4.547693267237757, 4.547715581502973, 4.547726785809517, 4.547736483024363, 4.547746709106496, 4.547755435922577, 4.547864597612176, 4.547904292197818, 4.547918219835943, 4.548087524543458, 4.548165778117497, 4.548180687676768, 4.548181524107039, 4.548224578592348, 4.548335319811699, 4.548350316154797, 4.548350638001794, 4.5484263479708495, 4.548469423903644, 4.548506821992371, 4.548963699159983]"
"50,50,5,5","[4.9156713810406485, 4.915942147934291, 4.916438272936313, 4.916621668947358, 4.916636295397776, 4.916676407055953, 4.916866204487277, 4.916866848973162, 4.916950413856596, 4.917046971068607, 4.91707916475767, 4.917090642033795, 4.917090642033795, 4.917172570985706, 4.917172570985706, 4.917172570985706, 4.917172570985706, 4.917172570985706, 4.917172570985706, 4.917172570985706, 4.917172570985706, 4.917172570985707, 4.917172570985707, 4.917172570985707, 4.917172570985707, 4.917172570985707, 4.917172570985707, 4.917172570985707, 4.9171725709857075, 4.9171725709857075, 4.9171725709857075, 4.9171725709857075, 4.9171725709857075, 4.9171725709857075, 4.9171725709857075, 4.917246101798817, 4.9172571633915485, 4.91733268907877, 4.91733852406086, 4.917447166542853, 4.9174731784888746, 4.917534188377068, 4.917675121830721, 4.917831590329576, 4.917878447539072, 4.917968188338899, 4.918234249118675, 4.918248811955762, 4.9182841617837605, 4.918518182605195]"
"50,50,5,10","[4.296347823358431, 4.297207393625278, 4.297253815753142, 4.297286677497308, 4.297314595761819, 4.297354139098883, 4.297600809423272, 4.297684216280505, 4.297800667584552, 4.297800667584553, 4.297800667584554, 4.297800667584555, 4.29780066758456, 4.297800667584561, 4.297800667584561, 4.297800667584562, 4.297800667584562, 4.297800667584562, 4.297800667584565, 4.297800667584565, 4.297800667584565, 4.297800667584565, 4.297800667584565, 4.297800667584567, 4.297800667584567, 4.297800667584567, 4.297800667584568, 4.297800667584569, 4.297800667584572, 4.297800667584573, 4.297800667584573, 4.297800667584575, 4.297800667584577, 4.297800667584578, 4.297800667584581, 4.297800667584584, 4.297800667584593, 4.297801829398254, 4.2978934748566875, 4.297902862949968, 4.2979317986458625, 4.298052778143195, 4.298140525999974, 4.298174051820236, 4.2983489668522274, 4.298374632151985, 4.298549185178097, 4.298569441172168, 4.299207334348682, 4.299506567549501]"
"50,50,5,50","[4.502882995065087, 4.503530483841406, 4.503552749792465, 4.503613283543737, 4.50361978990706, 4.50370602627077, 4.503712539064941, 4.504102282124054, 4.504244648392799, 4.504372177765408, 4.504395411683038, 4.504545868117774, 4.504545972922801, 4.504706926104266, 4.504780721870117, 4.504917810135389, 4.504975582561543, 4.505002061059318, 4.505038763915515, 4.505075836593367, 4.505075836593367, 4.505075836593367, 4.505075836593367, 4.505075836593367, 4.505075836593367, 4.505075836593367, 4.505075836593367, 4.505075836593367, 4.505075836593367, 4.505075836593367, 4.505075836593367, 4.505159237246751, 4.505161954709119, 4.50516707895638, 4.505221968340264, 4.505256959580132, 4.505298624336385, 4.505346483284847, 4.505438804435896, 4.505475008079864, 4.505475008079864, 4.505506005694723, 4.505599836584797, 4.505764469201072, 4.505850205711161, 4.505968132079705, 4.506071478405899, 4.506131557987853, 4.506175269937825, 4.506192577958339]"
"50,50,10,5","[4.785852178322716, 4.786060676933314, 4.786081082222292, 4.786849962115346, 4.786863676050464, 4.7873019267030426, 4.787408660960626, 4.787570870132511, 4.787691963053554, 4.787712709741544, 4.787742963708269, 4.787742963708282, 4.787742963708289, 4.787742963708289, 4.78774296370829, 4.7877429637082995, 4.7877429637083, 4.78774296370831, 4.787742963708312, 4.78774296370832, 4.78774296370832, 4.787742963708337, 4.787742963708338, 4.78774296370834, 4.787742963708341, 4.787742963708386, 4.7877429637084, 4.787742963708405, 4.787742963708414, 4.787742963708429, 4.787742963708495, 4.78789613877883, 4.787915019884945, 4.78792406215218, 4.78797487507896, 4.788054449537111, 4.7880793566426805, 4.788137111390917, 4.7881468948912875, 4.788372994678755, 4.7883923193039255, 4.788394449745788, 4.788444568988328, 4.788532563857845, 4.788538733338706, 4.788593373151276, 4.788765353564584, 4.788849654040892, 4.788920873852278, 4.789077654135088]"
"50,50,10,10","[4.223648312360962, 4.223760987700871, 4.2239666595485, 4.2240269682705005, 4.224376716626639, 4.224470722268586, 4.224529532740716, 4.22466149341499, 4.2248138877250945, 4.224884970282304, 4.224916043027009, 4.224971793539939, 4.224998249862312, 4.2250594389366265, 4.225244000848253, 4.2252873364530386, 4.225295062707171, 4.225319662115657, 4.225377547497954, 4.225380951397658, 4.225383160787959, 4.225407307512343, 4.225407307512343, 4.225407307512343, 4.225407307512343, 4.225407307512344, 4.225407307512344, 4.225407307512344, 4.225407307512344, 4.225407307512344, 4.225407307512344, 4.225407307512344, 4.225407307512344, 4.225407307512344, 4.225407307512344, 4.225407307512344, 4.225465616795143, 4.22546934543282, 4.225687398843886, 4.225737668839202, 4.225783014628904, 4.22590624982593, 4.226044131953656, 4.226202549301672, 4.2262336884757294, 4.226257751040834, 4.226257866403855, 4.226321846443027, 4.226418877665918, 4.226447035829291]"
"50,50,10,50","[4.214288653892236, 4.214931341729047, 4.21519961977033, 4.215502532369043, 4.21569655436122, 4.215738429307293, 4.215782461647823, 4.21599401163027, 4.216013101145403, 4.216081774240628, 4.21614484941087, 4.216524978594881, 4.216524978594881, 4.216524978594882, 4.216524978594882, 4.216524978594882, 4.216524978594882, 4.216524978594882, 4.216524978594882, 4.216524978594883, 4.216524978594883, 4.216524978594883, 4.216524978594883, 4.216524978594883, 4.216524978594883, 4.216524978594883, 4.216524978594883, 4.216524978594884, 4.216524978594884, 4.216524978594884, 4.216524978594884, 4.216524978594885, 4.216524978594885, 4.216524978594885, 4.216524978594885, 4.216524978594885, 4.216628226432778, 4.216678087735664, 4.216696346417676, 4.216726331877583, 4.216769839433637, 4.216887088860071, 4.216932827535133, 4.216992842270837, 4.2170246959051045, 4.217127859834961, 4.217196870290113, 4.217400801772491, 4.2174163510840215, 4.21790078806448]"
"50,50,50,5","[4.508561817292653, 4.510185612634813, 4.510216231469312, 4.510288208967077, 4.510435628466415, 4.510669382342605, 4.510727600906988, 4.510782693239235, 4.510783942063389, 4.510894317096318, 4.510894317096318, 4.510894317096318, 4.510894317096318, 4.510894317096318, 4.510894317096318, 4.510894317096318, 4.510894317096318, 4.510894317096318, 4.510894317096318, 4.5108943170963185, 4.5108943170963185, 4.5108943170963185, 4.5108943170963185, 4.5108943170963185, 4.5108943170963185, 4.5108943170963185, 4.5108943170963185, 4.5108943170963185, 4.5108943170963185, 4.5108943170963185, 4.5108943170963185, 4.5108943170963185, 4.510943378043994, 4.510943378043994, 4.511050785699194, 4.51116372084583, 4.511224154487527, 4.511273251199904, 4.511296060798392, 4.511342176695957, 4.511365497607248, 4.511392602447565, 4.5114201706265105, 4.5114206718788274, 4.511455686612967, 4.511695334998459, 4.511707778646115, 4.511743600452922, 4.512142960100402, 4.512416932742654]"
"50,50,50,10","[4.526110965564972, 4.526298990517528, 4.5263477251986, 4.526383293150635, 4.526696124113285, 4.526753223142808, 4.526900319641393, 4.526924432856613, 4.527010300605908, 4.527121245797518, 4.527191087239012, 4.527191087239012, 4.5273809253478285, 4.527421223752899, 4.527421223752899, 4.527446163478566, 4.5274762637013115, 4.527476552080825, 4.527502034717457, 4.5275020347174575, 4.5275020347174575, 4.5275020347174575, 4.5275020347174575, 4.5275020347174575, 4.5275020347174575, 4.5275020347174575, 4.5275020347174575, 4.5275020347174575, 4.5275020347174575, 4.5275020347174575, 4.5275020347174575, 4.5275020347174575, 4.527523102039189, 4.527598634931468, 4.527716726556131, 4.527727054801096, 4.527870108991835, 4.527956785469404, 4.527993443662709, 4.528007106532184, 4.52801530005186, 4.528079946020478, 4.528135261723403, 4.528166894213959, 4.5282172057199945, 4.528241019002042, 4.528523538555409, 4.528783993951354, 4.529673870403685, 4.531640037887565]"
"50,50,50,50","[4.6568029619608415, 4.656995314347832, 4.6573180030952335, 4.657502243630484, 4.6578748315562315, 4.658015310903362, 4.65804297768499, 4.65805980788311, 4.658092531589916, 4.658107275838403, 4.658198814199386, 4.6584217099243075, 4.658546684941843, 4.658546684941848, 4.658546684941849, 4.65854668494185, 4.65854668494185, 4.65854668494185, 4.658546684941851, 4.6585466849418555, 4.658546684941857, 4.658546684941857, 4.658546684941857, 4.658546684941859, 4.658546684941861, 4.658546684941863, 4.6585466849418635, 4.658546684941864, 4.658546684941864, 4.658546684941865, 4.658546684941865, 4.658546684941869, 4.658546684941869, 4.658546684941869, 4.658546684941869, 4.65854668494187, 4.65861978973994, 4.658634457683207, 4.6587583669541655, 4.658772943210251, 4.658878605826841, 4.658988630865572, 4.65900638298174, 4.659144621240479, 4.659231584175693, 4.659545038477643, 4.659549910509313, 4.659713872086736, 4.660260995527485, 4.660438676550769]"
