"5,5,5,5","[1.034166994938579, 1.037496984927056, 1.0471474417039832, 1.0474477446154493, 1.0543766828906374, 1.0566213368330153, 1.0591313657919417, 1.0641240255685038, 1.0652743438109893, 1.0657788451908197, 1.0679079515799619, 1.0679602256335439, 1.069135044328966, 1.0707093096495068, 1.0770190694913115, 1.077787077106193, 1.0782192143311788, 1.0785574760989232, 1.0786426700254963, 1.0787036830890286, 1.078951458219593, 1.0800346254571604, 1.080555470843626, 1.0812495585760897, 1.081418886045347, 1.0815945590756573, 1.081919663114444, 1.082072197161085, 1.0822195140936661, 1.0841413612696935, 1.084485144106039, 1.0844956806667432, 1.084723700260535, 1.0853299824272287, 1.0854601495568486, 1.0855959903399148, 1.0867001743457352, 1.0868381804389342, 1.087808373483429, 1.089127323967095, 1.0908802586035224, 1.0924898844274868, 1.09406583064708, 1.0942080387159125, 1.095234259241827, 1.0977161003055325, 1.1013247920834248, 1.1034154012508615, 1.1037571681322151, 1.123785533144849]"
"5,5,5,10","[4.53284978192209, 4.54675611644362, 4.558808692172367, 4.559157374321542, 4.564643401125135, 4.568247540606335, 4.568545925988441, 4.57141339549909, 4.582490569175446, 4.585001974504481, 4.585203320914414, 4.5865677785511005, 4.586681886275885, 4.588390526556584, 4.589853678647244, 4.591657824689112, 4.591885469688109, 4.595234544146885, 4.600918397569448, 4.60114782127558, 4.602315966115767, 4.6024639954968976, 4.602509658061577, 4.6028438956049635, 4.60302894765019, 4.60495609793887, 4.605066433730947, 4.605131893216573, 4.605910679508359, 4.605931909493525, 4.6064525025536, 4.607925974066034, 4.6081200756650285, 4.608147512010402, 4.6087875234983855, 4.61061630277269, 4.610989013911759, 4.621546982456937, 4.624293910083436, 4.628497569541533, 4.629907791535484, 4.636128476336894, 4.642069991732969, 4.646286738791585, 4.65118908198502, 4.669101309470545, 4.671898811301956, 4.6749960327687, 4.686023003839859, 4.798480879233421]"
"5,5,5,50","[4.53284978192209, 4.54675611644362, 4.558808692172367, 4.559157374321542, 4.564643401125135, 4.568247540606335, 4.568545925988441, 4.57141339549909, 4.582490569175446, 4.585001974504481, 4.585203320914414, 4.5865677785511005, 4.586681886275885, 4.588390526556584, 4.589853678647244, 4.591657824689112, 4.591885469688109, 4.595234544146885, 4.600918397569448, 4.60114782127558, 4.602315966115767, 4.6024639954968976, 4.602509658061577, 4.6028438956049635, 4.60302894765019, 4.60495609793887, 4.605066433730947, 4.605131893216573, 4.605910679508359, 4.605931909493525, 4.6064525025536, 4.607925974066034, 4.6081200756650285, 4.608147512010402, 4.6087875234983855, 4.61061630277269, 4.610989013911759, 4.621546982456937, 4.624293910083436, 4.628497569541533, 4.629907791535484, 4.636128476336894, 4.642069991732969, 4.646286738791585, 4.65118908198502, 4.669101309470545, 4.671898811301956, 4.6749960327687, 4.686023003839859, 4.798480879233421]"
"5,5,10,5","[4.53284978192209, 4.54675611644362, 4.558808692172367, 4.559157374321542, 4.564643401125135, 4.568247540606335, 4.568545925988441, 4.57141339549909, 4.582490569175446, 4.585001974504481, 4.585203320914414, 4.5865677785511005, 4.586681886275885, 4.588390526556584, 4.589853678647244, 4.591657824689112, 4.591885469688109, 4.595234544146885, 4.600918397569448, 4.60114782127558, 4.602315966115767, 4.6024639954968976, 4.602509658061577, 4.6028438956049635, 4.60302894765019, 4.60495609793887, 4.605066433730947, 4.605131893216573, 4.605910679508359, 4.605931909493525, 4.6064525025536, 4.607925974066034, 4.6081200756650285, 4.608147512010402, 4.6087875234983855, 4.61061630277269, 4.610989013911759, 4.621546982456937, 4.624293910083436, 4.628497569541533, 4.629907791535484, 4.636128476336894, 4.642069991732969, 4.646286738791585, 4.65118908198502, 4.669101309470545, 4.671898811301956, 4.6749960327687, 4.686023003839859, 4.798480879233421]"
"5,5,10,10","[4.53284978192209, 4.54675611644362, 4.558808692172367, 4.559157374321542, 4.564643401125135, 4.568247540606335, 4.568545925988441, 4.57141339549909, 4.582490569175446, 4.585001974504481, 4.585203320914414, 4.5865677785511005, 4.586681886275885, 4.588390526556584, 4.589853678647244, 4.591657824689112, 4.591885469688109, 4.595234544146885, 4.600918397569448, 4.60114782127558, 4.602315966115767, 4.6024639954968976, 4.602509658061577, 4.6028438956049635, 4.60302894765019, 4.60495609793887, 4.605066433730947, 4.605131893216573, 4.605910679508359, 4.605931909493525, 4.6064525025536, 4.607925974066034, 4.6081200756650285, 4.608147512010402, 4.6087875234983855, 4.61061630277269, 4.610989013911759, 4.621546982456937, 4.624293910083436, 4.628497569541533, 4.629907791535484, 4.636128476336894, 4.642069991732969, 4.646286738791585, 4.65118908198502, 4.669101309470545, 4.671898811301956, 4.6749960327687, 4.686023003839859, 4.798480879233421]"
"5,5,10,50","[4.53284978192209, 4.54675611644362, 4.558808692172367, 4.559157374321542, 4.564643401125135, 4.568247540606335, 4.568545925988441, 4.57141339549909, 4.582490569175446, 4.585001974504481, 4.585203320914414, 4.5865677785511005, 4.586681886275885, 4.588390526556584, 4.589853678647244, 4.591657824689112, 4.591885469688109, 4.595234544146885, 4.600918397569448, 4.60114782127558, 4.602315966115767, 4.6024639954968976, 4.602509658061577, 4.6028438956049635, 4.60302894765019, 4.60495609793887, 4.605066433730947, 4.605131893216573, 4.605910679508359, 4.605931909493525, 4.6064525025536, 4.607925974066034, 4.6081200756650285, 4.608147512010402, 4.6087875234983855, 4.61061630277269, 4.610989013911759, 4.621546982456937, 4.624293910083436, 4.628497569541533, 4.629907791535484, 4.636128476336894, 4.642069991732969, 4.646286738791585, 4.65118908198502, 4.669101309470545, 4.671898811301956, 4.6749960327687, 4.686023003839859, 4.798480879233421]"
"5,5,50,5","[4.53284978192209, 4.54675611644362, 4.558808692172367, 4.559157374321542, 4.564643401125135, 4.568247540606335, 4.568545925988441, 4.57141339549909, 4.582490569175446, 4.585001974504481, 4.585203320914414, 4.5865677785511005, 4.586681886275885, 4.588390526556584, 4.589853678647244, 4.591657824689112, 4.591885469688109, 4.595234544146885, 4.600918397569448, 4.60114782127558, 4.602315966115767, 4.6024639954968976, 4.602509658061577, 4.6028438956049635, 4.60302894765019, 4.60495609793887, 4.605066433730947, 4.605131893216573, 4.605910679508359, 4.605931909493525, 4.6064525025536, 4.607925974066034, 4.6081200756650285, 4.608147512010402, 4.6087875234983855, 4.61061630277269, 4.610989013911759, 4.621546982456937, 4.624293910083436, 4.628497569541533, 4.629907791535484, 4.636128476336894, 4.642069991732969, 4.646286738791585, 4.65118908198502, 4.669101309470545, 4.671898811301956, 4.6749960327687, 4.686023003839859, 4.798480879233421]"
"5,5,50,10","[4.53284978192209, 4.54675611644362, 4.558808692172367, 4.559157374321542, 4.564643401125135, 4.568247540606335, 4.568545925988441, 4.57141339549909, 4.582490569175446, 4.585001974504481, 4.585203320914414, 4.5865677785511005, 4.586681886275885, 4.588390526556584, 4.589853678647244, 4.591657824689112, 4.591885469688109, 4.595234544146885, 4.600918397569448, 4.60114782127558, 4.602315966115767, 4.6024639954968976, 4.602509658061577, 4.6028438956049635, 4.60302894765019, 4.60495609793887, 4.605066433730947, 4.605131893216573, 4.605910679508359, 4.605931909493525, 4.6064525025536, 4.607925974066034, 4.6081200756650285, 4.608147512010402, 4.6087875234983855, 4.61061630277269, 4.610989013911759, 4.621546982456937, 4.624293910083436, 4.628497569541533, 4.629907791535484, 4.636128476336894, 4.642069991732969, 4.646286738791585, 4.65118908198502, 4.669101309470545, 4.671898811301956, 4.6749960327687, 4.686023003839859, 4.798480879233421]"
"5,5,50,50","[4.487177223444444, 4.488377113249526, 4.525457268786711, 4.547191626711536, 4.56314515846911, 4.564325061736786, 4.566250777560166, 4.566859882519686, 4.568602602013384, 4.570127164082695, 4.5732840654651215, 4.574487037380357, 4.5760721490029, 4.577250332070909, 4.580420148540558, 4.580892410921708, 4.58159702213126, 4.583742256355529, 4.584034183551563, 4.585042518850403, 4.585484758621039, 4.586055131642194, 4.587047982416009, 4.588183249926837, 4.588354654483498, 4.588494463479496, 4.58945807624474, 4.590056528816203, 4.5905892623107425, 4.592988513768891, 4.5932521645339035, 4.5955791047632, 4.597308403704053, 4.598655911750097, 4.601899124552846, 4.605329094067766, 4.606310391158579, 4.608394060589401, 4.609096904680681, 4.611187232083278, 4.624893438005477, 4.627763780888274, 4.6303462166239076, 4.631839248853889, 4.633170697748326, 4.645826295151379, 4.649530392218051, 4.657663116433314, 4.662062375989159, 4.6685059251932985]"
"5,10,5,5","[4.448776781822323, 4.486157754596706, 4.4887554673417736, 4.490717172988035, 4.496859993149612, 4.497394994787092, 4.505151317760661, 4.517144887333109, 4.5241415194521, 4.524975967123279, 4.526793064221139, 4.529668236520825, 4.534457158730557, 4.536925044524756, 4.537916313530172, 4.5379680501533635, 4.538132932377863, 4.539907040362612, 4.541325536677314, 4.541808224403492, 4.541984799074966, 4.5463280592288084, 4.546364475323711, 4.54650067380738, 4.548304379941414, 4.548363251770732, 4.548701034820144, 4.549120295556323, 4.5495082158562035, 4.551949528268703, 4.552279241909807, 4.5545961284692575, 4.5572494188044885, 4.558828836172215, 4.559356091323628, 4.562781672738044, 4.566942920172234, 4.571793112331957, 4.572220070953045, 4.57596589930091, 4.579513533844857, 4.580375507497869, 4.591279551292023, 4.5921952473292285, 4.5938103615013315, 4.606814700062162, 4.616103138217187, 4.626071592033516, 4.6329617716857925, 4.656984230592798]"
"5,10,5,10","[4.448776781822323, 4.486157754596706, 4.4887554673417736, 4.490717172988035, 4.496859993149612, 4.497394994787092, 4.505151317760661, 4.517144887333109, 4.5241415194521, 4.524975967123279, 4.526793064221139, 4.529668236520825, 4.534457158730557, 4.536925044524756, 4.537916313530172, 4.5379680501533635, 4.538132932377863, 4.539907040362612, 4.541325536677314, 4.541808224403492, 4.541984799074966, 4.5463280592288084, 4.546364475323711, 4.54650067380738, 4.548304379941414, 4.548363251770732, 4.548701034820144, 4.549120295556323, 4.5495082158562035, 4.551949528268703, 4.552279241909807, 4.5545961284692575, 4.5572494188044885, 4.558828836172215, 4.559356091323628, 4.562781672738044, 4.566942920172234, 4.571793112331957, 4.572220070953045, 4.57596589930091, 4.579513533844857, 4.580375507497869, 4.591279551292023, 4.5921952473292285, 4.5938103615013315, 4.606814700062162, 4.616103138217187, 4.626071592033516, 4.6329617716857925, 4.656984230592798]"
"5,10,5,50","[4.448776781822323, 4.486157754596706, 4.4887554673417736, 4.490717172988035, 4.496859993149612, 4.497394994787092, 4.505151317760661, 4.517144887333109, 4.5241415194521, 4.524975967123279, 4.526793064221139, 4.529668236520825, 4.534457158730557, 4.536925044524756, 4.537916313530172, 4.5379680501533635, 4.538132932377863, 4.539907040362612, 4.541325536677314, 4.541808224403492, 4.541984799074966, 4.5463280592288084, 4.546364475323711, 4.54650067380738, 4.548304379941414, 4.548363251770732, 4.548701034820144, 4.549120295556323, 4.5495082158562035, 4.551949528268703, 4.552279241909807, 4.5545961284692575, 4.5572494188044885, 4.558828836172215, 4.559356091323628, 4.562781672738044, 4.566942920172234, 4.571793112331957, 4.572220070953045, 4.57596589930091, 4.579513533844857, 4.580375507497869, 4.591279551292023, 4.5921952473292285, 4.5938103615013315, 4.606814700062162, 4.616103138217187, 4.626071592033516, 4.6329617716857925, 4.656984230592798]"
"5,10,10,5","[4.448776781822323, 4.486157754596706, 4.4887554673417736, 4.490717172988035, 4.496859993149612, 4.497394994787092, 4.505151317760661, 4.517144887333109, 4.5241415194521, 4.524975967123279, 4.526793064221139, 4.529668236520825, 4.534457158730557, 4.536925044524756, 4.537916313530172, 4.5379680501533635, 4.538132932377863, 4.539907040362612, 4.541325536677314, 4.541808224403492, 4.541984799074966, 4.5463280592288084, 4.546364475323711, 4.54650067380738, 4.548304379941414, 4.548363251770732, 4.548701034820144, 4.549120295556323, 4.5495082158562035, 4.551949528268703, 4.552279241909807, 4.5545961284692575, 4.5572494188044885, 4.558828836172215, 4.559356091323628, 4.562781672738044, 4.566942920172234, 4.571793112331957, 4.572220070953045, 4.57596589930091, 4.579513533844857, 4.580375507497869, 4.591279551292023, 4.5921952473292285, 4.5938103615013315, 4.606814700062162, 4.616103138217187, 4.626071592033516, 4.6329617716857925, 4.656984230592798]"
"5,10,10,10","[4.448776781822323, 4.486157754596706, 4.4887554673417736, 4.490717172988035, 4.496859993149612, 4.497394994787092, 4.505151317760661, 4.517144887333109, 4.5241415194521, 4.524975967123279, 4.526793064221139, 4.529668236520825, 4.534457158730557, 4.536925044524756, 4.537916313530172, 4.5379680501533635, 4.538132932377863, 4.539907040362612, 4.541325536677314, 4.541808224403492, 4.541984799074966, 4.5463280592288084, 4.546364475323711, 4.54650067380738, 4.548304379941414, 4.548363251770732, 4.548701034820144, 4.549120295556323, 4.5495082158562035, 4.551949528268703, 4.552279241909807, 4.5545961284692575, 4.5572494188044885, 4.558828836172215, 4.559356091323628, 4.562781672738044, 4.566942920172234, 4.571793112331957, 4.572220070953045, 4.57596589930091, 4.579513533844857, 4.580375507497869, 4.591279551292023, 4.5921952473292285, 4.5938103615013315, 4.606814700062162, 4.616103138217187, 4.626071592033516, 4.6329617716857925, 4.656984230592798]"
"5,10,10,50","[4.448776781822323, 4.486157754596706, 4.4887554673417736, 4.490717172988035, 4.496859993149612, 4.497394994787092, 4.505151317760661, 4.517144887333109, 4.5241415194521, 4.524975967123279, 4.526793064221139, 4.529668236520825, 4.534457158730557, 4.536925044524756, 4.537916313530172, 4.5379680501533635, 4.538132932377863, 4.539907040362612, 4.541325536677314, 4.541808224403492, 4.541984799074966, 4.5463280592288084, 4.546364475323711, 4.54650067380738, 4.548304379941414, 4.548363251770732, 4.548701034820144, 4.549120295556323, 4.5495082158562035, 4.551949528268703, 4.552279241909807, 4.5545961284692575, 4.5572494188044885, 4.558828836172215, 4.559356091323628, 4.562781672738044, 4.566942920172234, 4.571793112331957, 4.572220070953045, 4.57596589930091, 4.579513533844857, 4.580375507497869, 4.591279551292023, 4.5921952473292285, 4.5938103615013315, 4.606814700062162, 4.616103138217187, 4.626071592033516, 4.6329617716857925, 4.656984230592798]"
"5,10,50,5","[4.448776781822323, 4.486157754596706, 4.4887554673417736, 4.490717172988035, 4.496859993149612, 4.497394994787092, 4.505151317760661, 4.517144887333109, 4.5241415194521, 4.524975967123279, 4.526793064221139, 4.529668236520825, 4.534457158730557, 4.536925044524756, 4.537916313530172, 4.5379680501533635, 4.538132932377863, 4.539907040362612, 4.541325536677314, 4.541808224403492, 4.541984799074966, 4.5463280592288084, 4.546364475323711, 4.54650067380738, 4.548304379941414, 4.548363251770732, 4.548701034820144, 4.549120295556323, 4.5495082158562035, 4.551949528268703, 4.552279241909807, 4.5545961284692575, 4.5572494188044885, 4.558828836172215, 4.559356091323628, 4.562781672738044, 4.566942920172234, 4.571793112331957, 4.572220070953045, 4.57596589930091, 4.579513533844857, 4.580375507497869, 4.591279551292023, 4.5921952473292285, 4.5938103615013315, 4.606814700062162, 4.616103138217187, 4.626071592033516, 4.6329617716857925, 4.656984230592798]"
"5,10,50,10","[4.583423899222661, 4.586959274789594, 4.5965465151553975, 4.608292830213143, 4.611506229410358, 4.62322899754094, 4.625055009271877, 4.630263814276187, 4.631778205577218, 4.633148976836671, 4.634506302161822, 4.635038907546787, 4.636890299974293, 4.637229287657546, 4.638297152175712, 4.6392094348436475, 4.639613145820095, 4.641596022553043, 4.641901754984804, 4.644365728456409, 4.644427587004526, 4.644890707579126, 4.64503463178951, 4.6452320844813455, 4.645665919386312, 4.645827405418109, 4.6466932759832345, 4.647948681621201, 4.648890040219652, 4.649335826334206, 4.64951517596021, 4.653921071381511, 4.654367820896663, 4.659291817795449, 4.66281729553178, 4.663267961046384, 4.6667787098039755, 4.670197421035513, 4.670579783789452, 4.671793498682425, 4.675972692335913, 4.6778562200308915, 4.680030489435199, 4.702418255837306, 4.7160823622464445, 4.7179314567849095, 4.724125709642272, 4.7250780124795195, 4.743851097471205, 4.751902729153466]"
"5,10,50,50","[4.409320719378529, 4.470112643986203, 4.476432899106871, 4.503388866147258, 4.508722833376056, 4.513033587979675, 4.514572036938275, 4.5147388229498695, 4.521409108199057, 4.525478237560954, 4.526234486473743, 4.5318586692647855, 4.533335153399638, 4.538960672970704, 4.540177806157214, 4.541228154285937, 4.542211339112331, 4.543225293089683, 4.543833313560121, 4.544468510919923, 4.544864603668798, 4.545893383330111, 4.54867513806847, 4.5487526211599985, 4.551044581771483, 4.551354799728198, 4.552121756840292, 4.552351102268704, 4.552610744876856, 4.55372516872376, 4.553754791494959, 4.554255977384272, 4.554941872826926, 4.556373093246383, 4.558432270338976, 4.5631187879688175, 4.564889253949648, 4.5708944393611235, 4.577616264920468, 4.579136549251577, 4.579998338594835, 4.580471895404355, 4.580838164380607, 4.581914361025347, 4.586188000900207, 4.605455621786254, 4.609956551834152, 4.611664208905079, 4.613029218617057, 4.623328481847878]"
"5,50,5,5","[4.409320719378529, 4.470112643986203, 4.476432899106871, 4.503388866147258, 4.508722833376056, 4.513033587979675, 4.514572036938275, 4.5147388229498695, 4.521409108199057, 4.525478237560954, 4.526234486473743, 4.5318586692647855, 4.533335153399638, 4.538960672970704, 4.540177806157214, 4.541228154285937, 4.542211339112331, 4.543225293089683, 4.543833313560121, 4.544468510919923, 4.544864603668798, 4.545893383330111, 4.54867513806847, 4.5487526211599985, 4.551044581771483, 4.551354799728198, 4.552121756840292, 4.552351102268704, 4.552610744876856, 4.55372516872376, 4.553754791494959, 4.554255977384272, 4.554941872826926, 4.556373093246383, 4.558432270338976, 4.5631187879688175, 4.564889253949648, 4.5708944393611235, 4.577616264920468, 4.579136549251577, 4.579998338594835, 4.580471895404355, 4.580838164380607, 4.581914361025347, 4.586188000900207, 4.605455621786254, 4.609956551834152, 4.611664208905079, 4.613029218617057, 4.623328481847878]"
"5,50,5,10","[4.409320719378529, 4.470112643986203, 4.476432899106871, 4.503388866147258, 4.508722833376056, 4.513033587979675, 4.514572036938275, 4.5147388229498695, 4.521409108199057, 4.525478237560954, 4.526234486473743, 4.5318586692647855, 4.533335153399638, 4.538960672970704, 4.540177806157214, 4.541228154285937, 4.542211339112331, 4.543225293089683, 4.543833313560121, 4.544468510919923, 4.544864603668798, 4.545893383330111, 4.54867513806847, 4.5487526211599985, 4.551044581771483, 4.551354799728198, 4.552121756840292, 4.552351102268704, 4.552610744876856, 4.55372516872376, 4.553754791494959, 4.554255977384272, 4.554941872826926, 4.556373093246383, 4.558432270338976, 4.5631187879688175, 4.564889253949648, 4.5708944393611235, 4.577616264920468, 4.579136549251577, 4.579998338594835, 4.580471895404355, 4.580838164380607, 4.581914361025347, 4.586188000900207, 4.605455621786254, 4.609956551834152, 4.611664208905079, 4.613029218617057, 4.623328481847878]"
"5,50,5,50","[4.409320719378529, 4.470112643986203, 4.476432899106871, 4.503388866147258, 4.508722833376056, 4.513033587979675, 4.514572036938275, 4.5147388229498695, 4.521409108199057, 4.525478237560954, 4.526234486473743, 4.5318586692647855, 4.533335153399638, 4.538960672970704, 4.540177806157214, 4.541228154285937, 4.542211339112331, 4.543225293089683, 4.543833313560121, 4.544468510919923, 4.544864603668798, 4.545893383330111, 4.54867513806847, 4.5487526211599985, 4.551044581771483, 4.551354799728198, 4.552121756840292, 4.552351102268704, 4.552610744876856, 4.55372516872376, 4.553754791494959, 4.554255977384272, 4.554941872826926, 4.556373093246383, 4.558432270338976, 4.5631187879688175, 4.564889253949648, 4.5708944393611235, 4.577616264920468, 4.579136549251577, 4.579998338594835, 4.580471895404355, 4.580838164380607, 4.581914361025347, 4.586188000900207, 4.605455621786254, 4.609956551834152, 4.611664208905079, 4.613029218617057, 4.623328481847878]"
"5,50,10,5","[4.409320719378529, 4.470112643986203, 4.476432899106871, 4.503388866147258, 4.508722833376056, 4.513033587979675, 4.514572036938275, 4.5147388229498695, 4.521409108199057, 4.525478237560954, 4.526234486473743, 4.5318586692647855, 4.533335153399638, 4.538960672970704, 4.540177806157214, 4.541228154285937, 4.542211339112331, 4.543225293089683, 4.543833313560121, 4.544468510919923, 4.544864603668798, 4.545893383330111, 4.54867513806847, 4.5487526211599985, 4.551044581771483, 4.551354799728198, 4.552121756840292, 4.552351102268704, 4.552610744876856, 4.55372516872376, 4.553754791494959, 4.554255977384272, 4.554941872826926, 4.556373093246383, 4.558432270338976, 4.5631187879688175, 4.564889253949648, 4.5708944393611235, 4.577616264920468, 4.579136549251577, 4.579998338594835, 4.580471895404355, 4.580838164380607, 4.581914361025347, 4.586188000900207, 4.605455621786254, 4.609956551834152, 4.611664208905079, 4.613029218617057, 4.623328481847878]"
"5,50,10,10","[4.409320719378529, 4.470112643986203, 4.476432899106871, 4.503388866147258, 4.508722833376056, 4.513033587979675, 4.514572036938275, 4.5147388229498695, 4.521409108199057, 4.525478237560954, 4.526234486473743, 4.5318586692647855, 4.533335153399638, 4.538960672970704, 4.540177806157214, 4.541228154285937, 4.542211339112331, 4.543225293089683, 4.543833313560121, 4.544468510919923, 4.544864603668798, 4.545893383330111, 4.54867513806847, 4.5487526211599985, 4.551044581771483, 4.551354799728198, 4.552121756840292, 4.552351102268704, 4.552610744876856, 4.55372516872376, 4.553754791494959, 4.554255977384272, 4.554941872826926, 4.556373093246383, 4.558432270338976, 4.5631187879688175, 4.564889253949648, 4.5708944393611235, 4.577616264920468, 4.579136549251577, 4.579998338594835, 4.580471895404355, 4.580838164380607, 4.581914361025347, 4.586188000900207, 4.605455621786254, 4.609956551834152, 4.611664208905079, 4.613029218617057, 4.623328481847878]"
"5,50,10,50","[4.409320719378529, 4.470112643986203, 4.476432899106871, 4.503388866147258, 4.508722833376056, 4.513033587979675, 4.514572036938275, 4.5147388229498695, 4.521409108199057, 4.525478237560954, 4.526234486473743, 4.5318586692647855, 4.533335153399638, 4.538960672970704, 4.540177806157214, 4.541228154285937, 4.542211339112331, 4.543225293089683, 4.543833313560121, 4.544468510919923, 4.544864603668798, 4.545893383330111, 4.54867513806847, 4.5487526211599985, 4.551044581771483, 4.551354799728198, 4.552121756840292, 4.552351102268704, 4.552610744876856, 4.55372516872376, 4.553754791494959, 4.554255977384272, 4.554941872826926, 4.556373093246383, 4.558432270338976, 4.5631187879688175, 4.564889253949648, 4.5708944393611235, 4.577616264920468, 4.579136549251577, 4.579998338594835, 4.580471895404355, 4.580838164380607, 4.581914361025347, 4.586188000900207, 4.605455621786254, 4.609956551834152, 4.611664208905079, 4.613029218617057, 4.623328481847878]"
"5,50,50,5","[4.276960055679905, 4.478142066707078, 4.497254818612319, 4.50520706157435, 4.527276028413318, 4.531486331236099, 4.533475582390983, 4.539670044418163, 4.544327671406182, 4.54509258681631, 4.5462589325312255, 4.5489329092394835, 4.549286396759545, 4.549489671026157, 4.550078890692227, 4.550209662595073, 4.555391087624052, 4.5553940215952995, 4.557305515111165, 4.557766841963108, 4.5588225325140375, 4.559381191559397, 4.559491692274543, 4.560212149856963, 4.560244506777653, 4.560598275030236, 4.5609958587466215, 4.561527081430758, 4.562029486123872, 4.565417541478576, 4.565910937759736, 4.566781648841088, 4.56709056199794, 4.5677806390997615, 4.568299658490874, 4.572488905756369, 4.573732537686138, 4.5740388955820075, 4.574374864052374, 4.5765439393837335, 4.579629827293054, 4.583012226219612, 4.5845561668854735, 4.587026732078104, 4.5987545939133625, 4.602572641241832, 4.606755038005819, 4.625371988411568, 4.626225404867569, 4.644513985154108]"
"5,50,50,10","[4.486602727273648, 4.551516955690861, 4.559039563240699, 4.569753208658623, 4.571206797736635, 4.582154054612866, 4.586872546113281, 4.587556969105613, 4.596526513421102, 4.598125099109035, 4.6032764543931695, 4.608126875842201, 4.608277529487566, 4.608305348743079, 4.608360473463168, 4.609675476910999, 4.610382702298333, 4.611405575070915, 4.611784456086109, 4.611843536419555, 4.61196898346009, 4.612229194475984, 4.612518758322092, 4.612556471029008, 4.612686201122026, 4.6137707850638225, 4.614396732187113, 4.6145273499379815, 4.6166468234394324, 4.616942735962972, 4.617431840283924, 4.621089460446764, 4.622037472408435, 4.624280838381366, 4.625968133954432, 4.626279613977073, 4.626529716205337, 4.627838727279314, 4.627970522954691, 4.630801365536335, 4.631000732804717, 4.633929139238608, 4.637628386904866, 4.639098994284265, 4.640943018396461, 4.652393743222828, 4.656822667853885, 4.664342047601582, 4.667648016361498, 4.6775131531120175]"
"5,50,50,50","[4.486602727273648, 4.551516955690861, 4.559039563240699, 4.569753208658623, 4.571206797736635, 4.582154054612866, 4.586872546113281, 4.587556969105613, 4.596526513421102, 4.598125099109035, 4.6032764543931695, 4.608126875842201, 4.608277529487566, 4.608305348743079, 4.608360473463168, 4.609675476910999, 4.610382702298333, 4.611405575070915, 4.611784456086109, 4.611843536419555, 4.61196898346009, 4.612229194475984, 4.612518758322092, 4.612556471029008, 4.612686201122026, 4.6137707850638225, 4.614396732187113, 4.6145273499379815, 4.6166468234394324, 4.616942735962972, 4.617431840283924, 4.621089460446764, 4.622037472408435, 4.624280838381366, 4.625968133954432, 4.626279613977073, 4.626529716205337, 4.627838727279314, 4.627970522954691, 4.630801365536335, 4.631000732804717, 4.633929139238608, 4.637628386904866, 4.639098994284265, 4.640943018396461, 4.652393743222828, 4.656822667853885, 4.664342047601582, 4.667648016361498, 4.6775131531120175]"
"10,5,5,5","[4.486602727273648, 4.551516955690861, 4.559039563240699, 4.569753208658623, 4.571206797736635, 4.582154054612866, 4.586872546113281, 4.587556969105613, 4.596526513421102, 4.598125099109035, 4.6032764543931695, 4.608126875842201, 4.608277529487566, 4.608305348743079, 4.608360473463168, 4.609675476910999, 4.610382702298333, 4.611405575070915, 4.611784456086109, 4.611843536419555, 4.61196898346009, 4.612229194475984, 4.612518758322092, 4.612556471029008, 4.612686201122026, 4.6137707850638225, 4.614396732187113, 4.6145273499379815, 4.6166468234394324, 4.616942735962972, 4.617431840283924, 4.621089460446764, 4.622037472408435, 4.624280838381366, 4.625968133954432, 4.626279613977073, 4.626529716205337, 4.627838727279314, 4.627970522954691, 4.630801365536335, 4.631000732804717, 4.633929139238608, 4.637628386904866, 4.639098994284265, 4.640943018396461, 4.652393743222828, 4.656822667853885, 4.664342047601582, 4.667648016361498, 4.6775131531120175]"
"10,5,5,10","[4.486602727273648, 4.551516955690861, 4.559039563240699, 4.569753208658623, 4.571206797736635, 4.582154054612866, 4.586872546113281, 4.587556969105613, 4.596526513421102, 4.598125099109035, 4.6032764543931695, 4.608126875842201, 4.608277529487566, 4.608305348743079, 4.608360473463168, 4.609675476910999, 4.610382702298333, 4.611405575070915, 4.611784456086109, 4.611843536419555, 4.61196898346009, 4.612229194475984, 4.612518758322092, 4.612556471029008, 4.612686201122026, 4.6137707850638225, 4.614396732187113, 4.6145273499379815, 4.6166468234394324, 4.616942735962972, 4.617431840283924, 4.621089460446764, 4.622037472408435, 4.624280838381366, 4.625968133954432, 4.626279613977073, 4.626529716205337, 4.627838727279314, 4.627970522954691, 4.630801365536335, 4.631000732804717, 4.633929139238608, 4.637628386904866, 4.639098994284265, 4.640943018396461, 4.652393743222828, 4.656822667853885, 4.664342047601582, 4.667648016361498, 4.6775131531120175]"
"10,5,5,50","[4.486602727273648, 4.551516955690861, 4.559039563240699, 4.569753208658623, 4.571206797736635, 4.582154054612866, 4.586872546113281, 4.587556969105613, 4.596526513421102, 4.598125099109035, 4.6032764543931695, 4.608126875842201, 4.608277529487566, 4.608305348743079, 4.608360473463168, 4.609675476910999, 4.610382702298333, 4.611405575070915, 4.611784456086109, 4.611843536419555, 4.61196898346009, 4.612229194475984, 4.612518758322092, 4.612556471029008, 4.612686201122026, 4.6137707850638225, 4.614396732187113, 4.6145273499379815, 4.6166468234394324, 4.616942735962972, 4.617431840283924, 4.621089460446764, 4.622037472408435, 4.624280838381366, 4.625968133954432, 4.626279613977073, 4.626529716205337, 4.627838727279314, 4.627970522954691, 4.630801365536335, 4.631000732804717, 4.633929139238608, 4.637628386904866, 4.639098994284265, 4.640943018396461, 4.652393743222828, 4.656822667853885, 4.664342047601582, 4.667648016361498, 4.6775131531120175]"
"10,5,10,5","[4.486602727273648, 4.551516955690861, 4.559039563240699, 4.569753208658623, 4.571206797736635, 4.582154054612866, 4.586872546113281, 4.587556969105613, 4.596526513421102, 4.598125099109035, 4.6032764543931695, 4.608126875842201, 4.608277529487566, 4.608305348743079, 4.608360473463168, 4.609675476910999, 4.610382702298333, 4.611405575070915, 4.611784456086109, 4.611843536419555, 4.61196898346009, 4.612229194475984, 4.612518758322092, 4.612556471029008, 4.612686201122026, 4.6137707850638225, 4.614396732187113, 4.6145273499379815, 4.6166468234394324, 4.616942735962972, 4.617431840283924, 4.621089460446764, 4.622037472408435, 4.624280838381366, 4.625968133954432, 4.626279613977073, 4.626529716205337, 4.627838727279314, 4.627970522954691, 4.630801365536335, 4.631000732804717, 4.633929139238608, 4.637628386904866, 4.639098994284265, 4.640943018396461, 4.652393743222828, 4.656822667853885, 4.664342047601582, 4.667648016361498, 4.6775131531120175]"
"10,5,10,10","[4.486602727273648, 4.551516955690861, 4.559039563240699, 4.569753208658623, 4.571206797736635, 4.582154054612866, 4.586872546113281, 4.587556969105613, 4.596526513421102, 4.598125099109035, 4.6032764543931695, 4.608126875842201, 4.608277529487566, 4.608305348743079, 4.608360473463168, 4.609675476910999, 4.610382702298333, 4.611405575070915, 4.611784456086109, 4.611843536419555, 4.61196898346009, 4.612229194475984, 4.612518758322092, 4.612556471029008, 4.612686201122026, 4.6137707850638225, 4.614396732187113, 4.6145273499379815, 4.6166468234394324, 4.616942735962972, 4.617431840283924, 4.621089460446764, 4.622037472408435, 4.624280838381366, 4.625968133954432, 4.626279613977073, 4.626529716205337, 4.627838727279314, 4.627970522954691, 4.630801365536335, 4.631000732804717, 4.633929139238608, 4.637628386904866, 4.639098994284265, 4.640943018396461, 4.652393743222828, 4.656822667853885, 4.664342047601582, 4.667648016361498, 4.6775131531120175]"
"10,5,10,50","[4.506855123387539, 4.526794686528639, 4.530866372932112, 4.559504712899941, 4.565177236763979, 4.565436635834496, 4.570626633471599, 4.581039925600157, 4.581538834967342, 4.58502334158219, 4.586933099241583, 4.588677258503554, 4.592271302850688, 4.592801204411483, 4.593897429659822, 4.594708666110242, 4.597290052118441, 4.598963000148644, 4.599099123300657, 4.599302684817552, 4.60280626704319, 4.603299344156614, 4.603493029949138, 4.6036599130254565, 4.604632324314315, 4.6059446223614025, 4.606149912254807, 4.6065429045007, 4.606997033049827, 4.608190477133303, 4.611049802967087, 4.6143083077290985, 4.616690301499419, 4.616808793611882, 4.620315858946648, 4.623891435337701, 4.6272169406599115, 4.63358495027039, 4.634005720553168, 4.634106853166099, 4.63871225529813, 4.639613208773472, 4.6485119958943315, 4.650245388649802, 4.656598466870073, 4.657810550251768, 4.6618546430320755, 4.667327169779906, 4.676648364250139, 4.717540320056303]"
"10,5,50,5","[4.478223882444572, 4.480893194004704, 4.485588291455923, 4.495195968793777, 4.507713153649453, 4.509591985790908, 4.513549385860111, 4.518393739994764, 4.520254340950281, 4.530195360079689, 4.531998532565373, 4.534442811878945, 4.5375811718777594, 4.543026994666423, 4.545108344002521, 4.5519629005520805, 4.551967387020018, 4.553794474934619, 4.556637006757782, 4.557130820683838, 4.557747874452684, 4.557884415828382, 4.557954948273894, 4.558312514633886, 4.55861815743157, 4.559259409012992, 4.559323455388147, 4.560901877407577, 4.561203158235009, 4.562781667697741, 4.564790055197646, 4.566771149768695, 4.567225110845525, 4.567746566020106, 4.568296420994488, 4.571335261443794, 4.5763279973019335, 4.580773612219907, 4.5869826750151175, 4.5891594177388475, 4.589426201694974, 4.589647896496462, 4.607506583489001, 4.611378485910136, 4.611590466242868, 4.6321150021339665, 4.634585632586692, 4.65264589028478, 4.654791971665714, 4.697786257408933]"
"10,5,50,10","[4.478223882444572, 4.480893194004704, 4.485588291455923, 4.495195968793777, 4.507713153649453, 4.509591985790908, 4.513549385860111, 4.518393739994764, 4.520254340950281, 4.530195360079689, 4.531998532565373, 4.534442811878945, 4.5375811718777594, 4.543026994666423, 4.545108344002521, 4.5519629005520805, 4.551967387020018, 4.553794474934619, 4.556637006757782, 4.557130820683838, 4.557747874452684, 4.557884415828382, 4.557954948273894, 4.558312514633886, 4.55861815743157, 4.559259409012992, 4.559323455388147, 4.560901877407577, 4.561203158235009, 4.562781667697741, 4.564790055197646, 4.566771149768695, 4.567225110845525, 4.567746566020106, 4.568296420994488, 4.571335261443794, 4.5763279973019335, 4.580773612219907, 4.5869826750151175, 4.5891594177388475, 4.589426201694974, 4.589647896496462, 4.607506583489001, 4.611378485910136, 4.611590466242868, 4.6321150021339665, 4.634585632586692, 4.65264589028478, 4.654791971665714, 4.697786257408933]"
"10,5,50,50","[4.478223882444572, 4.480893194004704, 4.485588291455923, 4.495195968793777, 4.507713153649453, 4.509591985790908, 4.513549385860111, 4.518393739994764, 4.520254340950281, 4.530195360079689, 4.531998532565373, 4.534442811878945, 4.5375811718777594, 4.543026994666423, 4.545108344002521, 4.5519629005520805, 4.551967387020018, 4.553794474934619, 4.556637006757782, 4.557130820683838, 4.557747874452684, 4.557884415828382, 4.557954948273894, 4.558312514633886, 4.55861815743157, 4.559259409012992, 4.559323455388147, 4.560901877407577, 4.561203158235009, 4.562781667697741, 4.564790055197646, 4.566771149768695, 4.567225110845525, 4.567746566020106, 4.568296420994488, 4.571335261443794, 4.5763279973019335, 4.580773612219907, 4.5869826750151175, 4.5891594177388475, 4.589426201694974, 4.589647896496462, 4.607506583489001, 4.611378485910136, 4.611590466242868, 4.6321150021339665, 4.634585632586692, 4.65264589028478, 4.654791971665714, 4.697786257408933]"
"10,10,5,5","[4.478223882444572, 4.480893194004704, 4.485588291455923, 4.495195968793777, 4.507713153649453, 4.509591985790908, 4.513549385860111, 4.518393739994764, 4.520254340950281, 4.530195360079689, 4.531998532565373, 4.534442811878945, 4.5375811718777594, 4.543026994666423, 4.545108344002521, 4.5519629005520805, 4.551967387020018, 4.553794474934619, 4.556637006757782, 4.557130820683838, 4.557747874452684, 4.557884415828382, 4.557954948273894, 4.558312514633886, 4.55861815743157, 4.559259409012992, 4.559323455388147, 4.560901877407577, 4.561203158235009, 4.562781667697741, 4.564790055197646, 4.566771149768695, 4.567225110845525, 4.567746566020106, 4.568296420994488, 4.571335261443794, 4.5763279973019335, 4.580773612219907, 4.5869826750151175, 4.5891594177388475, 4.589426201694974, 4.589647896496462, 4.607506583489001, 4.611378485910136, 4.611590466242868, 4.6321150021339665, 4.634585632586692, 4.65264589028478, 4.654791971665714, 4.697786257408933]"
"10,10,5,10","[4.478223882444572, 4.480893194004704, 4.485588291455923, 4.495195968793777, 4.507713153649453, 4.509591985790908, 4.513549385860111, 4.518393739994764, 4.520254340950281, 4.530195360079689, 4.531998532565373, 4.534442811878945, 4.5375811718777594, 4.543026994666423, 4.545108344002521, 4.5519629005520805, 4.551967387020018, 4.553794474934619, 4.556637006757782, 4.557130820683838, 4.557747874452684, 4.557884415828382, 4.557954948273894, 4.558312514633886, 4.55861815743157, 4.559259409012992, 4.559323455388147, 4.560901877407577, 4.561203158235009, 4.562781667697741, 4.564790055197646, 4.566771149768695, 4.567225110845525, 4.567746566020106, 4.568296420994488, 4.571335261443794, 4.5763279973019335, 4.580773612219907, 4.5869826750151175, 4.5891594177388475, 4.589426201694974, 4.589647896496462, 4.607506583489001, 4.611378485910136, 4.611590466242868, 4.6321150021339665, 4.634585632586692, 4.65264589028478, 4.654791971665714, 4.697786257408933]"
"10,10,5,50","[4.478223882444572, 4.480893194004704, 4.485588291455923, 4.495195968793777, 4.507713153649453, 4.509591985790908, 4.513549385860111, 4.518393739994764, 4.520254340950281, 4.530195360079689, 4.531998532565373, 4.534442811878945, 4.5375811718777594, 4.543026994666423, 4.545108344002521, 4.5519629005520805, 4.551967387020018, 4.553794474934619, 4.556637006757782, 4.557130820683838, 4.557747874452684, 4.557884415828382, 4.557954948273894, 4.558312514633886, 4.55861815743157, 4.559259409012992, 4.559323455388147, 4.560901877407577, 4.561203158235009, 4.562781667697741, 4.564790055197646, 4.566771149768695, 4.567225110845525, 4.567746566020106, 4.568296420994488, 4.571335261443794, 4.5763279973019335, 4.580773612219907, 4.5869826750151175, 4.5891594177388475, 4.589426201694974, 4.589647896496462, 4.607506583489001, 4.611378485910136, 4.611590466242868, 4.6321150021339665, 4.634585632586692, 4.65264589028478, 4.654791971665714, 4.697786257408933]"
"10,10,10,5","[4.478223882444572, 4.480893194004704, 4.485588291455923, 4.495195968793777, 4.507713153649453, 4.509591985790908, 4.513549385860111, 4.518393739994764, 4.520254340950281, 4.530195360079689, 4.531998532565373, 4.534442811878945, 4.5375811718777594, 4.543026994666423, 4.545108344002521, 4.5519629005520805, 4.551967387020018, 4.553794474934619, 4.556637006757782, 4.557130820683838, 4.557747874452684, 4.557884415828382, 4.557954948273894, 4.558312514633886, 4.55861815743157, 4.559259409012992, 4.559323455388147, 4.560901877407577, 4.561203158235009, 4.562781667697741, 4.564790055197646, 4.566771149768695, 4.567225110845525, 4.567746566020106, 4.568296420994488, 4.571335261443794, 4.5763279973019335, 4.580773612219907, 4.5869826750151175, 4.5891594177388475, 4.589426201694974, 4.589647896496462, 4.607506583489001, 4.611378485910136, 4.611590466242868, 4.6321150021339665, 4.634585632586692, 4.65264589028478, 4.654791971665714, 4.697786257408933]"
"10,10,10,10","[4.402271736527378, 4.471627179288328, 4.495916381893887, 4.525791880860697, 4.537834041467267, 4.554689339962137, 4.559020164099292, 4.560769107326604, 4.56234521636986, 4.565772094506725, 4.566306642746973, 4.569411292214744, 4.57038597613313, 4.570472434877722, 4.571316132468507, 4.5721799192075085, 4.573938986597955, 4.5745622184219705, 4.57507537370752, 4.575892371082057, 4.576722376429593, 4.578366000293188, 4.580801482719816, 4.581954972149267, 4.581960918397827, 4.582400874106161, 4.58268091579578, 4.585071996196342, 4.585841768114825, 4.5866665909352164, 4.587857470728411, 4.589153016239489, 4.590690733051946, 4.591014634416405, 4.591268105079945, 4.591538666980482, 4.591998365611006, 4.593572599061945, 4.595896341811488, 4.598470976201785, 4.60280406648986, 4.608270200074278, 4.608528831920213, 4.612914276502245, 4.622809410503749, 4.6349849595047985, 4.638904659143179, 4.640157777869802, 4.657192583520251, 4.7572280777711375]"
"10,10,10,50","[4.518340938522991, 4.526644537322972, 4.542071713846718, 4.553808930765928, 4.558325251691584, 4.558643588940169, 4.5592240368200425, 4.573461928072768, 4.576598861174759, 4.596180203263187, 4.597257173136757, 4.598369830206255, 4.5987758266504475, 4.600900460157529, 4.603284729104735, 4.603787175564766, 4.604202182801285, 4.608439951370113, 4.611187964721047, 4.612280601503811, 4.612694810014128, 4.6130684156311155, 4.61321364889385, 4.61383330695387, 4.614351938017872, 4.615165791033389, 4.615206575111223, 4.616030751690164, 4.616152708981271, 4.61649653504991, 4.617237372702624, 4.617868329994548, 4.620096873067416, 4.622457949791056, 4.622937773477525, 4.623821144972272, 4.634497405018841, 4.6381999810764025, 4.638652740596682, 4.64578515731223, 4.645969769141684, 4.6470089694905505, 4.649401639038178, 4.655498675635315, 4.660303039619151, 4.664534950682498, 4.671189027731388, 4.68085098076986, 4.699791616220656, 4.756300354651372]"
"10,10,50,5","[4.518340938522991, 4.526644537322972, 4.542071713846718, 4.553808930765928, 4.558325251691584, 4.558643588940169, 4.5592240368200425, 4.573461928072768, 4.576598861174759, 4.596180203263187, 4.597257173136757, 4.598369830206255, 4.5987758266504475, 4.600900460157529, 4.603284729104735, 4.603787175564766, 4.604202182801285, 4.608439951370113, 4.611187964721047, 4.612280601503811, 4.612694810014128, 4.6130684156311155, 4.61321364889385, 4.61383330695387, 4.614351938017872, 4.615165791033389, 4.615206575111223, 4.616030751690164, 4.616152708981271, 4.61649653504991, 4.617237372702624, 4.617868329994548, 4.620096873067416, 4.622457949791056, 4.622937773477525, 4.623821144972272, 4.634497405018841, 4.6381999810764025, 4.638652740596682, 4.64578515731223, 4.645969769141684, 4.6470089694905505, 4.649401639038178, 4.655498675635315, 4.660303039619151, 4.664534950682498, 4.671189027731388, 4.68085098076986, 4.699791616220656, 4.756300354651372]"
"10,10,50,10","[4.518340938522991, 4.526644537322972, 4.542071713846718, 4.553808930765928, 4.558325251691584, 4.558643588940169, 4.5592240368200425, 4.573461928072768, 4.576598861174759, 4.596180203263187, 4.597257173136757, 4.598369830206255, 4.5987758266504475, 4.600900460157529, 4.603284729104735, 4.603787175564766, 4.604202182801285, 4.608439951370113, 4.611187964721047, 4.612280601503811, 4.612694810014128, 4.6130684156311155, 4.61321364889385, 4.61383330695387, 4.614351938017872, 4.615165791033389, 4.615206575111223, 4.616030751690164, 4.616152708981271, 4.61649653504991, 4.617237372702624, 4.617868329994548, 4.620096873067416, 4.622457949791056, 4.622937773477525, 4.623821144972272, 4.634497405018841, 4.6381999810764025, 4.638652740596682, 4.64578515731223, 4.645969769141684, 4.6470089694905505, 4.649401639038178, 4.655498675635315, 4.660303039619151, 4.664534950682498, 4.671189027731388, 4.68085098076986, 4.699791616220656, 4.756300354651372]"
"10,10,50,50","[4.518340938522991, 4.526644537322972, 4.542071713846718, 4.553808930765928, 4.558325251691584, 4.558643588940169, 4.5592240368200425, 4.573461928072768, 4.576598861174759, 4.596180203263187, 4.597257173136757, 4.598369830206255, 4.5987758266504475, 4.600900460157529, 4.603284729104735, 4.603787175564766, 4.604202182801285, 4.608439951370113, 4.611187964721047, 4.612280601503811, 4.612694810014128, 4.6130684156311155, 4.61321364889385, 4.61383330695387, 4.614351938017872, 4.615165791033389, 4.615206575111223, 4.616030751690164, 4.616152708981271, 4.61649653504991, 4.617237372702624, 4.617868329994548, 4.620096873067416, 4.622457949791056, 4.622937773477525, 4.623821144972272, 4.634497405018841, 4.6381999810764025, 4.638652740596682, 4.64578515731223, 4.645969769141684, 4.6470089694905505, 4.649401639038178, 4.655498675635315, 4.660303039619151, 4.664534950682498, 4.671189027731388, 4.68085098076986, 4.699791616220656, 4.756300354651372]"
"10,50,5,5","[4.518340938522991, 4.526644537322972, 4.542071713846718, 4.553808930765928, 4.558325251691584, 4.558643588940169, 4.5592240368200425, 4.573461928072768, 4.576598861174759, 4.596180203263187, 4.597257173136757, 4.598369830206255, 4.5987758266504475, 4.600900460157529, 4.603284729104735, 4.603787175564766, 4.604202182801285, 4.608439951370113, 4.611187964721047, 4.612280601503811, 4.612694810014128, 4.6130684156311155, 4.61321364889385, 4.61383330695387, 4.614351938017872, 4.615165791033389, 4.615206575111223, 4.616030751690164, 4.616152708981271, 4.61649653504991, 4.617237372702624, 4.617868329994548, 4.620096873067416, 4.622457949791056, 4.622937773477525, 4.623821144972272, 4.634497405018841, 4.6381999810764025, 4.638652740596682, 4.64578515731223, 4.645969769141684, 4.6470089694905505, 4.649401639038178, 4.655498675635315, 4.660303039619151, 4.664534950682498, 4.671189027731388, 4.68085098076986, 4.699791616220656, 4.756300354651372]"
"10,50,5,10","[4.518340938522991, 4.526644537322972, 4.542071713846718, 4.553808930765928, 4.558325251691584, 4.558643588940169, 4.5592240368200425, 4.573461928072768, 4.576598861174759, 4.596180203263187, 4.597257173136757, 4.598369830206255, 4.5987758266504475, 4.600900460157529, 4.603284729104735, 4.603787175564766, 4.604202182801285, 4.608439951370113, 4.611187964721047, 4.612280601503811, 4.612694810014128, 4.6130684156311155, 4.61321364889385, 4.61383330695387, 4.614351938017872, 4.615165791033389, 4.615206575111223, 4.616030751690164, 4.616152708981271, 4.61649653504991, 4.617237372702624, 4.617868329994548, 4.620096873067416, 4.622457949791056, 4.622937773477525, 4.623821144972272, 4.634497405018841, 4.6381999810764025, 4.638652740596682, 4.64578515731223, 4.645969769141684, 4.6470089694905505, 4.649401639038178, 4.655498675635315, 4.660303039619151, 4.664534950682498, 4.671189027731388, 4.68085098076986, 4.699791616220656, 4.756300354651372]"
"10,50,5,50","[4.518340938522991, 4.526644537322972, 4.542071713846718, 4.553808930765928, 4.558325251691584, 4.558643588940169, 4.5592240368200425, 4.573461928072768, 4.576598861174759, 4.596180203263187, 4.597257173136757, 4.598369830206255, 4.5987758266504475, 4.600900460157529, 4.603284729104735, 4.603787175564766, 4.604202182801285, 4.608439951370113, 4.611187964721047, 4.612280601503811, 4.612694810014128, 4.6130684156311155, 4.61321364889385, 4.61383330695387, 4.614351938017872, 4.615165791033389, 4.615206575111223, 4.616030751690164, 4.616152708981271, 4.61649653504991, 4.617237372702624, 4.617868329994548, 4.620096873067416, 4.622457949791056, 4.622937773477525, 4.623821144972272, 4.634497405018841, 4.6381999810764025, 4.638652740596682, 4.64578515731223, 4.645969769141684, 4.6470089694905505, 4.649401639038178, 4.655498675635315, 4.660303039619151, 4.664534950682498, 4.671189027731388, 4.68085098076986, 4.699791616220656, 4.756300354651372]"
"10,50,10,5","[4.547166432626763, 4.5489172425903055, 4.564602669209803, 4.589581440980237, 4.592734922110359, 4.596396126573118, 4.597909513149115, 4.601280394700097, 4.603790252040951, 4.610306720003355, 4.611552007137374, 4.611820670546433, 4.621193998175595, 4.623184454071144, 4.623250547151152, 4.624629321100393, 4.6253535732009965, 4.626811714210724, 4.6283598788684515, 4.628952813202293, 4.630249042130486, 4.632103685011885, 4.632240324836793, 4.632868691136702, 4.632892918217425, 4.6329865974365205, 4.63449817988196, 4.6368786090687015, 4.637292720264549, 4.639099192819016, 4.639480490008355, 4.641938109522141, 4.643290173182124, 4.643362065161591, 4.647745161665607, 4.648097492188107, 4.648471755429489, 4.649320608954958, 4.649744424332749, 4.657309966347563, 4.658202432829828, 4.6582366709862795, 4.660586562223967, 4.671194588180285, 4.672717496694201, 4.673245451868562, 4.674378540663921, 4.698993619590479, 4.700708707420283, 4.873065399402361]"
"10,50,10,10","[4.448361814382266, 4.47103915591989, 4.503840821207532, 4.5143760411380045, 4.517835651195304, 4.520567808337509, 4.527856727785396, 4.532230497182986, 4.539959694409127, 4.540664065301503, 4.545220220959642, 4.553366801271248, 4.557929712029553, 4.5606761431374885, 4.565564497252037, 4.56590287717285, 4.566085226070198, 4.566333714976919, 4.568645731375247, 4.569008230046646, 4.569727232659486, 4.570412648858013, 4.57157022863446, 4.571778090613138, 4.573214440232827, 4.576226983105748, 4.576266113218415, 4.579680791970074, 4.582950005695542, 4.583660563244848, 4.585043701235545, 4.587168728720715, 4.588980839323553, 4.589038255593098, 4.589312126525747, 4.591250124636691, 4.608606636539545, 4.621222373150855, 4.624602578575362, 4.631356239933416, 4.633078358243498, 4.635400412943148, 4.64135989526078, 4.646356694992818, 4.649321698817672, 4.650052411878197, 4.669588408624188, 4.687215581186509, 4.7077128247612485, 4.731058758415509]"
"10,50,10,50","[4.448361814382266, 4.47103915591989, 4.503840821207532, 4.5143760411380045, 4.517835651195304, 4.520567808337509, 4.527856727785396, 4.532230497182986, 4.539959694409127, 4.540664065301503, 4.545220220959642, 4.553366801271248, 4.557929712029553, 4.5606761431374885, 4.565564497252037, 4.56590287717285, 4.566085226070198, 4.566333714976919, 4.568645731375247, 4.569008230046646, 4.569727232659486, 4.570412648858013, 4.57157022863446, 4.571778090613138, 4.573214440232827, 4.576226983105748, 4.576266113218415, 4.579680791970074, 4.582950005695542, 4.583660563244848, 4.585043701235545, 4.587168728720715, 4.588980839323553, 4.589038255593098, 4.589312126525747, 4.591250124636691, 4.608606636539545, 4.621222373150855, 4.624602578575362, 4.631356239933416, 4.633078358243498, 4.635400412943148, 4.64135989526078, 4.646356694992818, 4.649321698817672, 4.650052411878197, 4.669588408624188, 4.687215581186509, 4.7077128247612485, 4.731058758415509]"
"10,50,50,5","[4.448361814382266, 4.47103915591989, 4.503840821207532, 4.5143760411380045, 4.517835651195304, 4.520567808337509, 4.527856727785396, 4.532230497182986, 4.539959694409127, 4.540664065301503, 4.545220220959642, 4.553366801271248, 4.557929712029553, 4.5606761431374885, 4.565564497252037, 4.56590287717285, 4.566085226070198, 4.566333714976919, 4.568645731375247, 4.569008230046646, 4.569727232659486, 4.570412648858013, 4.57157022863446, 4.571778090613138, 4.573214440232827, 4.576226983105748, 4.576266113218415, 4.579680791970074, 4.582950005695542, 4.583660563244848, 4.585043701235545, 4.587168728720715, 4.588980839323553, 4.589038255593098, 4.589312126525747, 4.591250124636691, 4.608606636539545, 4.621222373150855, 4.624602578575362, 4.631356239933416, 4.633078358243498, 4.635400412943148, 4.64135989526078, 4.646356694992818, 4.649321698817672, 4.650052411878197, 4.669588408624188, 4.687215581186509, 4.7077128247612485, 4.731058758415509]"
"10,50,50,10","[4.448361814382266, 4.47103915591989, 4.503840821207532, 4.5143760411380045, 4.517835651195304, 4.520567808337509, 4.527856727785396, 4.532230497182986, 4.539959694409127, 4.540664065301503, 4.545220220959642, 4.553366801271248, 4.557929712029553, 4.5606761431374885, 4.565564497252037, 4.56590287717285, 4.566085226070198, 4.566333714976919, 4.568645731375247, 4.569008230046646, 4.569727232659486, 4.570412648858013, 4.57157022863446, 4.571778090613138, 4.573214440232827, 4.576226983105748, 4.576266113218415, 4.579680791970074, 4.582950005695542, 4.583660563244848, 4.585043701235545, 4.587168728720715, 4.588980839323553, 4.589038255593098, 4.589312126525747, 4.591250124636691, 4.608606636539545, 4.621222373150855, 4.624602578575362, 4.631356239933416, 4.633078358243498, 4.635400412943148, 4.64135989526078, 4.646356694992818, 4.649321698817672, 4.650052411878197, 4.669588408624188, 4.687215581186509, 4.7077128247612485, 4.731058758415509]"
"10,50,50,50","[4.448361814382266, 4.47103915591989, 4.503840821207532, 4.5143760411380045, 4.517835651195304, 4.520567808337509, 4.527856727785396, 4.532230497182986, 4.539959694409127, 4.540664065301503, 4.545220220959642, 4.553366801271248, 4.557929712029553, 4.5606761431374885, 4.565564497252037, 4.56590287717285, 4.566085226070198, 4.566333714976919, 4.568645731375247, 4.569008230046646, 4.569727232659486, 4.570412648858013, 4.57157022863446, 4.571778090613138, 4.573214440232827, 4.576226983105748, 4.576266113218415, 4.579680791970074, 4.582950005695542, 4.583660563244848, 4.585043701235545, 4.587168728720715, 4.588980839323553, 4.589038255593098, 4.589312126525747, 4.591250124636691, 4.608606636539545, 4.621222373150855, 4.624602578575362, 4.631356239933416, 4.633078358243498, 4.635400412943148, 4.64135989526078, 4.646356694992818, 4.649321698817672, 4.650052411878197, 4.669588408624188, 4.687215581186509, 4.7077128247612485, 4.731058758415509]"
"50,5,5,5","[4.448361814382266, 4.47103915591989, 4.503840821207532, 4.5143760411380045, 4.517835651195304, 4.520567808337509, 4.527856727785396, 4.532230497182986, 4.539959694409127, 4.540664065301503, 4.545220220959642, 4.553366801271248, 4.557929712029553, 4.5606761431374885, 4.565564497252037, 4.56590287717285, 4.566085226070198, 4.566333714976919, 4.568645731375247, 4.569008230046646, 4.569727232659486, 4.570412648858013, 4.57157022863446, 4.571778090613138, 4.573214440232827, 4.576226983105748, 4.576266113218415, 4.579680791970074, 4.582950005695542, 4.583660563244848, 4.585043701235545, 4.587168728720715, 4.588980839323553, 4.589038255593098, 4.589312126525747, 4.591250124636691, 4.608606636539545, 4.621222373150855, 4.624602578575362, 4.631356239933416, 4.633078358243498, 4.635400412943148, 4.64135989526078, 4.646356694992818, 4.649321698817672, 4.650052411878197, 4.669588408624188, 4.687215581186509, 4.7077128247612485, 4.731058758415509]"
"50,5,5,10","[4.448361814382266, 4.47103915591989, 4.503840821207532, 4.5143760411380045, 4.517835651195304, 4.520567808337509, 4.527856727785396, 4.532230497182986, 4.539959694409127, 4.540664065301503, 4.545220220959642, 4.553366801271248, 4.557929712029553, 4.5606761431374885, 4.565564497252037, 4.56590287717285, 4.566085226070198, 4.566333714976919, 4.568645731375247, 4.569008230046646, 4.569727232659486, 4.570412648858013, 4.57157022863446, 4.571778090613138, 4.573214440232827, 4.576226983105748, 4.576266113218415, 4.579680791970074, 4.582950005695542, 4.583660563244848, 4.585043701235545, 4.587168728720715, 4.588980839323553, 4.589038255593098, 4.589312126525747, 4.591250124636691, 4.608606636539545, 4.621222373150855, 4.624602578575362, 4.631356239933416, 4.633078358243498, 4.635400412943148, 4.64135989526078, 4.646356694992818, 4.649321698817672, 4.650052411878197, 4.669588408624188, 4.687215581186509, 4.7077128247612485, 4.731058758415509]"
"50,5,5,50","[4.500997460783642, 4.533312447147384, 4.548980042571599, 4.56285800180331, 4.562859302900532, 4.572470675435577, 4.57790414402582, 4.583551053076195, 4.589890872410421, 4.5908936217007215, 4.594956546822109, 4.595304836016596, 4.599964732950545, 4.601334013429038, 4.601562239857187, 4.603594928040673, 4.603854450018274, 4.604955270732859, 4.606122715873497, 4.608069167385633, 4.609317012695594, 4.60983833099146, 4.610139948679343, 4.610249988155874, 4.610602784462554, 4.611238052729069, 4.612946644256137, 4.612957381574653, 4.615629364542204, 4.616065854091645, 4.618320933288271, 4.619087957505338, 4.619635748260841, 4.619769330949182, 4.621938487440117, 4.625365056909793, 4.62587304462926, 4.627132353249781, 4.630354096593612, 4.630587271424666, 4.632564389919105, 4.6341998272796925, 4.637261074772331, 4.63853987041301, 4.640464931834302, 4.669058663442079, 4.670865007951882, 4.694529565900153, 4.70862770538854, 4.743580148752564]"
"50,5,10,5","[4.357881095499521, 4.487752838374654, 4.493193281236086, 4.502014441017692, 4.504090005143128, 4.5054981854860126, 4.508301641366075, 4.517005363509202, 4.523031086098361, 4.532527485418118, 4.533000193001826, 4.534103065868266, 4.535314153446733, 4.536895998610259, 4.538284209370021, 4.539495199643613, 4.543210081705007, 4.543507645327275, 4.548234462822413, 4.552090286556395, 4.556414783844552, 4.560226093294671, 4.562725683297105, 4.562919491390005, 4.563003434814678, 4.563018732747944, 4.565772846374856, 4.568423029138255, 4.571702535231274, 4.572641690959625, 4.576207689935128, 4.576627040115529, 4.578096992800235, 4.578309275567273, 4.578310177828015, 4.583711675725652, 4.58415797211473, 4.584421689435925, 4.586193231338104, 4.586538036827972, 4.5868915905699446, 4.58797570650626, 4.594975166498485, 4.595585800018994, 4.595914140275979, 4.613128666203216, 4.6134731620611396, 4.616097434283315, 4.672764309793769, 4.685364140436978]"
"50,5,10,10","[4.357881095499521, 4.487752838374654, 4.493193281236086, 4.502014441017692, 4.504090005143128, 4.5054981854860126, 4.508301641366075, 4.517005363509202, 4.523031086098361, 4.532527485418118, 4.533000193001826, 4.534103065868266, 4.535314153446733, 4.536895998610259, 4.538284209370021, 4.539495199643613, 4.543210081705007, 4.543507645327275, 4.548234462822413, 4.552090286556395, 4.556414783844552, 4.560226093294671, 4.562725683297105, 4.562919491390005, 4.563003434814678, 4.563018732747944, 4.565772846374856, 4.568423029138255, 4.571702535231274, 4.572641690959625, 4.576207689935128, 4.576627040115529, 4.578096992800235, 4.578309275567273, 4.578310177828015, 4.583711675725652, 4.58415797211473, 4.584421689435925, 4.586193231338104, 4.586538036827972, 4.5868915905699446, 4.58797570650626, 4.594975166498485, 4.595585800018994, 4.595914140275979, 4.613128666203216, 4.6134731620611396, 4.616097434283315, 4.672764309793769, 4.685364140436978]"
"50,5,10,50","[4.357881095499521, 4.487752838374654, 4.493193281236086, 4.502014441017692, 4.504090005143128, 4.5054981854860126, 4.508301641366075, 4.517005363509202, 4.523031086098361, 4.532527485418118, 4.533000193001826, 4.534103065868266, 4.535314153446733, 4.536895998610259, 4.538284209370021, 4.539495199643613, 4.543210081705007, 4.543507645327275, 4.548234462822413, 4.552090286556395, 4.556414783844552, 4.560226093294671, 4.562725683297105, 4.562919491390005, 4.563003434814678, 4.563018732747944, 4.565772846374856, 4.568423029138255, 4.571702535231274, 4.572641690959625, 4.576207689935128, 4.576627040115529, 4.578096992800235, 4.578309275567273, 4.578310177828015, 4.583711675725652, 4.58415797211473, 4.584421689435925, 4.586193231338104, 4.586538036827972, 4.5868915905699446, 4.58797570650626, 4.594975166498485, 4.595585800018994, 4.595914140275979, 4.613128666203216, 4.6134731620611396, 4.616097434283315, 4.672764309793769, 4.685364140436978]"
"50,5,50,5","[4.357881095499521, 4.487752838374654, 4.493193281236086, 4.502014441017692, 4.504090005143128, 4.5054981854860126, 4.508301641366075, 4.517005363509202, 4.523031086098361, 4.532527485418118, 4.533000193001826, 4.534103065868266, 4.535314153446733, 4.536895998610259, 4.538284209370021, 4.539495199643613, 4.543210081705007, 4.543507645327275, 4.548234462822413, 4.552090286556395, 4.556414783844552, 4.560226093294671, 4.562725683297105, 4.562919491390005, 4.563003434814678, 4.563018732747944, 4.565772846374856, 4.568423029138255, 4.571702535231274, 4.572641690959625, 4.576207689935128, 4.576627040115529, 4.578096992800235, 4.578309275567273, 4.578310177828015, 4.583711675725652, 4.58415797211473, 4.584421689435925, 4.586193231338104, 4.586538036827972, 4.5868915905699446, 4.58797570650626, 4.594975166498485, 4.595585800018994, 4.595914140275979, 4.613128666203216, 4.6134731620611396, 4.616097434283315, 4.672764309793769, 4.685364140436978]"
"50,5,50,10","[4.357881095499521, 4.487752838374654, 4.493193281236086, 4.502014441017692, 4.504090005143128, 4.5054981854860126, 4.508301641366075, 4.517005363509202, 4.523031086098361, 4.532527485418118, 4.533000193001826, 4.534103065868266, 4.535314153446733, 4.536895998610259, 4.538284209370021, 4.539495199643613, 4.543210081705007, 4.543507645327275, 4.548234462822413, 4.552090286556395, 4.556414783844552, 4.560226093294671, 4.562725683297105, 4.562919491390005, 4.563003434814678, 4.563018732747944, 4.565772846374856, 4.568423029138255, 4.571702535231274, 4.572641690959625, 4.576207689935128, 4.576627040115529, 4.578096992800235, 4.578309275567273, 4.578310177828015, 4.583711675725652, 4.58415797211473, 4.584421689435925, 4.586193231338104, 4.586538036827972, 4.5868915905699446, 4.58797570650626, 4.594975166498485, 4.595585800018994, 4.595914140275979, 4.613128666203216, 4.6134731620611396, 4.616097434283315, 4.672764309793769, 4.685364140436978]"
"50,5,50,50","[4.357881095499521, 4.487752838374654, 4.493193281236086, 4.502014441017692, 4.504090005143128, 4.5054981854860126, 4.508301641366075, 4.517005363509202, 4.523031086098361, 4.532527485418118, 4.533000193001826, 4.534103065868266, 4.535314153446733, 4.536895998610259, 4.538284209370021, 4.539495199643613, 4.543210081705007, 4.543507645327275, 4.548234462822413, 4.552090286556395, 4.556414783844552, 4.560226093294671, 4.562725683297105, 4.562919491390005, 4.563003434814678, 4.563018732747944, 4.565772846374856, 4.568423029138255, 4.571702535231274, 4.572641690959625, 4.576207689935128, 4.576627040115529, 4.578096992800235, 4.578309275567273, 4.578310177828015, 4.583711675725652, 4.58415797211473, 4.584421689435925, 4.586193231338104, 4.586538036827972, 4.5868915905699446, 4.58797570650626, 4.594975166498485, 4.595585800018994, 4.595914140275979, 4.613128666203216, 4.6134731620611396, 4.616097434283315, 4.672764309793769, 4.685364140436978]"
"50,10,5,5","[4.357881095499521, 4.487752838374654, 4.493193281236086, 4.502014441017692, 4.504090005143128, 4.5054981854860126, 4.508301641366075, 4.517005363509202, 4.523031086098361, 4.532527485418118, 4.533000193001826, 4.534103065868266, 4.535314153446733, 4.536895998610259, 4.538284209370021, 4.539495199643613, 4.543210081705007, 4.543507645327275, 4.548234462822413, 4.552090286556395, 4.556414783844552, 4.560226093294671, 4.562725683297105, 4.562919491390005, 4.563003434814678, 4.563018732747944, 4.565772846374856, 4.568423029138255, 4.571702535231274, 4.572641690959625, 4.576207689935128, 4.576627040115529, 4.578096992800235, 4.578309275567273, 4.578310177828015, 4.583711675725652, 4.58415797211473, 4.584421689435925, 4.586193231338104, 4.586538036827972, 4.5868915905699446, 4.58797570650626, 4.594975166498485, 4.595585800018994, 4.595914140275979, 4.613128666203216, 4.6134731620611396, 4.616097434283315, 4.672764309793769, 4.685364140436978]"
"50,10,5,10","[4.4305048232041635, 4.442666415734227, 4.462187809992461, 4.462836156490107, 4.481284751033754, 4.498185065978956, 4.498629289492175, 4.500119173732072, 4.506986370976576, 4.517860972811002, 4.523830730589794, 4.5241353318896484, 4.524646844419285, 4.525247737158072, 4.5284252196703445, 4.530504253569514, 4.532082541264432, 4.533532915187144, 4.534050193986353, 4.534407336263066, 4.535175473001583, 4.535486991521284, 4.535599866493204, 4.535881037713093, 4.5361988916618605, 4.536980540233465, 4.537025644093234, 4.5371435883533175, 4.538397081854144, 4.540256501855287, 4.540471051350338, 4.541673713952252, 4.5420725546219, 4.547304101156641, 4.549378803714147, 4.556797647262066, 4.55882161329524, 4.5611898413874625, 4.561557379498026, 4.564757652779098, 4.570645737672488, 4.5709569344321315, 4.57777456891443, 4.58126808443038, 4.5821663253226514, 4.584309500752869, 4.596152015322563, 4.609298117012098, 4.613360771095467, 4.630312562104149]"
"50,10,5,50","[4.481495776507226, 4.505012047824399, 4.512853993585562, 4.528857227512931, 4.532943800437823, 4.53844259533496, 4.54840082586066, 4.555705012518842, 4.5601751433484, 4.562840067644894, 4.566035856251357, 4.566309652420355, 4.569253263313422, 4.571429902655139, 4.578052836527205, 4.578604146257846, 4.581676965753907, 4.582663280209444, 4.583013424219133, 4.583511111482586, 4.585490767621881, 4.585781826482575, 4.587071249195234, 4.589296995457912, 4.590142060957817, 4.591904078404488, 4.594295114710508, 4.594863013868936, 4.595186528081119, 4.595606824688542, 4.596017436542138, 4.5993773538141225, 4.600303535033901, 4.600912292910027, 4.601390237569787, 4.603142579609248, 4.603486487135161, 4.605003927040749, 4.6157116989792515, 4.616325019495301, 4.618998058270164, 4.635602926997849, 4.647731588912327, 4.648899053444486, 4.673638248617688, 4.678204067513983, 4.6820356111959525, 4.684220530011776, 4.688256342506984, 4.689822143326789]"
"50,10,10,5","[4.4305048232041635, 4.442666415734227, 4.462187809992461, 4.462836156490107, 4.481284751033754, 4.498185065978956, 4.498629289492175, 4.500119173732072, 4.506986370976576, 4.517860972811002, 4.523830730589794, 4.5241353318896484, 4.524646844419285, 4.525247737158072, 4.5284252196703445, 4.530504253569514, 4.532082541264432, 4.533532915187144, 4.534050193986353, 4.534407336263066, 4.535175473001583, 4.535486991521284, 4.535599866493204, 4.535881037713093, 4.5361988916618605, 4.536980540233465, 4.537025644093234, 4.5371435883533175, 4.538397081854144, 4.540256501855287, 4.540471051350338, 4.541673713952252, 4.5420725546219, 4.547304101156641, 4.549378803714147, 4.556797647262066, 4.55882161329524, 4.5611898413874625, 4.561557379498026, 4.564757652779098, 4.570645737672488, 4.5709569344321315, 4.57777456891443, 4.58126808443038, 4.5821663253226514, 4.584309500752869, 4.596152015322563, 4.609298117012098, 4.613360771095467, 4.630312562104149]"
"50,10,10,10","[4.4305048232041635, 4.442666415734227, 4.462187809992461, 4.462836156490107, 4.481284751033754, 4.498185065978956, 4.498629289492175, 4.500119173732072, 4.506986370976576, 4.517860972811002, 4.523830730589794, 4.5241353318896484, 4.524646844419285, 4.525247737158072, 4.5284252196703445, 4.530504253569514, 4.532082541264432, 4.533532915187144, 4.534050193986353, 4.534407336263066, 4.535175473001583, 4.535486991521284, 4.535599866493204, 4.535881037713093, 4.5361988916618605, 4.536980540233465, 4.537025644093234, 4.5371435883533175, 4.538397081854144, 4.540256501855287, 4.540471051350338, 4.541673713952252, 4.5420725546219, 4.547304101156641, 4.549378803714147, 4.556797647262066, 4.55882161329524, 4.5611898413874625, 4.561557379498026, 4.564757652779098, 4.570645737672488, 4.5709569344321315, 4.57777456891443, 4.58126808443038, 4.5821663253226514, 4.584309500752869, 4.596152015322563, 4.609298117012098, 4.613360771095467, 4.630312562104149]"
"50,10,10,50","[4.4305048232041635, 4.442666415734227, 4.462187809992461, 4.462836156490107, 4.481284751033754, 4.498185065978956, 4.498629289492175, 4.500119173732072, 4.506986370976576, 4.517860972811002, 4.523830730589794, 4.5241353318896484, 4.524646844419285, 4.525247737158072, 4.5284252196703445, 4.530504253569514, 4.532082541264432, 4.533532915187144, 4.534050193986353, 4.534407336263066, 4.535175473001583, 4.535486991521284, 4.535599866493204, 4.535881037713093, 4.5361988916618605, 4.536980540233465, 4.537025644093234, 4.5371435883533175, 4.538397081854144, 4.540256501855287, 4.540471051350338, 4.541673713952252, 4.5420725546219, 4.547304101156641, 4.549378803714147, 4.556797647262066, 4.55882161329524, 4.5611898413874625, 4.561557379498026, 4.564757652779098, 4.570645737672488, 4.5709569344321315, 4.57777456891443, 4.58126808443038, 4.5821663253226514, 4.584309500752869, 4.596152015322563, 4.609298117012098, 4.613360771095467, 4.630312562104149]"
"50,10,50,5","[4.4305048232041635, 4.442666415734227, 4.462187809992461, 4.462836156490107, 4.481284751033754, 4.498185065978956, 4.498629289492175, 4.500119173732072, 4.506986370976576, 4.517860972811002, 4.523830730589794, 4.5241353318896484, 4.524646844419285, 4.525247737158072, 4.5284252196703445, 4.530504253569514, 4.532082541264432, 4.533532915187144, 4.534050193986353, 4.534407336263066, 4.535175473001583, 4.535486991521284, 4.535599866493204, 4.535881037713093, 4.5361988916618605, 4.536980540233465, 4.537025644093234, 4.5371435883533175, 4.538397081854144, 4.540256501855287, 4.540471051350338, 4.541673713952252, 4.5420725546219, 4.547304101156641, 4.549378803714147, 4.556797647262066, 4.55882161329524, 4.5611898413874625, 4.561557379498026, 4.564757652779098, 4.570645737672488, 4.5709569344321315, 4.57777456891443, 4.58126808443038, 4.5821663253226514, 4.584309500752869, 4.596152015322563, 4.609298117012098, 4.613360771095467, 4.630312562104149]"
"50,10,50,10","[4.4305048232041635, 4.442666415734227, 4.462187809992461, 4.462836156490107, 4.481284751033754, 4.498185065978956, 4.498629289492175, 4.500119173732072, 4.506986370976576, 4.517860972811002, 4.523830730589794, 4.5241353318896484, 4.524646844419285, 4.525247737158072, 4.5284252196703445, 4.530504253569514, 4.532082541264432, 4.533532915187144, 4.534050193986353, 4.534407336263066, 4.535175473001583, 4.535486991521284, 4.535599866493204, 4.535881037713093, 4.5361988916618605, 4.536980540233465, 4.537025644093234, 4.5371435883533175, 4.538397081854144, 4.540256501855287, 4.540471051350338, 4.541673713952252, 4.5420725546219, 4.547304101156641, 4.549378803714147, 4.556797647262066, 4.55882161329524, 4.5611898413874625, 4.561557379498026, 4.564757652779098, 4.570645737672488, 4.5709569344321315, 4.57777456891443, 4.58126808443038, 4.5821663253226514, 4.584309500752869, 4.596152015322563, 4.609298117012098, 4.613360771095467, 4.630312562104149]"
"50,10,50,50","[4.4305048232041635, 4.442666415734227, 4.462187809992461, 4.462836156490107, 4.481284751033754, 4.498185065978956, 4.498629289492175, 4.500119173732072, 4.506986370976576, 4.517860972811002, 4.523830730589794, 4.5241353318896484, 4.524646844419285, 4.525247737158072, 4.5284252196703445, 4.530504253569514, 4.532082541264432, 4.533532915187144, 4.534050193986353, 4.534407336263066, 4.535175473001583, 4.535486991521284, 4.535599866493204, 4.535881037713093, 4.5361988916618605, 4.536980540233465, 4.537025644093234, 4.5371435883533175, 4.538397081854144, 4.540256501855287, 4.540471051350338, 4.541673713952252, 4.5420725546219, 4.547304101156641, 4.549378803714147, 4.556797647262066, 4.55882161329524, 4.5611898413874625, 4.561557379498026, 4.564757652779098, 4.570645737672488, 4.5709569344321315, 4.57777456891443, 4.58126808443038, 4.5821663253226514, 4.584309500752869, 4.596152015322563, 4.609298117012098, 4.613360771095467, 4.630312562104149]"
"50,50,5,5","[4.511142118154705, 4.519388701854295, 4.5203756826663115, 4.540703973306445, 4.5557043178023475, 4.557788410724254, 4.564949779214957, 4.56523202258268, 4.565914329703691, 4.572613905204054, 4.572771850464397, 4.5731219198734525, 4.573613202057572, 4.575148192329275, 4.5756148769628675, 4.578817075775051, 4.579597504807011, 4.581013731085986, 4.581531614016203, 4.582181448061641, 4.583179750089925, 4.583406780355557, 4.583536470226631, 4.583565645740079, 4.585139771787778, 4.585530024816076, 4.586502119731214, 4.586647190481975, 4.586665137519702, 4.587193894375029, 4.58908212855678, 4.592097915155895, 4.592697976722801, 4.595674787234798, 4.595781730625695, 4.598082404112712, 4.60220192562262, 4.602379728269488, 4.605269403085938, 4.606460905867166, 4.609510980655897, 4.61622216711086, 4.618355733426277, 4.618748959182181, 4.624947213690407, 4.629223707614526, 4.634448048181837, 4.642051539364508, 4.653208895521005, 4.669845910633615]"
"50,50,5,10","[4.387956045609487, 4.434519363781891, 4.453866408358129, 4.457437118826664, 4.457604968587125, 4.458064298551876, 4.466511113453334, 4.467747985864203, 4.47289747214314, 4.480461818758637, 4.480716962266451, 4.482348181422629, 4.483337833735025, 4.483783124023165, 4.484043483121166, 4.48419462942778, 4.484752577065261, 4.485459834204421, 4.485871433992597, 4.486505845687783, 4.48664134219193, 4.488263153244717, 4.489731854620548, 4.490212195598685, 4.491000550789192, 4.492043672621556, 4.492564657375173, 4.492665087919054, 4.4933736985975905, 4.494302374962038, 4.494320621687037, 4.495543628846762, 4.496799518242215, 4.498421766691208, 4.499480625264398, 4.501981856562416, 4.502489485436022, 4.506034064705717, 4.506245900662376, 4.508555242695762, 4.509198440546882, 4.5111160705000755, 4.511763220913885, 4.516018330405722, 4.518258930985883, 4.522473961900166, 4.539223894590359, 4.548574430484325, 4.548900119072112, 4.565637316809438]"
"50,50,5,50","[4.511142118154705, 4.519388701854295, 4.5203756826663115, 4.540703973306445, 4.5557043178023475, 4.557788410724254, 4.564949779214957, 4.56523202258268, 4.565914329703691, 4.572613905204054, 4.572771850464397, 4.5731219198734525, 4.573613202057572, 4.575148192329275, 4.5756148769628675, 4.578817075775051, 4.579597504807011, 4.581013731085986, 4.581531614016203, 4.582181448061641, 4.583179750089925, 4.583406780355557, 4.583536470226631, 4.583565645740079, 4.585139771787778, 4.585530024816076, 4.586502119731214, 4.586647190481975, 4.586665137519702, 4.587193894375029, 4.58908212855678, 4.592097915155895, 4.592697976722801, 4.595674787234798, 4.595781730625695, 4.598082404112712, 4.60220192562262, 4.602379728269488, 4.605269403085938, 4.606460905867166, 4.609510980655897, 4.61622216711086, 4.618355733426277, 4.618748959182181, 4.624947213690407, 4.629223707614526, 4.634448048181837, 4.642051539364508, 4.653208895521005, 4.669845910633615]"
"50,50,10,5","[4.511142118154705, 4.519388701854295, 4.5203756826663115, 4.540703973306445, 4.5557043178023475, 4.557788410724254, 4.564949779214957, 4.56523202258268, 4.565914329703691, 4.572613905204054, 4.572771850464397, 4.5731219198734525, 4.573613202057572, 4.575148192329275, 4.5756148769628675, 4.578817075775051, 4.579597504807011, 4.581013731085986, 4.581531614016203, 4.582181448061641, 4.583179750089925, 4.583406780355557, 4.583536470226631, 4.583565645740079, 4.585139771787778, 4.585530024816076, 4.586502119731214, 4.586647190481975, 4.586665137519702, 4.587193894375029, 4.58908212855678, 4.592097915155895, 4.592697976722801, 4.595674787234798, 4.595781730625695, 4.598082404112712, 4.60220192562262, 4.602379728269488, 4.605269403085938, 4.606460905867166, 4.609510980655897, 4.61622216711086, 4.618355733426277, 4.618748959182181, 4.624947213690407, 4.629223707614526, 4.634448048181837, 4.642051539364508, 4.653208895521005, 4.669845910633615]"
"50,50,10,10","[4.511142118154705, 4.519388701854295, 4.5203756826663115, 4.540703973306445, 4.5557043178023475, 4.557788410724254, 4.564949779214957, 4.56523202258268, 4.565914329703691, 4.572613905204054, 4.572771850464397, 4.5731219198734525, 4.573613202057572, 4.575148192329275, 4.5756148769628675, 4.578817075775051, 4.579597504807011, 4.581013731085986, 4.581531614016203, 4.582181448061641, 4.583179750089925, 4.583406780355557, 4.583536470226631, 4.583565645740079, 4.585139771787778, 4.585530024816076, 4.586502119731214, 4.586647190481975, 4.586665137519702, 4.587193894375029, 4.58908212855678, 4.592097915155895, 4.592697976722801, 4.595674787234798, 4.595781730625695, 4.598082404112712, 4.60220192562262, 4.602379728269488, 4.605269403085938, 4.606460905867166, 4.609510980655897, 4.61622216711086, 4.618355733426277, 4.618748959182181, 4.624947213690407, 4.629223707614526, 4.634448048181837, 4.642051539364508, 4.653208895521005, 4.669845910633615]"
"50,50,10,50","[4.511142118154705, 4.519388701854295, 4.5203756826663115, 4.540703973306445, 4.5557043178023475, 4.557788410724254, 4.564949779214957, 4.56523202258268, 4.565914329703691, 4.572613905204054, 4.572771850464397, 4.5731219198734525, 4.573613202057572, 4.575148192329275, 4.5756148769628675, 4.578817075775051, 4.579597504807011, 4.581013731085986, 4.581531614016203, 4.582181448061641, 4.583179750089925, 4.583406780355557, 4.583536470226631, 4.583565645740079, 4.585139771787778, 4.585530024816076, 4.586502119731214, 4.586647190481975, 4.586665137519702, 4.587193894375029, 4.58908212855678, 4.592097915155895, 4.592697976722801, 4.595674787234798, 4.595781730625695, 4.598082404112712, 4.60220192562262, 4.602379728269488, 4.605269403085938, 4.606460905867166, 4.609510980655897, 4.61622216711086, 4.618355733426277, 4.618748959182181, 4.624947213690407, 4.629223707614526, 4.634448048181837, 4.642051539364508, 4.653208895521005, 4.669845910633615]"
"50,50,50,5","[4.511142118154705, 4.519388701854295, 4.5203756826663115, 4.540703973306445, 4.5557043178023475, 4.557788410724254, 4.564949779214957, 4.56523202258268, 4.565914329703691, 4.572613905204054, 4.572771850464397, 4.5731219198734525, 4.573613202057572, 4.575148192329275, 4.5756148769628675, 4.578817075775051, 4.579597504807011, 4.581013731085986, 4.581531614016203, 4.582181448061641, 4.583179750089925, 4.583406780355557, 4.583536470226631, 4.583565645740079, 4.585139771787778, 4.585530024816076, 4.586502119731214, 4.586647190481975, 4.586665137519702, 4.587193894375029, 4.58908212855678, 4.592097915155895, 4.592697976722801, 4.595674787234798, 4.595781730625695, 4.598082404112712, 4.60220192562262, 4.602379728269488, 4.605269403085938, 4.606460905867166, 4.609510980655897, 4.61622216711086, 4.618355733426277, 4.618748959182181, 4.624947213690407, 4.629223707614526, 4.634448048181837, 4.642051539364508, 4.653208895521005, 4.669845910633615]"
"50,50,50,10","[4.511142118154705, 4.519388701854295, 4.5203756826663115, 4.540703973306445, 4.5557043178023475, 4.557788410724254, 4.564949779214957, 4.56523202258268, 4.565914329703691, 4.572613905204054, 4.572771850464397, 4.5731219198734525, 4.573613202057572, 4.575148192329275, 4.5756148769628675, 4.578817075775051, 4.579597504807011, 4.581013731085986, 4.581531614016203, 4.582181448061641, 4.583179750089925, 4.583406780355557, 4.583536470226631, 4.583565645740079, 4.585139771787778, 4.585530024816076, 4.586502119731214, 4.586647190481975, 4.586665137519702, 4.587193894375029, 4.58908212855678, 4.592097915155895, 4.592697976722801, 4.595674787234798, 4.595781730625695, 4.598082404112712, 4.60220192562262, 4.602379728269488, 4.605269403085938, 4.606460905867166, 4.609510980655897, 4.61622216711086, 4.618355733426277, 4.618748959182181, 4.624947213690407, 4.629223707614526, 4.634448048181837, 4.642051539364508, 4.653208895521005, 4.669845910633615]"
"50,50,50,50","[4.515369162591711, 4.542965774198694, 4.549842649561346, 4.550441543140449, 4.550988853924556, 4.555499246227605, 4.562947809120677, 4.567790162819018, 4.574472355830321, 4.583103744530694, 4.583584767977894, 4.586994381618121, 4.587032091365241, 4.589357256629564, 4.5896339270724, 4.590318754858557, 4.59033580134416, 4.590813066032402, 4.593502696064691, 4.596503463477015, 4.596601537599539, 4.598002658334848, 4.598872906674672, 4.599010950574989, 4.5992414526841525, 4.59945225978422, 4.600971567933959, 4.6012370650137315, 4.602069863561257, 4.608026574913238, 4.608074175646803, 4.608193310181393, 4.608589486523723, 4.609323023249039, 4.609923072760588, 4.612984338541881, 4.617759161244262, 4.621386775543471, 4.624718551215952, 4.629162830319185, 4.629961961812481, 4.629991020434964, 4.633923209891771, 4.634603065483813, 4.635675998047116, 4.643694117983993, 4.652282128807971, 4.658142926057913, 4.664978497031905, 4.673870178287805]"
